2026-08-29 09:30:31,967 INFO o.a.j.u.JMeterUtils: Setting Locale to en_EN
2026-08-29 09:30:32,002 INFO o.a.j.JMeter: Loading user properties from: /opt/apache-jmeter-5.5/bin/user.properties
2026-08-29 09:30:32,005 INFO o.a.j.JMeter: Loading system properties from: /opt/apache-jmeter-5.5/bin/system.properties
2026-08-29 09:30:32,008 INFO o.a.j.JMeter: Setting System property: log4j2.formatMsgNoLookups=true
2026-08-29 09:30:32,010 INFO o.a.j.JMeter: Setting JMeter property: host=localhost
2026-08-29 09:30:32,011 INFO o.a.j.JMeter: Setting JMeter property: port=8080
2026-08-29 09:30:32,013 INFO o.a.j.JMeter: Setting JMeter property: users=1000
2026-08-29 09:30:32,014 INFO o.a.j.JMeter: Setting JMeter property: rampUp=100
2026-08-29 09:30:32,015 INFO o.a.j.JMeter: Setting JMeter property: loops=1
2026-08-29 09:30:32,029 INFO o.a.j.JMeter: Copyright (c) 1998-2022 The Apache Software Foundation
2026-08-29 09:30:32,031 INFO o.a.j.JMeter: Version 5.5
2026-08-29 09:30:32,032 INFO o.a.j.JMeter: java.version=1.8.0_275
2026-08-29 09:30:32,033 INFO o.a.j.JMeter: java.vm.name=OpenJDK 64-Bit Server VM
2026-08-29 09:30:32,035 INFO o.a.j.JMeter: os.name=Linux
2026-08-29 09:30:32,036 INFO o.a.j.JMeter: os.arch=amd64
2026-08-29 09:30:32,037 INFO o.a.j.JMeter: os.version=6.18.33.2-microsoft-standard-WSL2
2026-08-29 09:30:32,039 INFO o.a.j.JMeter: file.encoding=UTF-8
2026-08-29 09:30:32,040 INFO o.a.j.JMeter: java.awt.headless=true
2026-08-29 09:30:32,041 INFO o.a.j.JMeter: Max memory     =9571401728
2026-08-29 09:30:32,042 INFO o.a.j.JMeter: Available Processors =22
2026-08-29 09:30:32,053 INFO o.a.j.JMeter: Default Locale=English (EN)
2026-08-29 09:30:32,055 INFO o.a.j.JMeter: JMeter  Locale=English (EN)
2026-08-29 09:30:32,056 INFO o.a.j.JMeter: JMeterHome=/opt/apache-jmeter-5.5
2026-08-29 09:30:32,057 INFO o.a.j.JMeter: user.dir  =/opt/apache-jmeter-5.5
2026-08-29 09:30:32,059 INFO o.a.j.JMeter: PWD       =/opt/apache-jmeter-5.5
2026-08-29 09:30:32,187 INFO o.a.j.JMeter: IP: 192.168.65.3 Name: docker-desktop FullName: 192.168.65.3
2026-08-29 09:30:32,225 INFO o.a.j.JMeter: Setting property 'jmeter.reportgenerator.outputdir' to:'/perf/html-report'
2026-08-29 09:30:32,233 INFO o.a.j.s.FileServer: Default base='/opt/apache-jmeter-5.5'
2026-08-29 09:30:32,236 INFO o.a.j.s.FileServer: Set new base='/perf'
2026-08-29 09:30:32,436 INFO o.a.j.s.SaveService: Testplan (JMX) version: 2.2. Testlog (JTL) version: 2.2
2026-08-29 09:30:32,464 INFO o.a.j.s.SaveService: Using SaveService properties file encoding UTF-8
2026-08-29 09:30:32,473 INFO o.a.j.s.SaveService: Using SaveService properties version 5.0
2026-08-29 09:30:32,486 INFO o.a.j.s.SaveService: Loading file: /perf/customer-index-perf-test.jmx
2026-08-29 09:30:32,548 INFO o.a.j.p.h.c.CookieManager: Settings: Delete null: true Check: true Allow variable: true Save: false Prefix: COOKIE_
2026-08-29 09:30:32,582 INFO o.a.j.p.h.s.HTTPSamplerBase: Parser for text/html is org.apache.jmeter.protocol.http.parser.LagartoBasedHtmlParser
2026-08-29 09:30:32,584 INFO o.a.j.p.h.s.HTTPSamplerBase: Parser for application/xhtml+xml is org.apache.jmeter.protocol.http.parser.LagartoBasedHtmlParser
2026-08-29 09:30:32,585 INFO o.a.j.p.h.s.HTTPSamplerBase: Parser for application/xml is org.apache.jmeter.protocol.http.parser.LagartoBasedHtmlParser
2026-08-29 09:30:32,586 INFO o.a.j.p.h.s.HTTPSamplerBase: Parser for text/xml is org.apache.jmeter.protocol.http.parser.LagartoBasedHtmlParser
2026-08-29 09:30:32,587 INFO o.a.j.p.h.s.HTTPSamplerBase: Parser for text/vnd.wap.wml is org.apache.jmeter.protocol.http.parser.RegexpHTMLParser
2026-08-29 09:30:32,589 INFO o.a.j.p.h.s.HTTPSamplerBase: Parser for text/css is org.apache.jmeter.protocol.http.parser.CssParser
2026-08-29 09:30:33,155 INFO o.a.j.JMeter: Creating summariser <summary>
2026-08-29 09:30:33,167 INFO o.a.j.r.d.ReportGenerator: ReportGenerator will use for Parsing the separator: ','
2026-08-29 09:30:33,169 INFO o.a.j.r.d.ReportGenerator: Will generate report at end of test from  results file: /perf/results.jtl
2026-08-29 09:30:33,170 INFO o.a.j.r.d.ReportGenerator: Reading report generator properties from: /opt/apache-jmeter-5.5/bin/reportgenerator.properties
2026-08-29 09:30:33,173 INFO o.a.j.r.d.ReportGenerator: Merging with JMeter properties
2026-08-29 09:30:33,182 INFO o.a.j.r.c.ReportGeneratorConfiguration: Property 'jmeter.reportgenerator.temp_dir' not found, using default value 'temp' instead.
2026-08-29 09:30:33,189 INFO o.a.j.r.c.ReportGeneratorConfiguration: Property 'jmeter.reportgenerator.apdex_per_transaction' not found, using default value 'null' instead.
2026-08-29 09:30:33,191 INFO o.a.j.r.c.ReportGeneratorConfiguration: apdex_per_transaction is empty, not APDEX per transaction customization
2026-08-29 09:30:33,193 INFO o.a.j.r.c.ReportGeneratorConfiguration: Property 'jmeter.reportgenerator.sample_filter' not found, using default value 'null' instead.
2026-08-29 09:30:33,194 INFO o.a.j.r.c.ReportGeneratorConfiguration: Property 'jmeter.reportgenerator.report_title' not found, using default value 'null' instead.
2026-08-29 09:30:33,195 INFO o.a.j.r.c.ReportGeneratorConfiguration: Property 'jmeter.reportgenerator.start_date' not found, using default value 'null' instead.
2026-08-29 09:30:33,196 INFO o.a.j.r.c.ReportGeneratorConfiguration: Property 'jmeter.reportgenerator.end_date' not found, using default value 'null' instead.
2026-08-29 09:30:33,197 INFO o.a.j.r.c.ReportGeneratorConfiguration: Property 'jmeter.reportgenerator.date_format' not found, using default value 'null' instead.
2026-08-29 09:30:33,199 INFO o.a.j.r.c.ReportGeneratorConfiguration: Will use date range start date: null, end date: null
2026-08-29 09:30:33,212 INFO o.a.j.r.c.ReportGeneratorConfiguration: Property 'jmeter.reportgenerator.graph.totalTPS.exclude_controllers' not found, using default value 'false' instead.
2026-08-29 09:30:33,214 INFO o.a.j.r.c.ReportGeneratorConfiguration: Property 'jmeter.reportgenerator.graph.activeThreadsOverTime.exclude_controllers' not found, using default value 'false' instead.
2026-08-29 09:30:33,215 INFO o.a.j.r.c.ReportGeneratorConfiguration: Property 'jmeter.reportgenerator.graph.timeVsThreads.exclude_controllers' not found, using default value 'false' instead.
2026-08-29 09:30:33,216 INFO o.a.j.r.c.ReportGeneratorConfiguration: Property 'jmeter.reportgenerator.graph.responseTimeDistribution.exclude_controllers' not found, using default value 'false' instead.
2026-08-29 09:30:33,218 INFO o.a.j.r.c.ReportGeneratorConfiguration: Property 'jmeter.reportgenerator.graph.transactionsPerSecond.exclude_controllers' not found, using default value 'false' instead.
2026-08-29 09:30:33,219 INFO o.a.j.r.c.ReportGeneratorConfiguration: Property 'jmeter.reportgenerator.graph.responseTimePercentiles.exclude_controllers' not found, using default value 'false' instead.
2026-08-29 09:30:33,222 INFO o.a.j.r.c.ReportGeneratorConfiguration: Property 'jmeter.reportgenerator.graph.responseTimePercentilesOverTime.exclude_controllers' not found, using default value 'false' instead.
2026-08-29 09:30:33,223 INFO o.a.j.r.c.ReportGeneratorConfiguration: Property 'jmeter.reportgenerator.graph.responseTimesOverTime.exclude_controllers' not found, using default value 'false' instead.
2026-08-29 09:30:33,225 INFO o.a.j.r.c.ReportGeneratorConfiguration: Property 'jmeter.reportgenerator.graph.connectTimeOverTime.exclude_controllers' not found, using default value 'false' instead.
2026-08-29 09:30:33,227 INFO o.a.j.r.c.ReportGeneratorConfiguration: Property 'jmeter.reportgenerator.graph.latenciesOverTime.exclude_controllers' not found, using default value 'false' instead.
2026-08-29 09:30:33,230 INFO o.a.j.r.c.ReportGeneratorConfiguration: Property 'jmeter.reportgenerator.exporter.json.filters_only_sample_series' not found, using default value 'true' instead.
2026-08-29 09:30:33,232 INFO o.a.j.r.c.ReportGeneratorConfiguration: Property 'jmeter.reportgenerator.exporter.json.series_filter' not found, using default value '' instead.
2026-08-29 09:30:33,233 INFO o.a.j.r.c.ReportGeneratorConfiguration: Property 'jmeter.reportgenerator.exporter.json.show_controllers_only' not found, using default value 'false' instead.
2026-08-29 09:30:33,236 INFO o.a.j.r.c.ReportGeneratorConfiguration: Property 'jmeter.reportgenerator.exporter.html.filters_only_sample_series' not found, using default value 'true' instead.
2026-08-29 09:30:33,238 INFO o.a.j.r.c.ReportGeneratorConfiguration: Property 'jmeter.reportgenerator.exporter.html.series_filter' not found, using default value '' instead.
2026-08-29 09:30:33,239 INFO o.a.j.r.c.ReportGeneratorConfiguration: Property 'jmeter.reportgenerator.exporter.html.show_controllers_only' not found, using default value 'false' instead.
2026-08-29 09:30:33,253 INFO o.a.j.e.StandardJMeterEngine: Running the test!
2026-08-29 09:30:33,256 INFO o.a.j.s.SampleEvent: List of sample_variables: []
2026-08-29 09:30:33,257 INFO o.a.j.s.SampleEvent: List of sample_variables: []
2026-08-29 09:30:33,267 INFO o.a.j.e.u.CompoundVariable: Note: Function class names must contain the string: '.functions.'
2026-08-29 09:30:33,268 INFO o.a.j.e.u.CompoundVariable: Note: Function class names must not contain the string: '.gui.'
2026-08-29 09:30:33,681 INFO o.a.j.JMeter: Running test (1787988633681)
2026-08-29 09:30:33,807 INFO o.a.j.e.StandardJMeterEngine: Starting ThreadGroup: 1 : Customer Index Page - 1000 Users
2026-08-29 09:30:33,809 INFO o.a.j.e.StandardJMeterEngine: Starting 1000 threads for group Customer Index Page - 1000 Users.
2026-08-29 09:30:33,810 INFO o.a.j.e.StandardJMeterEngine: Thread will continue on error
2026-08-29 09:30:33,812 INFO o.a.j.t.ThreadGroup: Starting thread group... number=1 threads=1000 ramp-up=100 delayedStart=false
2026-08-29 09:30:33,822 INFO o.a.j.t.JMeterThread: Thread started: Customer Index Page - 1000 Users 1-1
2026-08-29 09:30:33,862 INFO o.a.j.p.h.s.HTTPHCAbstractImpl: Local host = docker-desktop
2026-08-29 09:30:33,871 INFO o.a.j.p.h.s.HTTPHC4Impl: HTTP request retry count = 0
2026-08-29 09:30:33,875 INFO o.a.j.s.SampleResult: Note: Sample TimeStamps are START times
2026-08-29 09:30:33,877 INFO o.a.j.s.SampleResult: sampleresult.default.encoding is set to ISO-8859-1
2026-08-29 09:30:33,878 INFO o.a.j.s.SampleResult: sampleresult.useNanoTime=true
2026-08-29 09:30:33,880 INFO o.a.j.s.SampleResult: sampleresult.nanoThreadSleep=5000
2026-08-29 09:30:33,917 INFO o.a.j.t.JMeterThread: Thread started: Customer Index Page - 1000 Users 1-2
2026-08-29 09:30:34,016 INFO o.a.j.t.JMeterThread: Thread started: Customer Index Page - 1000 Users 1-3
2026-08-29 09:30:34,116 INFO o.a.j.t.JMeterThread: Thread started: Customer Index Page - 1000 Users 1-4
2026-08-29 09:30:34,125 INFO o.a.j.r.Summariser: summary +      1 in 00:00:00 =    2.3/s Avg:    89 Min:    89 Max:    89 Err:     0 (0.00%) Active: 4 Started: 4 Finished: 0
2026-08-29 09:30:34,194 INFO o.a.j.t.JMeterThread: Thread is done: Customer Index Page - 1000 Users 1-4
2026-08-29 09:30:34,194 INFO o.a.j.t.JMeterThread: Thread is done: Customer Index Page - 1000 Users 1-3
2026-08-29 09:30:34,196 INFO o.a.j.t.JMeterThread: Thread finished: Customer Index Page - 1000 Users 1-4
2026-08-29 09:30:34,196 INFO o.a.j.t.JMeterThread: Thread finished: Customer Index Page - 1000 Users 1-3
2026-08-29 09:30:34,216 INFO o.a.j.t.JMeterThread: Thread started: Customer Index Page - 1000 Users 1-5
2026-08-29 09:30:34,223 INFO o.a.j.t.JMeterThread: Thread is done: Customer Index Page - 1000 Users 1-2
2026-08-29 09:30:34,224 INFO o.a.j.t.JMeterThread: Thread is done: Customer Index Page - 1000 Users 1-1
2026-08-29 09:30:34,226 INFO o.a.j.t.JMeterThread: Thread finished: Customer Index Page - 1000 Users 1-2
2026-08-29 09:30:34,228 INFO o.a.j.t.JMeterThread: Thread finished: Customer Index Page - 1000 Users 1-1
2026-08-29 09:30:34,262 INFO o.a.j.t.JMeterThread: Thread is done: Customer Index Page - 1000 Users 1-5
2026-08-29 09:30:34,264 INFO o.a.j.t.JMeterThread: Thread finished: Customer Index Page - 1000 Users 1-5
2026-08-29 09:30:34,316 INFO o.a.j.t.JMeterThread: Thread started: Customer Index Page - 1000 Users 1-6
2026-08-29 09:30:34,354 INFO o.a.j.t.JMeterThread: Thread is done: Customer Index Page - 1000 Users 1-6
2026-08-29 09:30:34,356 INFO o.a.j.t.JMeterThread: Thread finished: Customer Index Page - 1000 Users 1-6
2026-08-29 09:30:34,416 INFO o.a.j.t.JMeterThread: Thread started: Customer Index Page - 1000 Users 1-7
2026-08-29 09:30:34,461 INFO o.a.j.t.JMeterThread: Thread is done: Customer Index Page - 1000 Users 1-7
2026-08-29 09:30:34,463 INFO o.a.j.t.JMeterThread: Thread finished: Customer Index Page - 1000 Users 1-7
2026-08-29 09:30:34,491 INFO o.a.j.t.ThreadGroup: Started thread group number 1
2026-08-29 09:30:34,495 INFO o.a.j.e.StandardJMeterEngine: All thread groups have been started
2026-08-29 09:30:34,515 INFO o.a.j.t.JMeterThread: Thread started: Customer Index Page - 1000 Users 1-8
2026-08-29 09:30:34,558 INFO o.a.j.t.JMeterThread: Thread is done: Customer Index Page - 1000 Users 1-8
2026-08-29 09:30:34,560 INFO o.a.j.t.JMeterThread: Thread finished: Customer Index Page - 1000 Users 1-8
2026-08-29 09:30:34,614 INFO o.a.j.t.JMeterThread: Thread started: Customer Index Page - 1000 Users 1-9
2026-08-29 09:30:34,714 INFO o.a.j.t.JMeterThread: Thread started: Customer Index Page - 1000 Users 1-10
2026-08-29 09:30:34,737 INFO o.a.j.t.JMeterThread: Thread is done: Customer Index Page - 1000 Users 1-9
2026-08-29 09:30:34,739 INFO o.a.j.t.JMeterThread: Thread finished: Customer Index Page - 1000 Users 1-9
2026-08-29 09:30:34,753 INFO o.a.j.t.JMeterThread: Thread is done: Customer Index Page - 1000 Users 1-10
2026-08-29 09:30:34,755 INFO o.a.j.t.JMeterThread: Thread finished: Customer Index Page - 1000 Users 1-10
2026-08-29 09:30:34,816 INFO o.a.j.t.JMeterThread: Thread started: Customer Index Page - 1000 Users 1-11
2026-08-29 09:30:34,857 INFO o.a.j.t.JMeterThread: Thread is done: Customer Index Page - 1000 Users 1-11
2026-08-29 09:30:34,859 INFO o.a.j.t.JMeterThread: Thread finished: Customer Index Page - 1000 Users 1-11
2026-08-29 09:30:34,915 INFO o.a.j.t.JMeterThread: Thread started: Customer Index Page - 1000 Users 1-12
2026-08-29 09:30:34,968 INFO o.a.j.t.JMeterThread: Thread is done: Customer Index Page - 1000 Users 1-12
2026-08-29 09:30:34,970 INFO o.a.j.t.JMeterThread: Thread finished: Customer Index Page - 1000 Users 1-12
2026-08-29 09:30:35,015 INFO o.a.j.t.JMeterThread: Thread started: Customer Index Page - 1000 Users 1-13
2026-08-29 09:30:35,052 INFO o.a.j.t.JMeterThread: Thread is done: Customer Index Page - 1000 Users 1-13
2026-08-29 09:30:35,054 INFO o.a.j.t.JMeterThread: Thread finished: Customer Index Page - 1000 Users 1-13
2026-08-29 09:30:35,115 INFO o.a.j.t.JMeterThread: Thread started: Customer Index Page - 1000 Users 1-14
2026-08-29 09:30:35,149 INFO o.a.j.t.JMeterThread: Thread is done: Customer Index Page - 1000 Users 1-14
2026-08-29 09:30:35,150 INFO o.a.j.t.JMeterThread: Thread finished: Customer Index Page - 1000 Users 1-14
2026-08-29 09:30:35,213 INFO o.a.j.t.JMeterThread: Thread started: Customer Index Page - 1000 Users 1-15
2026-08-29 09:30:35,244 INFO o.a.j.t.JMeterThread: Thread is done: Customer Index Page - 1000 Users 1-15
2026-08-29 09:30:35,246 INFO o.a.j.t.JMeterThread: Thread finished: Customer Index Page - 1000 Users 1-15
2026-08-29 09:30:35,315 INFO o.a.j.t.JMeterThread: Thread started: Customer Index Page - 1000 Users 1-16
2026-08-29 09:30:35,349 INFO o.a.j.t.JMeterThread: Thread is done: Customer Index Page - 1000 Users 1-16
2026-08-29 09:30:35,350 INFO o.a.j.t.JMeterThread: Thread finished: Customer Index Page - 1000 Users 1-16
2026-08-29 09:30:35,415 INFO o.a.j.t.JMeterThread: Thread started: Customer Index Page - 1000 Users 1-17
2026-08-29 09:30:35,451 INFO o.a.j.t.JMeterThread: Thread is done: Customer Index Page - 1000 Users 1-17
2026-08-29 09:30:35,453 INFO o.a.j.t.JMeterThread: Thread finished: Customer Index Page - 1000 Users 1-17
2026-08-29 09:30:35,516 INFO o.a.j.t.JMeterThread: Thread started: Customer Index Page - 1000 Users 1-18
2026-08-29 09:30:35,552 INFO o.a.j.t.JMeterThread: Thread is done: Customer Index Page - 1000 Users 1-18
2026-08-29 09:30:35,554 INFO o.a.j.t.JMeterThread: Thread finished: Customer Index Page - 1000 Users 1-18
2026-08-29 09:30:35,614 INFO o.a.j.t.JMeterThread: Thread started: Customer Index Page - 1000 Users 1-19
2026-08-29 09:30:35,661 INFO o.a.j.t.JMeterThread: Thread is done: Customer Index Page - 1000 Users 1-19
2026-08-29 09:30:35,663 INFO o.a.j.t.JMeterThread: Thread finished: Customer Index Page - 1000 Users 1-19
2026-08-29 09:30:35,715 INFO o.a.j.t.JMeterThread: Thread started: Customer Index Page - 1000 Users 1-20
2026-08-29 09:30:35,764 INFO o.a.j.t.JMeterThread: Thread is done: Customer Index Page - 1000 Users 1-20
2026-08-29 09:30:35,766 INFO o.a.j.t.JMeterThread: Thread finished: Customer Index Page - 1000 Users 1-20
2026-08-29 09:30:35,814 INFO o.a.j.t.JMeterThread: Thread started: Customer Index Page - 1000 Users 1-21
2026-08-29 09:30:35,861 INFO o.a.j.t.JMeterThread: Thread is done: Customer Index Page - 1000 Users 1-21
2026-08-29 09:30:35,863 INFO o.a.j.t.JMeterThread: Thread finished: Customer Index Page - 1000 Users 1-21
2026-08-29 09:30:35,915 INFO o.a.j.t.JMeterThread: Thread started: Customer Index Page - 1000 Users 1-22
2026-08-29 09:30:35,953 INFO o.a.j.t.JMeterThread: Thread is done: Customer Index Page - 1000 Users 1-22
2026-08-29 09:30:35,955 INFO o.a.j.t.JMeterThread: Thread finished: Customer Index Page - 1000 Users 1-22
2026-08-29 09:30:36,014 INFO o.a.j.t.JMeterThread: Thread started: Customer Index Page - 1000 Users 1-23
2026-08-29 09:30:36,047 INFO o.a.j.t.JMeterThread: Thread is done: Customer Index Page - 1000 Users 1-23
2026-08-29 09:30:36,049 INFO o.a.j.t.JMeterThread: Thread finished: Customer Index Page - 1000 Users 1-23
2026-08-29 09:30:36,114 INFO o.a.j.t.JMeterThread: Thread started: Customer Index Page - 1000 Users 1-24
2026-08-29 09:30:36,152 INFO o.a.j.t.JMeterThread: Thread is done: Customer Index Page - 1000 Users 1-24
2026-08-29 09:30:36,153 INFO o.a.j.t.JMeterThread: Thread finished: Customer Index Page - 1000 Users 1-24
2026-08-29 09:30:36,215 INFO o.a.j.t.JMeterThread: Thread started: Customer Index Page - 1000 Users 1-25
2026-08-29 09:30:36,269 INFO o.a.j.t.JMeterThread: Thread is done: Customer Index Page - 1000 Users 1-25
2026-08-29 09:30:36,271 INFO o.a.j.t.JMeterThread: Thread finished: Customer Index Page - 1000 Users 1-25
2026-08-29 09:30:36,316 INFO o.a.j.t.JMeterThread: Thread started: Customer Index Page - 1000 Users 1-26
2026-08-29 09:30:36,361 INFO o.a.j.t.JMeterThread: Thread is done: Customer Index Page - 1000 Users 1-26
2026-08-29 09:30:36,363 INFO o.a.j.t.JMeterThread: Thread finished: Customer Index Page - 1000 Users 1-26
2026-08-29 09:30:36,414 INFO o.a.j.t.JMeterThread: Thread started: Customer Index Page - 1000 Users 1-27
2026-08-29 09:30:36,442 INFO o.a.j.t.JMeterThread: Thread is done: Customer Index Page - 1000 Users 1-27
2026-08-29 09:30:36,444 INFO o.a.j.t.JMeterThread: Thread finished: Customer Index Page - 1000 Users 1-27
2026-08-29 09:30:36,515 INFO o.a.j.t.JMeterThread: Thread started: Customer Index Page - 1000 Users 1-28
2026-08-29 09:30:36,551 INFO o.a.j.t.JMeterThread: Thread is done: Customer Index Page - 1000 Users 1-28
2026-08-29 09:30:36,552 INFO o.a.j.t.JMeterThread: Thread finished: Customer Index Page - 1000 Users 1-28
2026-08-29 09:30:36,616 INFO o.a.j.t.JMeterThread: Thread started: Customer Index Page - 1000 Users 1-29
2026-08-29 09:30:36,649 INFO o.a.j.t.JMeterThread: Thread is done: Customer Index Page - 1000 Users 1-29
2026-08-29 09:30:36,650 INFO o.a.j.t.JMeterThread: Thread finished: Customer Index Page - 1000 Users 1-29
2026-08-29 09:30:36,715 INFO o.a.j.t.JMeterThread: Thread started: Customer Index Page - 1000 Users 1-30
2026-08-29 09:30:36,758 INFO o.a.j.t.JMeterThread: Thread is done: Customer Index Page - 1000 Users 1-30
2026-08-29 09:30:36,760 INFO o.a.j.t.JMeterThread: Thread finished: Customer Index Page - 1000 Users 1-30
2026-08-29 09:30:36,814 INFO o.a.j.t.JMeterThread: Thread started: Customer Index Page - 1000 Users 1-31
2026-08-29 09:30:36,850 INFO o.a.j.t.JMeterThread: Thread is done: Customer Index Page - 1000 Users 1-31
2026-08-29 09:30:36,852 INFO o.a.j.t.JMeterThread: Thread finished: Customer Index Page - 1000 Users 1-31
2026-08-29 09:30:36,913 INFO o.a.j.t.JMeterThread: Thread started: Customer Index Page - 1000 Users 1-32
2026-08-29 09:30:36,951 INFO o.a.j.t.JMeterThread: Thread is done: Customer Index Page - 1000 Users 1-32
2026-08-29 09:30:36,953 INFO o.a.j.t.JMeterThread: Thread finished: Customer Index Page - 1000 Users 1-32
2026-08-29 09:30:37,014 INFO o.a.j.t.JMeterThread: Thread started: Customer Index Page - 1000 Users 1-33
2026-08-29 09:30:37,044 INFO o.a.j.t.JMeterThread: Thread is done: Customer Index Page - 1000 Users 1-33
2026-08-29 09:30:37,045 INFO o.a.j.t.JMeterThread: Thread finished: Customer Index Page - 1000 Users 1-33
2026-08-29 09:30:37,128 INFO o.a.j.t.JMeterThread: Thread started: Customer Index Page - 1000 Users 1-34
2026-08-29 09:30:37,156 INFO o.a.j.t.JMeterThread: Thread is done: Customer Index Page - 1000 Users 1-34
2026-08-29 09:30:37,159 INFO o.a.j.t.JMeterThread: Thread finished: Customer Index Page - 1000 Users 1-34
2026-08-29 09:30:37,214 INFO o.a.j.t.JMeterThread: Thread started: Customer Index Page - 1000 Users 1-35
2026-08-29 09:30:37,243 INFO o.a.j.t.JMeterThread: Thread is done: Customer Index Page - 1000 Users 1-35
2026-08-29 09:30:37,245 INFO o.a.j.t.JMeterThread: Thread finished: Customer Index Page - 1000 Users 1-35
2026-08-29 09:30:37,314 INFO o.a.j.t.JMeterThread: Thread started: Customer Index Page - 1000 Users 1-36
2026-08-29 09:30:37,339 INFO o.a.j.t.JMeterThread: Thread is done: Customer Index Page - 1000 Users 1-36
2026-08-29 09:30:37,340 INFO o.a.j.t.JMeterThread: Thread finished: Customer Index Page - 1000 Users 1-36
2026-08-29 09:30:37,414 INFO o.a.j.t.JMeterThread: Thread started: Customer Index Page - 1000 Users 1-37
2026-08-29 09:30:37,442 INFO o.a.j.t.JMeterThread: Thread is done: Customer Index Page - 1000 Users 1-37
2026-08-29 09:30:37,443 INFO o.a.j.t.JMeterThread: Thread finished: Customer Index Page - 1000 Users 1-37
2026-08-29 09:30:37,514 INFO o.a.j.t.JMeterThread: Thread started: Customer Index Page - 1000 Users 1-38
2026-08-29 09:30:37,546 INFO o.a.j.t.JMeterThread: Thread is done: Customer Index Page - 1000 Users 1-38
2026-08-29 09:30:37,548 INFO o.a.j.t.JMeterThread: Thread finished: Customer Index Page - 1000 Users 1-38
2026-08-29 09:30:37,614 INFO o.a.j.t.JMeterThread: Thread started: Customer Index Page - 1000 Users 1-39
2026-08-29 09:30:37,642 INFO o.a.j.t.JMeterThread: Thread is done: Customer Index Page - 1000 Users 1-39
2026-08-29 09:30:37,643 INFO o.a.j.t.JMeterThread: Thread finished: Customer Index Page - 1000 Users 1-39
2026-08-29 09:30:37,714 INFO o.a.j.t.JMeterThread: Thread started: Customer Index Page - 1000 Users 1-40
2026-08-29 09:30:37,747 INFO o.a.j.t.JMeterThread: Thread is done: Customer Index Page - 1000 Users 1-40
2026-08-29 09:30:37,748 INFO o.a.j.t.JMeterThread: Thread finished: Customer Index Page - 1000 Users 1-40
2026-08-29 09:30:37,815 INFO o.a.j.t.JMeterThread: Thread started: Customer Index Page - 1000 Users 1-41
2026-08-29 09:30:37,851 INFO o.a.j.t.JMeterThread: Thread is done: Customer Index Page - 1000 Users 1-41
2026-08-29 09:30:37,852 INFO o.a.j.t.JMeterThread: Thread finished: Customer Index Page - 1000 Users 1-41
2026-08-29 09:30:37,913 INFO o.a.j.t.JMeterThread: Thread started: Customer Index Page - 1000 Users 1-42
2026-08-29 09:30:37,938 INFO o.a.j.t.JMeterThread: Thread is done: Customer Index Page - 1000 Users 1-42
2026-08-29 09:30:38,014 INFO o.a.j.t.JMeterThread: Thread started: Customer Index Page - 1000 Users 1-43
2026-08-29 09:30:38,018 INFO o.a.j.t.JMeterThread: Thread finished: Customer Index Page - 1000 Users 1-42
2026-08-29 09:30:38,041 INFO o.a.j.t.JMeterThread: Thread is done: Customer Index Page - 1000 Users 1-43
2026-08-29 09:30:38,042 INFO o.a.j.t.JMeterThread: Thread finished: Customer Index Page - 1000 Users 1-43
2026-08-29 09:30:38,113 INFO o.a.j.t.JMeterThread: Thread started: Customer Index Page - 1000 Users 1-44
2026-08-29 09:30:38,137 INFO o.a.j.t.JMeterThread: Thread is done: Customer Index Page - 1000 Users 1-44
2026-08-29 09:30:38,138 INFO o.a.j.t.JMeterThread: Thread finished: Customer Index Page - 1000 Users 1-44
2026-08-29 09:30:38,214 INFO o.a.j.t.JMeterThread: Thread started: Customer Index Page - 1000 Users 1-45
2026-08-29 09:30:38,237 INFO o.a.j.t.JMeterThread: Thread is done: Customer Index Page - 1000 Users 1-45
2026-08-29 09:30:38,238 INFO o.a.j.t.JMeterThread: Thread finished: Customer Index Page - 1000 Users 1-45
2026-08-29 09:30:38,314 INFO o.a.j.t.JMeterThread: Thread started: Customer Index Page - 1000 Users 1-46
2026-08-29 09:30:38,338 INFO o.a.j.t.JMeterThread: Thread is done: Customer Index Page - 1000 Users 1-46
2026-08-29 09:30:38,340 INFO o.a.j.t.JMeterThread: Thread finished: Customer Index Page - 1000 Users 1-46
2026-08-29 09:30:38,415 INFO o.a.j.t.JMeterThread: Thread started: Customer Index Page - 1000 Users 1-47
2026-08-29 09:30:38,438 INFO o.a.j.t.JMeterThread: Thread is done: Customer Index Page - 1000 Users 1-47
2026-08-29 09:30:38,439 INFO o.a.j.t.JMeterThread: Thread finished: Customer Index Page - 1000 Users 1-47
2026-08-29 09:30:38,514 INFO o.a.j.t.JMeterThread: Thread started: Customer Index Page - 1000 Users 1-48
2026-08-29 09:30:38,536 INFO o.a.j.t.JMeterThread: Thread is done: Customer Index Page - 1000 Users 1-48
2026-08-29 09:30:38,537 INFO o.a.j.t.JMeterThread: Thread finished: Customer Index Page - 1000 Users 1-48
2026-08-29 09:30:38,614 INFO o.a.j.t.JMeterThread: Thread started: Customer Index Page - 1000 Users 1-49
2026-08-29 09:30:38,637 INFO o.a.j.t.JMeterThread: Thread is done: Customer Index Page - 1000 Users 1-49
2026-08-29 09:30:38,638 INFO o.a.j.t.JMeterThread: Thread finished: Customer Index Page - 1000 Users 1-49
2026-08-29 09:30:38,714 INFO o.a.j.t.JMeterThread: Thread started: Customer Index Page - 1000 Users 1-50
2026-08-29 09:30:38,752 INFO o.a.j.t.JMeterThread: Thread is done: Customer Index Page - 1000 Users 1-50
2026-08-29 09:30:38,755 INFO o.a.j.t.JMeterThread: Thread finished: Customer Index Page - 1000 Users 1-50
2026-08-29 09:30:38,814 INFO o.a.j.t.JMeterThread: Thread started: Customer Index Page - 1000 Users 1-51
2026-08-29 09:30:38,844 INFO o.a.j.t.JMeterThread: Thread is done: Customer Index Page - 1000 Users 1-51
2026-08-29 09:30:38,845 INFO o.a.j.t.JMeterThread: Thread finished: Customer Index Page - 1000 Users 1-51
2026-08-29 09:30:38,916 INFO o.a.j.t.JMeterThread: Thread started: Customer Index Page - 1000 Users 1-52
2026-08-29 09:30:38,938 INFO o.a.j.t.JMeterThread: Thread is done: Customer Index Page - 1000 Users 1-52
2026-08-29 09:30:38,939 INFO o.a.j.t.JMeterThread: Thread finished: Customer Index Page - 1000 Users 1-52
2026-08-29 09:30:39,015 INFO o.a.j.t.JMeterThread: Thread started: Customer Index Page - 1000 Users 1-53
2026-08-29 09:30:39,037 INFO o.a.j.t.JMeterThread: Thread is done: Customer Index Page - 1000 Users 1-53
2026-08-29 09:30:39,039 INFO o.a.j.t.JMeterThread: Thread finished: Customer Index Page - 1000 Users 1-53
2026-08-29 09:30:39,113 INFO o.a.j.t.JMeterThread: Thread started: Customer Index Page - 1000 Users 1-54
2026-08-29 09:30:39,135 INFO o.a.j.t.JMeterThread: Thread is done: Customer Index Page - 1000 Users 1-54
2026-08-29 09:30:39,136 INFO o.a.j.t.JMeterThread: Thread finished: Customer Index Page - 1000 Users 1-54
2026-08-29 09:30:39,214 INFO o.a.j.t.JMeterThread: Thread started: Customer Index Page - 1000 Users 1-55
2026-08-29 09:30:39,235 INFO o.a.j.t.JMeterThread: Thread is done: Customer Index Page - 1000 Users 1-55
2026-08-29 09:30:39,236 INFO o.a.j.t.JMeterThread: Thread finished: Customer Index Page - 1000 Users 1-55
2026-08-29 09:30:39,314 INFO o.a.j.t.JMeterThread: Thread started: Customer Index Page - 1000 Users 1-56
2026-08-29 09:30:39,339 INFO o.a.j.t.JMeterThread: Thread is done: Customer Index Page - 1000 Users 1-56
2026-08-29 09:30:39,340 INFO o.a.j.t.JMeterThread: Thread finished: Customer Index Page - 1000 Users 1-56
2026-08-29 09:30:39,413 INFO o.a.j.t.JMeterThread: Thread started: Customer Index Page - 1000 Users 1-57
2026-08-29 09:30:39,436 INFO o.a.j.t.JMeterThread: Thread is done: Customer Index Page - 1000 Users 1-57
2026-08-29 09:30:39,438 INFO o.a.j.t.JMeterThread: Thread finished: Customer Index Page - 1000 Users 1-57
2026-08-29 09:30:39,515 INFO o.a.j.t.JMeterThread: Thread started: Customer Index Page - 1000 Users 1-58
2026-08-29 09:30:39,538 INFO o.a.j.t.JMeterThread: Thread is done: Customer Index Page - 1000 Users 1-58
2026-08-29 09:30:39,540 INFO o.a.j.t.JMeterThread: Thread finished: Customer Index Page - 1000 Users 1-58
2026-08-29 09:30:39,616 INFO o.a.j.t.JMeterThread: Thread started: Customer Index Page - 1000 Users 1-59
2026-08-29 09:30:39,638 INFO o.a.j.t.JMeterThread: Thread is done: Customer Index Page - 1000 Users 1-59
2026-08-29 09:30:39,639 INFO o.a.j.t.JMeterThread: Thread finished: Customer Index Page - 1000 Users 1-59
2026-08-29 09:30:39,714 INFO o.a.j.t.JMeterThread: Thread started: Customer Index Page - 1000 Users 1-60
2026-08-29 09:30:39,738 INFO o.a.j.t.JMeterThread: Thread is done: Customer Index Page - 1000 Users 1-60
2026-08-29 09:30:39,739 INFO o.a.j.t.JMeterThread: Thread finished: Customer Index Page - 1000 Users 1-60
2026-08-29 09:30:39,814 INFO o.a.j.t.JMeterThread: Thread started: Customer Index Page - 1000 Users 1-61
2026-08-29 09:30:39,838 INFO o.a.j.t.JMeterThread: Thread is done: Customer Index Page - 1000 Users 1-61
2026-08-29 09:30:39,840 INFO o.a.j.t.JMeterThread: Thread finished: Customer Index Page - 1000 Users 1-61
2026-08-29 09:30:39,914 INFO o.a.j.t.JMeterThread: Thread started: Customer Index Page - 1000 Users 1-62
2026-08-29 09:30:39,941 INFO o.a.j.t.JMeterThread: Thread is done: Customer Index Page - 1000 Users 1-62
2026-08-29 09:30:39,942 INFO o.a.j.t.JMeterThread: Thread finished: Customer Index Page - 1000 Users 1-62
2026-08-29 09:30:40,014 INFO o.a.j.t.JMeterThread: Thread started: Customer Index Page - 1000 Users 1-63
2026-08-29 09:30:40,039 INFO o.a.j.t.JMeterThread: Thread is done: Customer Index Page - 1000 Users 1-63
2026-08-29 09:30:40,041 INFO o.a.j.t.JMeterThread: Thread finished: Customer Index Page - 1000 Users 1-63
2026-08-29 09:30:40,116 INFO o.a.j.t.JMeterThread: Thread started: Customer Index Page - 1000 Users 1-64
2026-08-29 09:30:40,140 INFO o.a.j.t.JMeterThread: Thread is done: Customer Index Page - 1000 Users 1-64
2026-08-29 09:30:40,141 INFO o.a.j.t.JMeterThread: Thread finished: Customer Index Page - 1000 Users 1-64
2026-08-29 09:30:40,214 INFO o.a.j.t.JMeterThread: Thread started: Customer Index Page - 1000 Users 1-65
2026-08-29 09:30:40,238 INFO o.a.j.t.JMeterThread: Thread is done: Customer Index Page - 1000 Users 1-65
2026-08-29 09:30:40,239 INFO o.a.j.t.JMeterThread: Thread finished: Customer Index Page - 1000 Users 1-65
2026-08-29 09:30:40,314 INFO o.a.j.t.JMeterThread: Thread started: Customer Index Page - 1000 Users 1-66
2026-08-29 09:30:40,334 INFO o.a.j.t.JMeterThread: Thread is done: Customer Index Page - 1000 Users 1-66
2026-08-29 09:30:40,336 INFO o.a.j.t.JMeterThread: Thread finished: Customer Index Page - 1000 Users 1-66
2026-08-29 09:30:40,414 INFO o.a.j.t.JMeterThread: Thread started: Customer Index Page - 1000 Users 1-67
2026-08-29 09:30:40,434 INFO o.a.j.t.JMeterThread: Thread is done: Customer Index Page - 1000 Users 1-67
2026-08-29 09:30:40,435 INFO o.a.j.t.JMeterThread: Thread finished: Customer Index Page - 1000 Users 1-67
2026-08-29 09:30:40,514 INFO o.a.j.t.JMeterThread: Thread started: Customer Index Page - 1000 Users 1-68
2026-08-29 09:30:40,534 INFO o.a.j.t.JMeterThread: Thread is done: Customer Index Page - 1000 Users 1-68
2026-08-29 09:30:40,536 INFO o.a.j.t.JMeterThread: Thread finished: Customer Index Page - 1000 Users 1-68
2026-08-29 09:30:40,614 INFO o.a.j.t.JMeterThread: Thread started: Customer Index Page - 1000 Users 1-69
2026-08-29 09:30:40,635 INFO o.a.j.t.JMeterThread: Thread is done: Customer Index Page - 1000 Users 1-69
2026-08-29 09:30:40,636 INFO o.a.j.t.JMeterThread: Thread finished: Customer Index Page - 1000 Users 1-69
2026-08-29 09:30:40,714 INFO o.a.j.t.JMeterThread: Thread started: Customer Index Page - 1000 Users 1-70
2026-08-29 09:30:40,733 INFO o.a.j.t.JMeterThread: Thread is done: Customer Index Page - 1000 Users 1-70
2026-08-29 09:30:40,734 INFO o.a.j.t.JMeterThread: Thread finished: Customer Index Page - 1000 Users 1-70
2026-08-29 09:30:40,815 INFO o.a.j.t.JMeterThread: Thread started: Customer Index Page - 1000 Users 1-71
2026-08-29 09:30:40,834 INFO o.a.j.t.JMeterThread: Thread is done: Customer Index Page - 1000 Users 1-71
2026-08-29 09:30:40,836 INFO o.a.j.t.JMeterThread: Thread finished: Customer Index Page - 1000 Users 1-71
2026-08-29 09:30:40,914 INFO o.a.j.t.JMeterThread: Thread started: Customer Index Page - 1000 Users 1-72
2026-08-29 09:30:40,934 INFO o.a.j.t.JMeterThread: Thread is done: Customer Index Page - 1000 Users 1-72
2026-08-29 09:30:40,935 INFO o.a.j.t.JMeterThread: Thread finished: Customer Index Page - 1000 Users 1-72
2026-08-29 09:30:41,014 INFO o.a.j.t.JMeterThread: Thread started: Customer Index Page - 1000 Users 1-73
2026-08-29 09:30:41,034 INFO o.a.j.t.JMeterThread: Thread is done: Customer Index Page - 1000 Users 1-73
2026-08-29 09:30:41,036 INFO o.a.j.t.JMeterThread: Thread finished: Customer Index Page - 1000 Users 1-73
2026-08-29 09:30:41,114 INFO o.a.j.t.JMeterThread: Thread started: Customer Index Page - 1000 Users 1-74
2026-08-29 09:30:41,134 INFO o.a.j.t.JMeterThread: Thread is done: Customer Index Page - 1000 Users 1-74
2026-08-29 09:30:41,135 INFO o.a.j.t.JMeterThread: Thread finished: Customer Index Page - 1000 Users 1-74
2026-08-29 09:30:41,214 INFO o.a.j.t.JMeterThread: Thread started: Customer Index Page - 1000 Users 1-75
2026-08-29 09:30:41,234 INFO o.a.j.t.JMeterThread: Thread is done: Customer Index Page - 1000 Users 1-75
2026-08-29 09:30:41,236 INFO o.a.j.t.JMeterThread: Thread finished: Customer Index Page - 1000 Users 1-75
2026-08-29 09:30:41,314 INFO o.a.j.t.JMeterThread: Thread started: Customer Index Page - 1000 Users 1-76
2026-08-29 09:30:41,340 INFO o.a.j.t.JMeterThread: Thread is done: Customer Index Page - 1000 Users 1-76
2026-08-29 09:30:41,341 INFO o.a.j.t.JMeterThread: Thread finished: Customer Index Page - 1000 Users 1-76
2026-08-29 09:30:41,413 INFO o.a.j.t.JMeterThread: Thread started: Customer Index Page - 1000 Users 1-77
2026-08-29 09:30:41,434 INFO o.a.j.t.JMeterThread: Thread is done: Customer Index Page - 1000 Users 1-77
2026-08-29 09:30:41,436 INFO o.a.j.t.JMeterThread: Thread finished: Customer Index Page - 1000 Users 1-77
2026-08-29 09:30:41,514 INFO o.a.j.t.JMeterThread: Thread started: Customer Index Page - 1000 Users 1-78
2026-08-29 09:30:41,535 INFO o.a.j.t.JMeterThread: Thread is done: Customer Index Page - 1000 Users 1-78
2026-08-29 09:30:41,536 INFO o.a.j.t.JMeterThread: Thread finished: Customer Index Page - 1000 Users 1-78
2026-08-29 09:30:41,614 INFO o.a.j.t.JMeterThread: Thread started: Customer Index Page - 1000 Users 1-79
2026-08-29 09:30:41,635 INFO o.a.j.t.JMeterThread: Thread is done: Customer Index Page - 1000 Users 1-79
2026-08-29 09:30:41,636 INFO o.a.j.t.JMeterThread: Thread finished: Customer Index Page - 1000 Users 1-79
2026-08-29 09:30:41,714 INFO o.a.j.t.JMeterThread: Thread started: Customer Index Page - 1000 Users 1-80
2026-08-29 09:30:41,734 INFO o.a.j.t.JMeterThread: Thread is done: Customer Index Page - 1000 Users 1-80
2026-08-29 09:30:41,735 INFO o.a.j.t.JMeterThread: Thread finished: Customer Index Page - 1000 Users 1-80
2026-08-29 09:30:41,814 INFO o.a.j.t.JMeterThread: Thread started: Customer Index Page - 1000 Users 1-81
2026-08-29 09:30:41,832 INFO o.a.j.t.JMeterThread: Thread is done: Customer Index Page - 1000 Users 1-81
2026-08-29 09:30:41,833 INFO o.a.j.t.JMeterThread: Thread finished: Customer Index Page - 1000 Users 1-81
2026-08-29 09:30:41,914 INFO o.a.j.t.JMeterThread: Thread started: Customer Index Page - 1000 Users 1-82
2026-08-29 09:30:41,935 INFO o.a.j.t.JMeterThread: Thread is done: Customer Index Page - 1000 Users 1-82
2026-08-29 09:30:41,937 INFO o.a.j.t.JMeterThread: Thread finished: Customer Index Page - 1000 Users 1-82
2026-08-29 09:30:42,014 INFO o.a.j.t.JMeterThread: Thread started: Customer Index Page - 1000 Users 1-83
2026-08-29 09:30:42,040 INFO o.a.j.t.JMeterThread: Thread is done: Customer Index Page - 1000 Users 1-83
2026-08-29 09:30:42,042 INFO o.a.j.t.JMeterThread: Thread finished: Customer Index Page - 1000 Users 1-83
2026-08-29 09:30:42,114 INFO o.a.j.t.JMeterThread: Thread started: Customer Index Page - 1000 Users 1-84
2026-08-29 09:30:42,141 INFO o.a.j.t.JMeterThread: Thread is done: Customer Index Page - 1000 Users 1-84
2026-08-29 09:30:42,142 INFO o.a.j.t.JMeterThread: Thread finished: Customer Index Page - 1000 Users 1-84
2026-08-29 09:30:42,214 INFO o.a.j.t.JMeterThread: Thread started: Customer Index Page - 1000 Users 1-85
2026-08-29 09:30:42,239 INFO o.a.j.t.JMeterThread: Thread is done: Customer Index Page - 1000 Users 1-85
2026-08-29 09:30:42,241 INFO o.a.j.t.JMeterThread: Thread finished: Customer Index Page - 1000 Users 1-85
2026-08-29 09:30:42,314 INFO o.a.j.t.JMeterThread: Thread started: Customer Index Page - 1000 Users 1-86
2026-08-29 09:30:42,351 INFO o.a.j.t.JMeterThread: Thread is done: Customer Index Page - 1000 Users 1-86
2026-08-29 09:30:42,353 INFO o.a.j.t.JMeterThread: Thread finished: Customer Index Page - 1000 Users 1-86
2026-08-29 09:30:42,414 INFO o.a.j.t.JMeterThread: Thread started: Customer Index Page - 1000 Users 1-87
2026-08-29 09:30:42,436 INFO o.a.j.t.JMeterThread: Thread is done: Customer Index Page - 1000 Users 1-87
2026-08-29 09:30:42,438 INFO o.a.j.t.JMeterThread: Thread finished: Customer Index Page - 1000 Users 1-87
2026-08-29 09:30:42,514 INFO o.a.j.t.JMeterThread: Thread started: Customer Index Page - 1000 Users 1-88
2026-08-29 09:30:42,542 INFO o.a.j.t.JMeterThread: Thread is done: Customer Index Page - 1000 Users 1-88
2026-08-29 09:30:42,544 INFO o.a.j.t.JMeterThread: Thread finished: Customer Index Page - 1000 Users 1-88
2026-08-29 09:30:42,614 INFO o.a.j.t.JMeterThread: Thread started: Customer Index Page - 1000 Users 1-89
2026-08-29 09:30:42,636 INFO o.a.j.t.JMeterThread: Thread is done: Customer Index Page - 1000 Users 1-89
2026-08-29 09:30:42,637 INFO o.a.j.t.JMeterThread: Thread finished: Customer Index Page - 1000 Users 1-89
2026-08-29 09:30:42,714 INFO o.a.j.t.JMeterThread: Thread started: Customer Index Page - 1000 Users 1-90
2026-08-29 09:30:42,735 INFO o.a.j.t.JMeterThread: Thread is done: Customer Index Page - 1000 Users 1-90
2026-08-29 09:30:42,737 INFO o.a.j.t.JMeterThread: Thread finished: Customer Index Page - 1000 Users 1-90
2026-08-29 09:30:42,814 INFO o.a.j.t.JMeterThread: Thread started: Customer Index Page - 1000 Users 1-91
2026-08-29 09:30:42,835 INFO o.a.j.t.JMeterThread: Thread is done: Customer Index Page - 1000 Users 1-91
2026-08-29 09:30:42,836 INFO o.a.j.t.JMeterThread: Thread finished: Customer Index Page - 1000 Users 1-91
2026-08-29 09:30:42,915 INFO o.a.j.t.JMeterThread: Thread started: Customer Index Page - 1000 Users 1-92
2026-08-29 09:30:42,935 INFO o.a.j.t.JMeterThread: Thread is done: Customer Index Page - 1000 Users 1-92
2026-08-29 09:30:42,936 INFO o.a.j.t.JMeterThread: Thread finished: Customer Index Page - 1000 Users 1-92
2026-08-29 09:30:43,014 INFO o.a.j.t.JMeterThread: Thread started: Customer Index Page - 1000 Users 1-93
2026-08-29 09:30:43,034 INFO o.a.j.t.JMeterThread: Thread is done: Customer Index Page - 1000 Users 1-93
2026-08-29 09:30:43,036 INFO o.a.j.t.JMeterThread: Thread finished: Customer Index Page - 1000 Users 1-93
2026-08-29 09:30:43,114 INFO o.a.j.t.JMeterThread: Thread started: Customer Index Page - 1000 Users 1-94
2026-08-29 09:30:43,136 INFO o.a.j.t.JMeterThread: Thread is done: Customer Index Page - 1000 Users 1-94
2026-08-29 09:30:43,137 INFO o.a.j.t.JMeterThread: Thread finished: Customer Index Page - 1000 Users 1-94
2026-08-29 09:30:43,214 INFO o.a.j.t.JMeterThread: Thread started: Customer Index Page - 1000 Users 1-95
2026-08-29 09:30:43,236 INFO o.a.j.t.JMeterThread: Thread is done: Customer Index Page - 1000 Users 1-95
2026-08-29 09:30:43,238 INFO o.a.j.t.JMeterThread: Thread finished: Customer Index Page - 1000 Users 1-95
2026-08-29 09:30:43,314 INFO o.a.j.t.JMeterThread: Thread started: Customer Index Page - 1000 Users 1-96
2026-08-29 09:30:43,337 INFO o.a.j.t.JMeterThread: Thread is done: Customer Index Page - 1000 Users 1-96
2026-08-29 09:30:43,339 INFO o.a.j.t.JMeterThread: Thread finished: Customer Index Page - 1000 Users 1-96
2026-08-29 09:30:43,415 INFO o.a.j.t.JMeterThread: Thread started: Customer Index Page - 1000 Users 1-97
2026-08-29 09:30:43,434 INFO o.a.j.t.JMeterThread: Thread is done: Customer Index Page - 1000 Users 1-97
2026-08-29 09:30:43,436 INFO o.a.j.t.JMeterThread: Thread finished: Customer Index Page - 1000 Users 1-97
2026-08-29 09:30:43,515 INFO o.a.j.t.JMeterThread: Thread started: Customer Index Page - 1000 Users 1-98
2026-08-29 09:30:43,533 INFO o.a.j.t.JMeterThread: Thread is done: Customer Index Page - 1000 Users 1-98
2026-08-29 09:30:43,534 INFO o.a.j.t.JMeterThread: Thread finished: Customer Index Page - 1000 Users 1-98
2026-08-29 09:30:43,615 INFO o.a.j.t.JMeterThread: Thread started: Customer Index Page - 1000 Users 1-99
2026-08-29 09:30:43,636 INFO o.a.j.t.JMeterThread: Thread is done: Customer Index Page - 1000 Users 1-99
2026-08-29 09:30:43,637 INFO o.a.j.t.JMeterThread: Thread finished: Customer Index Page - 1000 Users 1-99
2026-08-29 09:30:43,714 INFO o.a.j.t.JMeterThread: Thread started: Customer Index Page - 1000 Users 1-100
2026-08-29 09:30:43,744 INFO o.a.j.t.JMeterThread: Thread is done: Customer Index Page - 1000 Users 1-100
2026-08-29 09:30:43,745 INFO o.a.j.t.JMeterThread: Thread finished: Customer Index Page - 1000 Users 1-100
2026-08-29 09:30:43,813 INFO o.a.j.t.JMeterThread: Thread started: Customer Index Page - 1000 Users 1-101
2026-08-29 09:30:43,833 INFO o.a.j.t.JMeterThread: Thread is done: Customer Index Page - 1000 Users 1-101
2026-08-29 09:30:43,835 INFO o.a.j.t.JMeterThread: Thread finished: Customer Index Page - 1000 Users 1-101
2026-08-29 09:30:43,914 INFO o.a.j.t.JMeterThread: Thread started: Customer Index Page - 1000 Users 1-102
2026-08-29 09:30:43,938 INFO o.a.j.t.JMeterThread: Thread is done: Customer Index Page - 1000 Users 1-102
2026-08-29 09:30:43,939 INFO o.a.j.t.JMeterThread: Thread finished: Customer Index Page - 1000 Users 1-102
2026-08-29 09:30:44,017 INFO o.a.j.t.JMeterThread: Thread started: Customer Index Page - 1000 Users 1-103
2026-08-29 09:30:44,052 INFO o.a.j.t.JMeterThread: Thread is done: Customer Index Page - 1000 Users 1-103
2026-08-29 09:30:44,053 INFO o.a.j.t.JMeterThread: Thread finished: Customer Index Page - 1000 Users 1-103
2026-08-29 09:30:44,114 INFO o.a.j.t.JMeterThread: Thread started: Customer Index Page - 1000 Users 1-104
2026-08-29 09:30:44,140 INFO o.a.j.t.JMeterThread: Thread is done: Customer Index Page - 1000 Users 1-104
2026-08-29 09:30:44,142 INFO o.a.j.t.JMeterThread: Thread finished: Customer Index Page - 1000 Users 1-104
2026-08-29 09:30:44,214 INFO o.a.j.t.JMeterThread: Thread started: Customer Index Page - 1000 Users 1-105
2026-08-29 09:30:44,237 INFO o.a.j.t.JMeterThread: Thread is done: Customer Index Page - 1000 Users 1-105
2026-08-29 09:30:44,238 INFO o.a.j.t.JMeterThread: Thread finished: Customer Index Page - 1000 Users 1-105
2026-08-29 09:30:44,314 INFO o.a.j.t.JMeterThread: Thread started: Customer Index Page - 1000 Users 1-106
2026-08-29 09:30:44,333 INFO o.a.j.t.JMeterThread: Thread is done: Customer Index Page - 1000 Users 1-106
2026-08-29 09:30:44,334 INFO o.a.j.t.JMeterThread: Thread finished: Customer Index Page - 1000 Users 1-106
2026-08-29 09:30:44,414 INFO o.a.j.t.JMeterThread: Thread started: Customer Index Page - 1000 Users 1-107
2026-08-29 09:30:44,436 INFO o.a.j.t.JMeterThread: Thread is done: Customer Index Page - 1000 Users 1-107
2026-08-29 09:30:44,437 INFO o.a.j.t.JMeterThread: Thread finished: Customer Index Page - 1000 Users 1-107
2026-08-29 09:30:44,514 INFO o.a.j.t.JMeterThread: Thread started: Customer Index Page - 1000 Users 1-108
2026-08-29 09:30:44,536 INFO o.a.j.t.JMeterThread: Thread is done: Customer Index Page - 1000 Users 1-108
2026-08-29 09:30:44,538 INFO o.a.j.t.JMeterThread: Thread finished: Customer Index Page - 1000 Users 1-108
2026-08-29 09:30:44,613 INFO o.a.j.t.JMeterThread: Thread started: Customer Index Page - 1000 Users 1-109
2026-08-29 09:30:44,633 INFO o.a.j.t.JMeterThread: Thread is done: Customer Index Page - 1000 Users 1-109
2026-08-29 09:30:44,634 INFO o.a.j.t.JMeterThread: Thread finished: Customer Index Page - 1000 Users 1-109
2026-08-29 09:30:44,714 INFO o.a.j.t.JMeterThread: Thread started: Customer Index Page - 1000 Users 1-110
2026-08-29 09:30:44,735 INFO o.a.j.t.JMeterThread: Thread is done: Customer Index Page - 1000 Users 1-110
2026-08-29 09:30:44,737 INFO o.a.j.t.JMeterThread: Thread finished: Customer Index Page - 1000 Users 1-110
2026-08-29 09:30:44,813 INFO o.a.j.t.JMeterThread: Thread started: Customer Index Page - 1000 Users 1-111
2026-08-29 09:30:44,832 INFO o.a.j.t.JMeterThread: Thread is done: Customer Index Page - 1000 Users 1-111
2026-08-29 09:30:44,833 INFO o.a.j.t.JMeterThread: Thread finished: Customer Index Page - 1000 Users 1-111
2026-08-29 09:30:44,914 INFO o.a.j.t.JMeterThread: Thread started: Customer Index Page - 1000 Users 1-112
2026-08-29 09:30:44,935 INFO o.a.j.t.JMeterThread: Thread is done: Customer Index Page - 1000 Users 1-112
2026-08-29 09:30:44,936 INFO o.a.j.t.JMeterThread: Thread finished: Customer Index Page - 1000 Users 1-112
2026-08-29 09:30:45,015 INFO o.a.j.t.JMeterThread: Thread started: Customer Index Page - 1000 Users 1-113
2026-08-29 09:30:45,032 INFO o.a.j.t.JMeterThread: Thread is done: Customer Index Page - 1000 Users 1-113
2026-08-29 09:30:45,034 INFO o.a.j.t.JMeterThread: Thread finished: Customer Index Page - 1000 Users 1-113
2026-08-29 09:30:45,115 INFO o.a.j.t.JMeterThread: Thread started: Customer Index Page - 1000 Users 1-114
2026-08-29 09:30:45,134 INFO o.a.j.t.JMeterThread: Thread is done: Customer Index Page - 1000 Users 1-114
2026-08-29 09:30:45,136 INFO o.a.j.t.JMeterThread: Thread finished: Customer Index Page - 1000 Users 1-114
2026-08-29 09:30:45,214 INFO o.a.j.t.JMeterThread: Thread started: Customer Index Page - 1000 Users 1-115
2026-08-29 09:30:45,233 INFO o.a.j.t.JMeterThread: Thread is done: Customer Index Page - 1000 Users 1-115
2026-08-29 09:30:45,234 INFO o.a.j.t.JMeterThread: Thread finished: Customer Index Page - 1000 Users 1-115
2026-08-29 09:30:45,315 INFO o.a.j.t.JMeterThread: Thread started: Customer Index Page - 1000 Users 1-116
2026-08-29 09:30:45,340 INFO o.a.j.t.JMeterThread: Thread is done: Customer Index Page - 1000 Users 1-116
2026-08-29 09:30:45,341 INFO o.a.j.t.JMeterThread: Thread finished: Customer Index Page - 1000 Users 1-116
2026-08-29 09:30:45,414 INFO o.a.j.t.JMeterThread: Thread started: Customer Index Page - 1000 Users 1-117
2026-08-29 09:30:45,431 INFO o.a.j.t.JMeterThread: Thread is done: Customer Index Page - 1000 Users 1-117
2026-08-29 09:30:45,432 INFO o.a.j.t.JMeterThread: Thread finished: Customer Index Page - 1000 Users 1-117
2026-08-29 09:30:45,515 INFO o.a.j.t.JMeterThread: Thread started: Customer Index Page - 1000 Users 1-118
2026-08-29 09:30:45,539 INFO o.a.j.t.JMeterThread: Thread is done: Customer Index Page - 1000 Users 1-118
2026-08-29 09:30:45,541 INFO o.a.j.t.JMeterThread: Thread finished: Customer Index Page - 1000 Users 1-118
2026-08-29 09:30:45,614 INFO o.a.j.t.JMeterThread: Thread started: Customer Index Page - 1000 Users 1-119
2026-08-29 09:30:45,634 INFO o.a.j.t.JMeterThread: Thread is done: Customer Index Page - 1000 Users 1-119
2026-08-29 09:30:45,635 INFO o.a.j.t.JMeterThread: Thread finished: Customer Index Page - 1000 Users 1-119
2026-08-29 09:30:45,715 INFO o.a.j.t.JMeterThread: Thread started: Customer Index Page - 1000 Users 1-120
2026-08-29 09:30:45,734 INFO o.a.j.t.JMeterThread: Thread is done: Customer Index Page - 1000 Users 1-120
2026-08-29 09:30:45,735 INFO o.a.j.t.JMeterThread: Thread finished: Customer Index Page - 1000 Users 1-120
2026-08-29 09:30:45,815 INFO o.a.j.t.JMeterThread: Thread started: Customer Index Page - 1000 Users 1-121
2026-08-29 09:30:45,833 INFO o.a.j.t.JMeterThread: Thread is done: Customer Index Page - 1000 Users 1-121
2026-08-29 09:30:45,834 INFO o.a.j.t.JMeterThread: Thread finished: Customer Index Page - 1000 Users 1-121
2026-08-29 09:30:45,914 INFO o.a.j.t.JMeterThread: Thread started: Customer Index Page - 1000 Users 1-122
2026-08-29 09:30:45,933 INFO o.a.j.t.JMeterThread: Thread is done: Customer Index Page - 1000 Users 1-122
2026-08-29 09:30:45,934 INFO o.a.j.t.JMeterThread: Thread finished: Customer Index Page - 1000 Users 1-122
2026-08-29 09:30:46,014 INFO o.a.j.t.JMeterThread: Thread started: Customer Index Page - 1000 Users 1-123
2026-08-29 09:30:46,033 INFO o.a.j.t.JMeterThread: Thread is done: Customer Index Page - 1000 Users 1-123
2026-08-29 09:30:46,034 INFO o.a.j.t.JMeterThread: Thread finished: Customer Index Page - 1000 Users 1-123
2026-08-29 09:30:46,114 INFO o.a.j.t.JMeterThread: Thread started: Customer Index Page - 1000 Users 1-124
2026-08-29 09:30:46,140 INFO o.a.j.t.JMeterThread: Thread is done: Customer Index Page - 1000 Users 1-124
2026-08-29 09:30:46,141 INFO o.a.j.t.JMeterThread: Thread finished: Customer Index Page - 1000 Users 1-124
2026-08-29 09:30:46,214 INFO o.a.j.t.JMeterThread: Thread started: Customer Index Page - 1000 Users 1-125
2026-08-29 09:30:46,235 INFO o.a.j.t.JMeterThread: Thread is done: Customer Index Page - 1000 Users 1-125
2026-08-29 09:30:46,237 INFO o.a.j.t.JMeterThread: Thread finished: Customer Index Page - 1000 Users 1-125
2026-08-29 09:30:46,316 INFO o.a.j.t.JMeterThread: Thread started: Customer Index Page - 1000 Users 1-126
2026-08-29 09:30:46,340 INFO o.a.j.t.JMeterThread: Thread is done: Customer Index Page - 1000 Users 1-126
2026-08-29 09:30:46,341 INFO o.a.j.t.JMeterThread: Thread finished: Customer Index Page - 1000 Users 1-126
2026-08-29 09:30:46,414 INFO o.a.j.t.JMeterThread: Thread started: Customer Index Page - 1000 Users 1-127
2026-08-29 09:30:46,441 INFO o.a.j.t.JMeterThread: Thread is done: Customer Index Page - 1000 Users 1-127
2026-08-29 09:30:46,443 INFO o.a.j.t.JMeterThread: Thread finished: Customer Index Page - 1000 Users 1-127
2026-08-29 09:30:46,514 INFO o.a.j.t.JMeterThread: Thread started: Customer Index Page - 1000 Users 1-128
2026-08-29 09:30:46,549 INFO o.a.j.t.JMeterThread: Thread is done: Customer Index Page - 1000 Users 1-128
2026-08-29 09:30:46,551 INFO o.a.j.t.JMeterThread: Thread finished: Customer Index Page - 1000 Users 1-128
2026-08-29 09:30:46,614 INFO o.a.j.t.JMeterThread: Thread started: Customer Index Page - 1000 Users 1-129
2026-08-29 09:30:46,644 INFO o.a.j.t.JMeterThread: Thread is done: Customer Index Page - 1000 Users 1-129
2026-08-29 09:30:46,645 INFO o.a.j.t.JMeterThread: Thread finished: Customer Index Page - 1000 Users 1-129
2026-08-29 09:30:46,714 INFO o.a.j.t.JMeterThread: Thread started: Customer Index Page - 1000 Users 1-130
2026-08-29 09:30:46,739 INFO o.a.j.t.JMeterThread: Thread is done: Customer Index Page - 1000 Users 1-130
2026-08-29 09:30:46,741 INFO o.a.j.t.JMeterThread: Thread finished: Customer Index Page - 1000 Users 1-130
2026-08-29 09:30:46,815 INFO o.a.j.t.JMeterThread: Thread started: Customer Index Page - 1000 Users 1-131
2026-08-29 09:30:46,833 INFO o.a.j.t.JMeterThread: Thread is done: Customer Index Page - 1000 Users 1-131
2026-08-29 09:30:46,834 INFO o.a.j.t.JMeterThread: Thread finished: Customer Index Page - 1000 Users 1-131
2026-08-29 09:30:46,914 INFO o.a.j.t.JMeterThread: Thread started: Customer Index Page - 1000 Users 1-132
2026-08-29 09:30:46,934 INFO o.a.j.t.JMeterThread: Thread is done: Customer Index Page - 1000 Users 1-132
2026-08-29 09:30:46,935 INFO o.a.j.t.JMeterThread: Thread finished: Customer Index Page - 1000 Users 1-132
2026-08-29 09:30:47,014 INFO o.a.j.t.JMeterThread: Thread started: Customer Index Page - 1000 Users 1-133
2026-08-29 09:30:47,033 INFO o.a.j.t.JMeterThread: Thread is done: Customer Index Page - 1000 Users 1-133
2026-08-29 09:30:47,035 INFO o.a.j.t.JMeterThread: Thread finished: Customer Index Page - 1000 Users 1-133
2026-08-29 09:30:47,114 INFO o.a.j.t.JMeterThread: Thread started: Customer Index Page - 1000 Users 1-134
2026-08-29 09:30:47,137 INFO o.a.j.t.JMeterThread: Thread is done: Customer Index Page - 1000 Users 1-134
2026-08-29 09:30:47,138 INFO o.a.j.t.JMeterThread: Thread finished: Customer Index Page - 1000 Users 1-134
2026-08-29 09:30:47,214 INFO o.a.j.t.JMeterThread: Thread started: Customer Index Page - 1000 Users 1-135
2026-08-29 09:30:47,236 INFO o.a.j.t.JMeterThread: Thread is done: Customer Index Page - 1000 Users 1-135
2026-08-29 09:30:47,237 INFO o.a.j.t.JMeterThread: Thread finished: Customer Index Page - 1000 Users 1-135
2026-08-29 09:30:47,315 INFO o.a.j.t.JMeterThread: Thread started: Customer Index Page - 1000 Users 1-136
2026-08-29 09:30:47,334 INFO o.a.j.t.JMeterThread: Thread is done: Customer Index Page - 1000 Users 1-136
2026-08-29 09:30:47,335 INFO o.a.j.t.JMeterThread: Thread finished: Customer Index Page - 1000 Users 1-136
2026-08-29 09:30:47,415 INFO o.a.j.t.JMeterThread: Thread started: Customer Index Page - 1000 Users 1-137
2026-08-29 09:30:47,433 INFO o.a.j.t.JMeterThread: Thread is done: Customer Index Page - 1000 Users 1-137
2026-08-29 09:30:47,434 INFO o.a.j.t.JMeterThread: Thread finished: Customer Index Page - 1000 Users 1-137
2026-08-29 09:30:47,514 INFO o.a.j.t.JMeterThread: Thread started: Customer Index Page - 1000 Users 1-138
2026-08-29 09:30:47,533 INFO o.a.j.t.JMeterThread: Thread is done: Customer Index Page - 1000 Users 1-138
2026-08-29 09:30:47,534 INFO o.a.j.t.JMeterThread: Thread finished: Customer Index Page - 1000 Users 1-138
2026-08-29 09:30:47,614 INFO o.a.j.t.JMeterThread: Thread started: Customer Index Page - 1000 Users 1-139
2026-08-29 09:30:47,637 INFO o.a.j.t.JMeterThread: Thread is done: Customer Index Page - 1000 Users 1-139
2026-08-29 09:30:47,639 INFO o.a.j.t.JMeterThread: Thread finished: Customer Index Page - 1000 Users 1-139
2026-08-29 09:30:47,714 INFO o.a.j.t.JMeterThread: Thread started: Customer Index Page - 1000 Users 1-140
2026-08-29 09:30:47,735 INFO o.a.j.t.JMeterThread: Thread is done: Customer Index Page - 1000 Users 1-140
2026-08-29 09:30:47,736 INFO o.a.j.t.JMeterThread: Thread finished: Customer Index Page - 1000 Users 1-140
2026-08-29 09:30:47,814 INFO o.a.j.t.JMeterThread: Thread started: Customer Index Page - 1000 Users 1-141
2026-08-29 09:30:47,835 INFO o.a.j.t.JMeterThread: Thread is done: Customer Index Page - 1000 Users 1-141
2026-08-29 09:30:47,836 INFO o.a.j.t.JMeterThread: Thread finished: Customer Index Page - 1000 Users 1-141
2026-08-29 09:30:47,914 INFO o.a.j.t.JMeterThread: Thread started: Customer Index Page - 1000 Users 1-142
2026-08-29 09:30:47,940 INFO o.a.j.t.JMeterThread: Thread is done: Customer Index Page - 1000 Users 1-142
2026-08-29 09:30:47,941 INFO o.a.j.t.JMeterThread: Thread finished: Customer Index Page - 1000 Users 1-142
2026-08-29 09:30:48,015 INFO o.a.j.t.JMeterThread: Thread started: Customer Index Page - 1000 Users 1-143
2026-08-29 09:30:48,032 INFO o.a.j.t.JMeterThread: Thread is done: Customer Index Page - 1000 Users 1-143
2026-08-29 09:30:48,033 INFO o.a.j.t.JMeterThread: Thread finished: Customer Index Page - 1000 Users 1-143
2026-08-29 09:30:48,113 INFO o.a.j.t.JMeterThread: Thread started: Customer Index Page - 1000 Users 1-144
2026-08-29 09:30:48,131 INFO o.a.j.t.JMeterThread: Thread is done: Customer Index Page - 1000 Users 1-144
2026-08-29 09:30:48,132 INFO o.a.j.t.JMeterThread: Thread finished: Customer Index Page - 1000 Users 1-144
2026-08-29 09:30:48,215 INFO o.a.j.t.JMeterThread: Thread started: Customer Index Page - 1000 Users 1-145
2026-08-29 09:30:48,232 INFO o.a.j.t.JMeterThread: Thread is done: Customer Index Page - 1000 Users 1-145
2026-08-29 09:30:48,234 INFO o.a.j.t.JMeterThread: Thread finished: Customer Index Page - 1000 Users 1-145
2026-08-29 09:30:48,314 INFO o.a.j.t.JMeterThread: Thread started: Customer Index Page - 1000 Users 1-146
2026-08-29 09:30:48,329 INFO o.a.j.t.JMeterThread: Thread is done: Customer Index Page - 1000 Users 1-146
2026-08-29 09:30:48,331 INFO o.a.j.t.JMeterThread: Thread finished: Customer Index Page - 1000 Users 1-146
2026-08-29 09:30:48,414 INFO o.a.j.t.JMeterThread: Thread started: Customer Index Page - 1000 Users 1-147
2026-08-29 09:30:48,431 INFO o.a.j.t.JMeterThread: Thread is done: Customer Index Page - 1000 Users 1-147
2026-08-29 09:30:48,432 INFO o.a.j.t.JMeterThread: Thread finished: Customer Index Page - 1000 Users 1-147
2026-08-29 09:30:48,514 INFO o.a.j.t.JMeterThread: Thread started: Customer Index Page - 1000 Users 1-148
2026-08-29 09:30:48,529 INFO o.a.j.t.JMeterThread: Thread is done: Customer Index Page - 1000 Users 1-148
2026-08-29 09:30:48,531 INFO o.a.j.t.JMeterThread: Thread finished: Customer Index Page - 1000 Users 1-148
2026-08-29 09:30:48,614 INFO o.a.j.t.JMeterThread: Thread started: Customer Index Page - 1000 Users 1-149
2026-08-29 09:30:48,634 INFO o.a.j.t.JMeterThread: Thread is done: Customer Index Page - 1000 Users 1-149
2026-08-29 09:30:48,636 INFO o.a.j.t.JMeterThread: Thread finished: Customer Index Page - 1000 Users 1-149
2026-08-29 09:30:48,714 INFO o.a.j.t.JMeterThread: Thread started: Customer Index Page - 1000 Users 1-150
2026-08-29 09:30:48,732 INFO o.a.j.t.JMeterThread: Thread is done: Customer Index Page - 1000 Users 1-150
2026-08-29 09:30:48,733 INFO o.a.j.t.JMeterThread: Thread finished: Customer Index Page - 1000 Users 1-150
2026-08-29 09:30:48,814 INFO o.a.j.t.JMeterThread: Thread started: Customer Index Page - 1000 Users 1-151
2026-08-29 09:30:48,831 INFO o.a.j.t.JMeterThread: Thread is done: Customer Index Page - 1000 Users 1-151
2026-08-29 09:30:48,832 INFO o.a.j.t.JMeterThread: Thread finished: Customer Index Page - 1000 Users 1-151
2026-08-29 09:30:48,914 INFO o.a.j.t.JMeterThread: Thread started: Customer Index Page - 1000 Users 1-152
2026-08-29 09:30:48,929 INFO o.a.j.t.JMeterThread: Thread is done: Customer Index Page - 1000 Users 1-152
2026-08-29 09:30:48,931 INFO o.a.j.t.JMeterThread: Thread finished: Customer Index Page - 1000 Users 1-152
2026-08-29 09:30:49,014 INFO o.a.j.t.JMeterThread: Thread started: Customer Index Page - 1000 Users 1-153
2026-08-29 09:30:49,030 INFO o.a.j.t.JMeterThread: Thread is done: Customer Index Page - 1000 Users 1-153
2026-08-29 09:30:49,031 INFO o.a.j.t.JMeterThread: Thread finished: Customer Index Page - 1000 Users 1-153
2026-08-29 09:30:49,114 INFO o.a.j.t.JMeterThread: Thread started: Customer Index Page - 1000 Users 1-154
2026-08-29 09:30:49,130 INFO o.a.j.t.JMeterThread: Thread is done: Customer Index Page - 1000 Users 1-154
2026-08-29 09:30:49,131 INFO o.a.j.t.JMeterThread: Thread finished: Customer Index Page - 1000 Users 1-154
2026-08-29 09:30:49,215 INFO o.a.j.t.JMeterThread: Thread started: Customer Index Page - 1000 Users 1-155
2026-08-29 09:30:49,230 INFO o.a.j.t.JMeterThread: Thread is done: Customer Index Page - 1000 Users 1-155
2026-08-29 09:30:49,232 INFO o.a.j.t.JMeterThread: Thread finished: Customer Index Page - 1000 Users 1-155
2026-08-29 09:30:49,314 INFO o.a.j.t.JMeterThread: Thread started: Customer Index Page - 1000 Users 1-156
2026-08-29 09:30:49,330 INFO o.a.j.t.JMeterThread: Thread is done: Customer Index Page - 1000 Users 1-156
2026-08-29 09:30:49,331 INFO o.a.j.t.JMeterThread: Thread finished: Customer Index Page - 1000 Users 1-156
2026-08-29 09:30:49,413 INFO o.a.j.t.JMeterThread: Thread started: Customer Index Page - 1000 Users 1-157
2026-08-29 09:30:49,429 INFO o.a.j.t.JMeterThread: Thread is done: Customer Index Page - 1000 Users 1-157
2026-08-29 09:30:49,431 INFO o.a.j.t.JMeterThread: Thread finished: Customer Index Page - 1000 Users 1-157
2026-08-29 09:30:49,514 INFO o.a.j.t.JMeterThread: Thread started: Customer Index Page - 1000 Users 1-158
2026-08-29 09:30:49,531 INFO o.a.j.t.JMeterThread: Thread is done: Customer Index Page - 1000 Users 1-158
2026-08-29 09:30:49,532 INFO o.a.j.t.JMeterThread: Thread finished: Customer Index Page - 1000 Users 1-158
2026-08-29 09:30:49,614 INFO o.a.j.t.JMeterThread: Thread started: Customer Index Page - 1000 Users 1-159
2026-08-29 09:30:49,630 INFO o.a.j.t.JMeterThread: Thread is done: Customer Index Page - 1000 Users 1-159
2026-08-29 09:30:49,631 INFO o.a.j.t.JMeterThread: Thread finished: Customer Index Page - 1000 Users 1-159
2026-08-29 09:30:49,714 INFO o.a.j.t.JMeterThread: Thread started: Customer Index Page - 1000 Users 1-160
2026-08-29 09:30:49,734 INFO o.a.j.t.JMeterThread: Thread is done: Customer Index Page - 1000 Users 1-160
2026-08-29 09:30:49,735 INFO o.a.j.t.JMeterThread: Thread finished: Customer Index Page - 1000 Users 1-160
2026-08-29 09:30:49,814 INFO o.a.j.t.JMeterThread: Thread started: Customer Index Page - 1000 Users 1-161
2026-08-29 09:30:49,831 INFO o.a.j.t.JMeterThread: Thread is done: Customer Index Page - 1000 Users 1-161
2026-08-29 09:30:49,832 INFO o.a.j.t.JMeterThread: Thread finished: Customer Index Page - 1000 Users 1-161
2026-08-29 09:30:49,914 INFO o.a.j.t.JMeterThread: Thread started: Customer Index Page - 1000 Users 1-162
2026-08-29 09:30:49,930 INFO o.a.j.t.JMeterThread: Thread is done: Customer Index Page - 1000 Users 1-162
2026-08-29 09:30:49,932 INFO o.a.j.t.JMeterThread: Thread finished: Customer Index Page - 1000 Users 1-162
2026-08-29 09:30:50,014 INFO o.a.j.t.JMeterThread: Thread started: Customer Index Page - 1000 Users 1-163
2026-08-29 09:30:50,030 INFO o.a.j.t.JMeterThread: Thread is done: Customer Index Page - 1000 Users 1-163
2026-08-29 09:30:50,032 INFO o.a.j.t.JMeterThread: Thread finished: Customer Index Page - 1000 Users 1-163
2026-08-29 09:30:50,115 INFO o.a.j.t.JMeterThread: Thread started: Customer Index Page - 1000 Users 1-164
2026-08-29 09:30:50,133 INFO o.a.j.t.JMeterThread: Thread is done: Customer Index Page - 1000 Users 1-164
2026-08-29 09:30:50,135 INFO o.a.j.t.JMeterThread: Thread finished: Customer Index Page - 1000 Users 1-164
2026-08-29 09:30:50,214 INFO o.a.j.t.JMeterThread: Thread started: Customer Index Page - 1000 Users 1-165
2026-08-29 09:30:50,230 INFO o.a.j.t.JMeterThread: Thread is done: Customer Index Page - 1000 Users 1-165
2026-08-29 09:30:50,231 INFO o.a.j.t.JMeterThread: Thread finished: Customer Index Page - 1000 Users 1-165
2026-08-29 09:30:50,313 INFO o.a.j.t.JMeterThread: Thread started: Customer Index Page - 1000 Users 1-166
2026-08-29 09:30:50,329 INFO o.a.j.t.JMeterThread: Thread is done: Customer Index Page - 1000 Users 1-166
2026-08-29 09:30:50,330 INFO o.a.j.t.JMeterThread: Thread finished: Customer Index Page - 1000 Users 1-166
2026-08-29 09:30:50,415 INFO o.a.j.t.JMeterThread: Thread started: Customer Index Page - 1000 Users 1-167
2026-08-29 09:30:50,431 INFO o.a.j.t.JMeterThread: Thread is done: Customer Index Page - 1000 Users 1-167
2026-08-29 09:30:50,433 INFO o.a.j.t.JMeterThread: Thread finished: Customer Index Page - 1000 Users 1-167
2026-08-29 09:30:50,513 INFO o.a.j.t.JMeterThread: Thread started: Customer Index Page - 1000 Users 1-168
2026-08-29 09:30:50,531 INFO o.a.j.t.JMeterThread: Thread is done: Customer Index Page - 1000 Users 1-168
2026-08-29 09:30:50,532 INFO o.a.j.t.JMeterThread: Thread finished: Customer Index Page - 1000 Users 1-168
2026-08-29 09:30:50,614 INFO o.a.j.t.JMeterThread: Thread started: Customer Index Page - 1000 Users 1-169
2026-08-29 09:30:50,629 INFO o.a.j.t.JMeterThread: Thread is done: Customer Index Page - 1000 Users 1-169
2026-08-29 09:30:50,630 INFO o.a.j.t.JMeterThread: Thread finished: Customer Index Page - 1000 Users 1-169
2026-08-29 09:30:50,715 INFO o.a.j.t.JMeterThread: Thread started: Customer Index Page - 1000 Users 1-170
2026-08-29 09:30:50,731 INFO o.a.j.t.JMeterThread: Thread is done: Customer Index Page - 1000 Users 1-170
2026-08-29 09:30:50,733 INFO o.a.j.t.JMeterThread: Thread finished: Customer Index Page - 1000 Users 1-170
2026-08-29 09:30:50,813 INFO o.a.j.t.JMeterThread: Thread started: Customer Index Page - 1000 Users 1-171
2026-08-29 09:30:50,828 INFO o.a.j.t.JMeterThread: Thread is done: Customer Index Page - 1000 Users 1-171
2026-08-29 09:30:50,829 INFO o.a.j.t.JMeterThread: Thread finished: Customer Index Page - 1000 Users 1-171
2026-08-29 09:30:50,915 INFO o.a.j.t.JMeterThread: Thread started: Customer Index Page - 1000 Users 1-172
2026-08-29 09:30:50,930 INFO o.a.j.t.JMeterThread: Thread is done: Customer Index Page - 1000 Users 1-172
2026-08-29 09:30:50,931 INFO o.a.j.t.JMeterThread: Thread finished: Customer Index Page - 1000 Users 1-172
2026-08-29 09:30:51,013 INFO o.a.j.t.JMeterThread: Thread started: Customer Index Page - 1000 Users 1-173
2026-08-29 09:30:51,028 INFO o.a.j.t.JMeterThread: Thread is done: Customer Index Page - 1000 Users 1-173
2026-08-29 09:30:51,029 INFO o.a.j.t.JMeterThread: Thread finished: Customer Index Page - 1000 Users 1-173
2026-08-29 09:30:51,114 INFO o.a.j.t.JMeterThread: Thread started: Customer Index Page - 1000 Users 1-174
2026-08-29 09:30:51,130 INFO o.a.j.t.JMeterThread: Thread is done: Customer Index Page - 1000 Users 1-174
2026-08-29 09:30:51,131 INFO o.a.j.t.JMeterThread: Thread finished: Customer Index Page - 1000 Users 1-174
2026-08-29 09:30:51,214 INFO o.a.j.t.JMeterThread: Thread started: Customer Index Page - 1000 Users 1-175
2026-08-29 09:30:51,229 INFO o.a.j.t.JMeterThread: Thread is done: Customer Index Page - 1000 Users 1-175
2026-08-29 09:30:51,230 INFO o.a.j.t.JMeterThread: Thread finished: Customer Index Page - 1000 Users 1-175
2026-08-29 09:30:51,314 INFO o.a.j.t.JMeterThread: Thread started: Customer Index Page - 1000 Users 1-176
2026-08-29 09:30:51,329 INFO o.a.j.t.JMeterThread: Thread is done: Customer Index Page - 1000 Users 1-176
2026-08-29 09:30:51,330 INFO o.a.j.t.JMeterThread: Thread finished: Customer Index Page - 1000 Users 1-176
2026-08-29 09:30:51,414 INFO o.a.j.t.JMeterThread: Thread started: Customer Index Page - 1000 Users 1-177
2026-08-29 09:30:51,430 INFO o.a.j.t.JMeterThread: Thread is done: Customer Index Page - 1000 Users 1-177
2026-08-29 09:30:51,433 INFO o.a.j.t.JMeterThread: Thread finished: Customer Index Page - 1000 Users 1-177
2026-08-29 09:30:51,514 INFO o.a.j.t.JMeterThread: Thread started: Customer Index Page - 1000 Users 1-178
2026-08-29 09:30:51,533 INFO o.a.j.t.JMeterThread: Thread is done: Customer Index Page - 1000 Users 1-178
2026-08-29 09:30:51,534 INFO o.a.j.t.JMeterThread: Thread finished: Customer Index Page - 1000 Users 1-178
2026-08-29 09:30:51,614 INFO o.a.j.t.JMeterThread: Thread started: Customer Index Page - 1000 Users 1-179
2026-08-29 09:30:51,630 INFO o.a.j.t.JMeterThread: Thread is done: Customer Index Page - 1000 Users 1-179
2026-08-29 09:30:51,632 INFO o.a.j.t.JMeterThread: Thread finished: Customer Index Page - 1000 Users 1-179
2026-08-29 09:30:51,715 INFO o.a.j.t.JMeterThread: Thread started: Customer Index Page - 1000 Users 1-180
2026-08-29 09:30:51,730 INFO o.a.j.t.JMeterThread: Thread is done: Customer Index Page - 1000 Users 1-180
2026-08-29 09:30:51,731 INFO o.a.j.t.JMeterThread: Thread finished: Customer Index Page - 1000 Users 1-180
2026-08-29 09:30:51,814 INFO o.a.j.t.JMeterThread: Thread started: Customer Index Page - 1000 Users 1-181
2026-08-29 09:30:51,829 INFO o.a.j.t.JMeterThread: Thread is done: Customer Index Page - 1000 Users 1-181
2026-08-29 09:30:51,830 INFO o.a.j.t.JMeterThread: Thread finished: Customer Index Page - 1000 Users 1-181
2026-08-29 09:30:51,914 INFO o.a.j.t.JMeterThread: Thread started: Customer Index Page - 1000 Users 1-182
2026-08-29 09:30:51,930 INFO o.a.j.t.JMeterThread: Thread is done: Customer Index Page - 1000 Users 1-182
2026-08-29 09:30:51,931 INFO o.a.j.t.JMeterThread: Thread finished: Customer Index Page - 1000 Users 1-182
2026-08-29 09:30:52,013 INFO o.a.j.t.JMeterThread: Thread started: Customer Index Page - 1000 Users 1-183
2026-08-29 09:30:52,029 INFO o.a.j.t.JMeterThread: Thread is done: Customer Index Page - 1000 Users 1-183
2026-08-29 09:30:52,031 INFO o.a.j.t.JMeterThread: Thread finished: Customer Index Page - 1000 Users 1-183
2026-08-29 09:30:52,114 INFO o.a.j.t.JMeterThread: Thread started: Customer Index Page - 1000 Users 1-184
2026-08-29 09:30:52,130 INFO o.a.j.t.JMeterThread: Thread is done: Customer Index Page - 1000 Users 1-184
2026-08-29 09:30:52,131 INFO o.a.j.t.JMeterThread: Thread finished: Customer Index Page - 1000 Users 1-184
2026-08-29 09:30:52,213 INFO o.a.j.t.JMeterThread: Thread started: Customer Index Page - 1000 Users 1-185
2026-08-29 09:30:52,229 INFO o.a.j.t.JMeterThread: Thread is done: Customer Index Page - 1000 Users 1-185
2026-08-29 09:30:52,230 INFO o.a.j.t.JMeterThread: Thread finished: Customer Index Page - 1000 Users 1-185
2026-08-29 09:30:52,314 INFO o.a.j.t.JMeterThread: Thread started: Customer Index Page - 1000 Users 1-186
2026-08-29 09:30:52,330 INFO o.a.j.t.JMeterThread: Thread is done: Customer Index Page - 1000 Users 1-186
2026-08-29 09:30:52,331 INFO o.a.j.t.JMeterThread: Thread finished: Customer Index Page - 1000 Users 1-186
2026-08-29 09:30:52,414 INFO o.a.j.t.JMeterThread: Thread started: Customer Index Page - 1000 Users 1-187
2026-08-29 09:30:52,429 INFO o.a.j.t.JMeterThread: Thread is done: Customer Index Page - 1000 Users 1-187
2026-08-29 09:30:52,430 INFO o.a.j.t.JMeterThread: Thread finished: Customer Index Page - 1000 Users 1-187
2026-08-29 09:30:52,515 INFO o.a.j.t.JMeterThread: Thread started: Customer Index Page - 1000 Users 1-188
2026-08-29 09:30:52,535 INFO o.a.j.t.JMeterThread: Thread is done: Customer Index Page - 1000 Users 1-188
2026-08-29 09:30:52,537 INFO o.a.j.t.JMeterThread: Thread finished: Customer Index Page - 1000 Users 1-188
2026-08-29 09:30:52,616 INFO o.a.j.t.JMeterThread: Thread started: Customer Index Page - 1000 Users 1-189
2026-08-29 09:30:52,631 INFO o.a.j.t.JMeterThread: Thread is done: Customer Index Page - 1000 Users 1-189
2026-08-29 09:30:52,632 INFO o.a.j.t.JMeterThread: Thread finished: Customer Index Page - 1000 Users 1-189
2026-08-29 09:30:52,714 INFO o.a.j.t.JMeterThread: Thread started: Customer Index Page - 1000 Users 1-190
2026-08-29 09:30:52,732 INFO o.a.j.t.JMeterThread: Thread is done: Customer Index Page - 1000 Users 1-190
2026-08-29 09:30:52,733 INFO o.a.j.t.JMeterThread: Thread finished: Customer Index Page - 1000 Users 1-190
2026-08-29 09:30:52,814 INFO o.a.j.t.JMeterThread: Thread started: Customer Index Page - 1000 Users 1-191
2026-08-29 09:30:52,834 INFO o.a.j.t.JMeterThread: Thread is done: Customer Index Page - 1000 Users 1-191
2026-08-29 09:30:52,835 INFO o.a.j.t.JMeterThread: Thread finished: Customer Index Page - 1000 Users 1-191
2026-08-29 09:30:52,914 INFO o.a.j.t.JMeterThread: Thread started: Customer Index Page - 1000 Users 1-192
2026-08-29 09:30:52,936 INFO o.a.j.t.JMeterThread: Thread is done: Customer Index Page - 1000 Users 1-192
2026-08-29 09:30:52,937 INFO o.a.j.t.JMeterThread: Thread finished: Customer Index Page - 1000 Users 1-192
2026-08-29 09:30:53,013 INFO o.a.j.t.JMeterThread: Thread started: Customer Index Page - 1000 Users 1-193
2026-08-29 09:30:53,031 INFO o.a.j.t.JMeterThread: Thread is done: Customer Index Page - 1000 Users 1-193
2026-08-29 09:30:53,033 INFO o.a.j.t.JMeterThread: Thread finished: Customer Index Page - 1000 Users 1-193
2026-08-29 09:30:53,114 INFO o.a.j.t.JMeterThread: Thread started: Customer Index Page - 1000 Users 1-194
2026-08-29 09:30:53,131 INFO o.a.j.t.JMeterThread: Thread is done: Customer Index Page - 1000 Users 1-194
2026-08-29 09:30:53,132 INFO o.a.j.t.JMeterThread: Thread finished: Customer Index Page - 1000 Users 1-194
2026-08-29 09:30:53,216 INFO o.a.j.t.JMeterThread: Thread started: Customer Index Page - 1000 Users 1-195
2026-08-29 09:30:53,231 INFO o.a.j.t.JMeterThread: Thread is done: Customer Index Page - 1000 Users 1-195
2026-08-29 09:30:53,233 INFO o.a.j.t.JMeterThread: Thread finished: Customer Index Page - 1000 Users 1-195
2026-08-29 09:30:53,315 INFO o.a.j.t.JMeterThread: Thread started: Customer Index Page - 1000 Users 1-196
2026-08-29 09:30:53,347 INFO o.a.j.t.JMeterThread: Thread is done: Customer Index Page - 1000 Users 1-196
2026-08-29 09:30:53,348 INFO o.a.j.t.JMeterThread: Thread finished: Customer Index Page - 1000 Users 1-196
2026-08-29 09:30:53,415 INFO o.a.j.t.JMeterThread: Thread started: Customer Index Page - 1000 Users 1-197
2026-08-29 09:30:53,434 INFO o.a.j.t.JMeterThread: Thread is done: Customer Index Page - 1000 Users 1-197
2026-08-29 09:30:53,436 INFO o.a.j.t.JMeterThread: Thread finished: Customer Index Page - 1000 Users 1-197
2026-08-29 09:30:53,514 INFO o.a.j.t.JMeterThread: Thread started: Customer Index Page - 1000 Users 1-198
2026-08-29 09:30:53,530 INFO o.a.j.t.JMeterThread: Thread is done: Customer Index Page - 1000 Users 1-198
2026-08-29 09:30:53,532 INFO o.a.j.t.JMeterThread: Thread finished: Customer Index Page - 1000 Users 1-198
2026-08-29 09:30:53,614 INFO o.a.j.t.JMeterThread: Thread started: Customer Index Page - 1000 Users 1-199
2026-08-29 09:30:53,631 INFO o.a.j.t.JMeterThread: Thread is done: Customer Index Page - 1000 Users 1-199
2026-08-29 09:30:53,632 INFO o.a.j.t.JMeterThread: Thread finished: Customer Index Page - 1000 Users 1-199
2026-08-29 09:30:53,715 INFO o.a.j.t.JMeterThread: Thread started: Customer Index Page - 1000 Users 1-200
2026-08-29 09:30:53,731 INFO o.a.j.t.JMeterThread: Thread is done: Customer Index Page - 1000 Users 1-200
2026-08-29 09:30:53,732 INFO o.a.j.t.JMeterThread: Thread finished: Customer Index Page - 1000 Users 1-200
2026-08-29 09:30:53,815 INFO o.a.j.t.JMeterThread: Thread started: Customer Index Page - 1000 Users 1-201
2026-08-29 09:30:53,831 INFO o.a.j.t.JMeterThread: Thread is done: Customer Index Page - 1000 Users 1-201
2026-08-29 09:30:53,832 INFO o.a.j.t.JMeterThread: Thread finished: Customer Index Page - 1000 Users 1-201
2026-08-29 09:30:53,915 INFO o.a.j.t.JMeterThread: Thread started: Customer Index Page - 1000 Users 1-202
2026-08-29 09:30:53,931 INFO o.a.j.t.JMeterThread: Thread is done: Customer Index Page - 1000 Users 1-202
2026-08-29 09:30:53,932 INFO o.a.j.t.JMeterThread: Thread finished: Customer Index Page - 1000 Users 1-202
2026-08-29 09:30:54,014 INFO o.a.j.t.JMeterThread: Thread started: Customer Index Page - 1000 Users 1-203
2026-08-29 09:30:54,030 INFO o.a.j.t.JMeterThread: Thread is done: Customer Index Page - 1000 Users 1-203
2026-08-29 09:30:54,031 INFO o.a.j.t.JMeterThread: Thread finished: Customer Index Page - 1000 Users 1-203
2026-08-29 09:30:54,114 INFO o.a.j.t.JMeterThread: Thread started: Customer Index Page - 1000 Users 1-204
2026-08-29 09:30:54,131 INFO o.a.j.t.JMeterThread: Thread is done: Customer Index Page - 1000 Users 1-204
2026-08-29 09:30:54,133 INFO o.a.j.t.JMeterThread: Thread finished: Customer Index Page - 1000 Users 1-204
2026-08-29 09:30:54,214 INFO o.a.j.t.JMeterThread: Thread started: Customer Index Page - 1000 Users 1-205
2026-08-29 09:30:54,230 INFO o.a.j.t.JMeterThread: Thread is done: Customer Index Page - 1000 Users 1-205
2026-08-29 09:30:54,232 INFO o.a.j.t.JMeterThread: Thread finished: Customer Index Page - 1000 Users 1-205
2026-08-29 09:30:54,314 INFO o.a.j.t.JMeterThread: Thread started: Customer Index Page - 1000 Users 1-206
2026-08-29 09:30:54,330 INFO o.a.j.t.JMeterThread: Thread is done: Customer Index Page - 1000 Users 1-206
2026-08-29 09:30:54,332 INFO o.a.j.t.JMeterThread: Thread finished: Customer Index Page - 1000 Users 1-206
2026-08-29 09:30:54,414 INFO o.a.j.t.JMeterThread: Thread started: Customer Index Page - 1000 Users 1-207
2026-08-29 09:30:54,430 INFO o.a.j.t.JMeterThread: Thread is done: Customer Index Page - 1000 Users 1-207
2026-08-29 09:30:54,431 INFO o.a.j.t.JMeterThread: Thread finished: Customer Index Page - 1000 Users 1-207
2026-08-29 09:30:54,515 INFO o.a.j.t.JMeterThread: Thread started: Customer Index Page - 1000 Users 1-208
2026-08-29 09:30:54,531 INFO o.a.j.t.JMeterThread: Thread is done: Customer Index Page - 1000 Users 1-208
2026-08-29 09:30:54,533 INFO o.a.j.t.JMeterThread: Thread finished: Customer Index Page - 1000 Users 1-208
2026-08-29 09:30:54,614 INFO o.a.j.t.JMeterThread: Thread started: Customer Index Page - 1000 Users 1-209
2026-08-29 09:30:54,631 INFO o.a.j.t.JMeterThread: Thread is done: Customer Index Page - 1000 Users 1-209
2026-08-29 09:30:54,632 INFO o.a.j.t.JMeterThread: Thread finished: Customer Index Page - 1000 Users 1-209
2026-08-29 09:30:54,714 INFO o.a.j.t.JMeterThread: Thread started: Customer Index Page - 1000 Users 1-210
2026-08-29 09:30:54,729 INFO o.a.j.t.JMeterThread: Thread is done: Customer Index Page - 1000 Users 1-210
2026-08-29 09:30:54,730 INFO o.a.j.t.JMeterThread: Thread finished: Customer Index Page - 1000 Users 1-210
2026-08-29 09:30:54,813 INFO o.a.j.t.JMeterThread: Thread started: Customer Index Page - 1000 Users 1-211
2026-08-29 09:30:54,829 INFO o.a.j.t.JMeterThread: Thread is done: Customer Index Page - 1000 Users 1-211
2026-08-29 09:30:54,830 INFO o.a.j.t.JMeterThread: Thread finished: Customer Index Page - 1000 Users 1-211
2026-08-29 09:30:54,915 INFO o.a.j.t.JMeterThread: Thread started: Customer Index Page - 1000 Users 1-212
2026-08-29 09:30:54,930 INFO o.a.j.t.JMeterThread: Thread is done: Customer Index Page - 1000 Users 1-212
2026-08-29 09:30:54,932 INFO o.a.j.t.JMeterThread: Thread finished: Customer Index Page - 1000 Users 1-212
2026-08-29 09:30:55,014 INFO o.a.j.t.JMeterThread: Thread started: Customer Index Page - 1000 Users 1-213
2026-08-29 09:30:55,030 INFO o.a.j.t.JMeterThread: Thread is done: Customer Index Page - 1000 Users 1-213
2026-08-29 09:30:55,031 INFO o.a.j.t.JMeterThread: Thread finished: Customer Index Page - 1000 Users 1-213
2026-08-29 09:30:55,115 INFO o.a.j.t.JMeterThread: Thread started: Customer Index Page - 1000 Users 1-214
2026-08-29 09:30:55,135 INFO o.a.j.t.JMeterThread: Thread is done: Customer Index Page - 1000 Users 1-214
2026-08-29 09:30:55,137 INFO o.a.j.t.JMeterThread: Thread finished: Customer Index Page - 1000 Users 1-214
2026-08-29 09:30:55,213 INFO o.a.j.t.JMeterThread: Thread started: Customer Index Page - 1000 Users 1-215
2026-08-29 09:30:55,231 INFO o.a.j.t.JMeterThread: Thread is done: Customer Index Page - 1000 Users 1-215
2026-08-29 09:30:55,233 INFO o.a.j.t.JMeterThread: Thread finished: Customer Index Page - 1000 Users 1-215
2026-08-29 09:30:55,314 INFO o.a.j.t.JMeterThread: Thread started: Customer Index Page - 1000 Users 1-216
2026-08-29 09:30:55,331 INFO o.a.j.t.JMeterThread: Thread is done: Customer Index Page - 1000 Users 1-216
2026-08-29 09:30:55,332 INFO o.a.j.t.JMeterThread: Thread finished: Customer Index Page - 1000 Users 1-216
2026-08-29 09:30:55,414 INFO o.a.j.t.JMeterThread: Thread started: Customer Index Page - 1000 Users 1-217
2026-08-29 09:30:55,431 INFO o.a.j.t.JMeterThread: Thread is done: Customer Index Page - 1000 Users 1-217
2026-08-29 09:30:55,433 INFO o.a.j.t.JMeterThread: Thread finished: Customer Index Page - 1000 Users 1-217
2026-08-29 09:30:55,515 INFO o.a.j.t.JMeterThread: Thread started: Customer Index Page - 1000 Users 1-218
2026-08-29 09:30:55,539 INFO o.a.j.t.JMeterThread: Thread is done: Customer Index Page - 1000 Users 1-218
2026-08-29 09:30:55,541 INFO o.a.j.t.JMeterThread: Thread finished: Customer Index Page - 1000 Users 1-218
2026-08-29 09:30:55,614 INFO o.a.j.t.JMeterThread: Thread started: Customer Index Page - 1000 Users 1-219
2026-08-29 09:30:55,635 INFO o.a.j.t.JMeterThread: Thread is done: Customer Index Page - 1000 Users 1-219
2026-08-29 09:30:55,637 INFO o.a.j.t.JMeterThread: Thread finished: Customer Index Page - 1000 Users 1-219
2026-08-29 09:30:55,715 INFO o.a.j.t.JMeterThread: Thread started: Customer Index Page - 1000 Users 1-220
2026-08-29 09:30:55,731 INFO o.a.j.t.JMeterThread: Thread is done: Customer Index Page - 1000 Users 1-220
2026-08-29 09:30:55,732 INFO o.a.j.t.JMeterThread: Thread finished: Customer Index Page - 1000 Users 1-220
2026-08-29 09:30:55,814 INFO o.a.j.t.JMeterThread: Thread started: Customer Index Page - 1000 Users 1-221
2026-08-29 09:30:55,832 INFO o.a.j.t.JMeterThread: Thread is done: Customer Index Page - 1000 Users 1-221
2026-08-29 09:30:55,833 INFO o.a.j.t.JMeterThread: Thread finished: Customer Index Page - 1000 Users 1-221
2026-08-29 09:30:55,915 INFO o.a.j.t.JMeterThread: Thread started: Customer Index Page - 1000 Users 1-222
2026-08-29 09:30:55,929 INFO o.a.j.t.JMeterThread: Thread is done: Customer Index Page - 1000 Users 1-222
2026-08-29 09:30:55,930 INFO o.a.j.t.JMeterThread: Thread finished: Customer Index Page - 1000 Users 1-222
2026-08-29 09:30:56,014 INFO o.a.j.t.JMeterThread: Thread started: Customer Index Page - 1000 Users 1-223
2026-08-29 09:30:56,032 INFO o.a.j.t.JMeterThread: Thread is done: Customer Index Page - 1000 Users 1-223
2026-08-29 09:30:56,033 INFO o.a.j.t.JMeterThread: Thread finished: Customer Index Page - 1000 Users 1-223
2026-08-29 09:30:56,113 INFO o.a.j.t.JMeterThread: Thread started: Customer Index Page - 1000 Users 1-224
2026-08-29 09:30:56,140 INFO o.a.j.t.JMeterThread: Thread is done: Customer Index Page - 1000 Users 1-224
2026-08-29 09:30:56,141 INFO o.a.j.t.JMeterThread: Thread finished: Customer Index Page - 1000 Users 1-224
2026-08-29 09:30:56,214 INFO o.a.j.t.JMeterThread: Thread started: Customer Index Page - 1000 Users 1-225
2026-08-29 09:30:56,231 INFO o.a.j.t.JMeterThread: Thread is done: Customer Index Page - 1000 Users 1-225
2026-08-29 09:30:56,232 INFO o.a.j.t.JMeterThread: Thread finished: Customer Index Page - 1000 Users 1-225
2026-08-29 09:30:56,314 INFO o.a.j.t.JMeterThread: Thread started: Customer Index Page - 1000 Users 1-226
2026-08-29 09:30:56,331 INFO o.a.j.t.JMeterThread: Thread is done: Customer Index Page - 1000 Users 1-226
2026-08-29 09:30:56,332 INFO o.a.j.t.JMeterThread: Thread finished: Customer Index Page - 1000 Users 1-226
2026-08-29 09:30:56,414 INFO o.a.j.t.JMeterThread: Thread started: Customer Index Page - 1000 Users 1-227
2026-08-29 09:30:56,434 INFO o.a.j.t.JMeterThread: Thread is done: Customer Index Page - 1000 Users 1-227
2026-08-29 09:30:56,435 INFO o.a.j.t.JMeterThread: Thread finished: Customer Index Page - 1000 Users 1-227
2026-08-29 09:30:56,515 INFO o.a.j.t.JMeterThread: Thread started: Customer Index Page - 1000 Users 1-228
2026-08-29 09:30:56,536 INFO o.a.j.t.JMeterThread: Thread is done: Customer Index Page - 1000 Users 1-228
2026-08-29 09:30:56,537 INFO o.a.j.t.JMeterThread: Thread finished: Customer Index Page - 1000 Users 1-228
2026-08-29 09:30:56,615 INFO o.a.j.t.JMeterThread: Thread started: Customer Index Page - 1000 Users 1-229
2026-08-29 09:30:56,638 INFO o.a.j.t.JMeterThread: Thread is done: Customer Index Page - 1000 Users 1-229
2026-08-29 09:30:56,640 INFO o.a.j.t.JMeterThread: Thread finished: Customer Index Page - 1000 Users 1-229
2026-08-29 09:30:56,715 INFO o.a.j.t.JMeterThread: Thread started: Customer Index Page - 1000 Users 1-230
2026-08-29 09:30:56,735 INFO o.a.j.t.JMeterThread: Thread is done: Customer Index Page - 1000 Users 1-230
2026-08-29 09:30:56,737 INFO o.a.j.t.JMeterThread: Thread finished: Customer Index Page - 1000 Users 1-230
2026-08-29 09:30:56,814 INFO o.a.j.t.JMeterThread: Thread started: Customer Index Page - 1000 Users 1-231
2026-08-29 09:30:56,831 INFO o.a.j.t.JMeterThread: Thread is done: Customer Index Page - 1000 Users 1-231
2026-08-29 09:30:56,833 INFO o.a.j.t.JMeterThread: Thread finished: Customer Index Page - 1000 Users 1-231
2026-08-29 09:30:56,915 INFO o.a.j.t.JMeterThread: Thread started: Customer Index Page - 1000 Users 1-232
2026-08-29 09:30:56,937 INFO o.a.j.t.JMeterThread: Thread is done: Customer Index Page - 1000 Users 1-232
2026-08-29 09:30:56,938 INFO o.a.j.t.JMeterThread: Thread finished: Customer Index Page - 1000 Users 1-232
2026-08-29 09:30:57,014 INFO o.a.j.t.JMeterThread: Thread started: Customer Index Page - 1000 Users 1-233
2026-08-29 09:30:57,033 INFO o.a.j.t.JMeterThread: Thread is done: Customer Index Page - 1000 Users 1-233
2026-08-29 09:30:57,034 INFO o.a.j.t.JMeterThread: Thread finished: Customer Index Page - 1000 Users 1-233
2026-08-29 09:30:57,115 INFO o.a.j.t.JMeterThread: Thread started: Customer Index Page - 1000 Users 1-234
2026-08-29 09:30:57,135 INFO o.a.j.t.JMeterThread: Thread is done: Customer Index Page - 1000 Users 1-234
2026-08-29 09:30:57,136 INFO o.a.j.t.JMeterThread: Thread finished: Customer Index Page - 1000 Users 1-234
2026-08-29 09:30:57,216 INFO o.a.j.t.JMeterThread: Thread started: Customer Index Page - 1000 Users 1-235
2026-08-29 09:30:57,231 INFO o.a.j.t.JMeterThread: Thread is done: Customer Index Page - 1000 Users 1-235
2026-08-29 09:30:57,233 INFO o.a.j.t.JMeterThread: Thread finished: Customer Index Page - 1000 Users 1-235
2026-08-29 09:30:57,315 INFO o.a.j.t.JMeterThread: Thread started: Customer Index Page - 1000 Users 1-236
2026-08-29 09:30:57,333 INFO o.a.j.t.JMeterThread: Thread is done: Customer Index Page - 1000 Users 1-236
2026-08-29 09:30:57,334 INFO o.a.j.t.JMeterThread: Thread finished: Customer Index Page - 1000 Users 1-236
2026-08-29 09:30:57,414 INFO o.a.j.t.JMeterThread: Thread started: Customer Index Page - 1000 Users 1-237
2026-08-29 09:30:57,432 INFO o.a.j.t.JMeterThread: Thread is done: Customer Index Page - 1000 Users 1-237
2026-08-29 09:30:57,433 INFO o.a.j.t.JMeterThread: Thread finished: Customer Index Page - 1000 Users 1-237
2026-08-29 09:30:57,514 INFO o.a.j.t.JMeterThread: Thread started: Customer Index Page - 1000 Users 1-238
2026-08-29 09:30:57,537 INFO o.a.j.t.JMeterThread: Thread is done: Customer Index Page - 1000 Users 1-238
2026-08-29 09:30:57,538 INFO o.a.j.t.JMeterThread: Thread finished: Customer Index Page - 1000 Users 1-238
2026-08-29 09:30:57,614 INFO o.a.j.t.JMeterThread: Thread started: Customer Index Page - 1000 Users 1-239
2026-08-29 09:30:57,636 INFO o.a.j.t.JMeterThread: Thread is done: Customer Index Page - 1000 Users 1-239
2026-08-29 09:30:57,638 INFO o.a.j.t.JMeterThread: Thread finished: Customer Index Page - 1000 Users 1-239
2026-08-29 09:30:57,715 INFO o.a.j.t.JMeterThread: Thread started: Customer Index Page - 1000 Users 1-240
2026-08-29 09:30:57,733 INFO o.a.j.t.JMeterThread: Thread is done: Customer Index Page - 1000 Users 1-240
2026-08-29 09:30:57,734 INFO o.a.j.t.JMeterThread: Thread finished: Customer Index Page - 1000 Users 1-240
2026-08-29 09:30:57,814 INFO o.a.j.t.JMeterThread: Thread started: Customer Index Page - 1000 Users 1-241
2026-08-29 09:30:57,832 INFO o.a.j.t.JMeterThread: Thread is done: Customer Index Page - 1000 Users 1-241
2026-08-29 09:30:57,833 INFO o.a.j.t.JMeterThread: Thread finished: Customer Index Page - 1000 Users 1-241
2026-08-29 09:30:57,915 INFO o.a.j.t.JMeterThread: Thread started: Customer Index Page - 1000 Users 1-242
2026-08-29 09:30:57,934 INFO o.a.j.t.JMeterThread: Thread is done: Customer Index Page - 1000 Users 1-242
2026-08-29 09:30:57,936 INFO o.a.j.t.JMeterThread: Thread finished: Customer Index Page - 1000 Users 1-242
2026-08-29 09:30:58,014 INFO o.a.j.t.JMeterThread: Thread started: Customer Index Page - 1000 Users 1-243
2026-08-29 09:30:58,033 INFO o.a.j.t.JMeterThread: Thread is done: Customer Index Page - 1000 Users 1-243
2026-08-29 09:30:58,035 INFO o.a.j.t.JMeterThread: Thread finished: Customer Index Page - 1000 Users 1-243
2026-08-29 09:30:58,115 INFO o.a.j.t.JMeterThread: Thread started: Customer Index Page - 1000 Users 1-244
2026-08-29 09:30:58,133 INFO o.a.j.t.JMeterThread: Thread is done: Customer Index Page - 1000 Users 1-244
2026-08-29 09:30:58,136 INFO o.a.j.t.JMeterThread: Thread finished: Customer Index Page - 1000 Users 1-244
2026-08-29 09:30:58,215 INFO o.a.j.t.JMeterThread: Thread started: Customer Index Page - 1000 Users 1-245
2026-08-29 09:30:58,233 INFO o.a.j.t.JMeterThread: Thread is done: Customer Index Page - 1000 Users 1-245
2026-08-29 09:30:58,234 INFO o.a.j.t.JMeterThread: Thread finished: Customer Index Page - 1000 Users 1-245
2026-08-29 09:30:58,314 INFO o.a.j.t.JMeterThread: Thread started: Customer Index Page - 1000 Users 1-246
2026-08-29 09:30:58,331 INFO o.a.j.t.JMeterThread: Thread is done: Customer Index Page - 1000 Users 1-246
2026-08-29 09:30:58,332 INFO o.a.j.t.JMeterThread: Thread finished: Customer Index Page - 1000 Users 1-246
2026-08-29 09:30:58,415 INFO o.a.j.t.JMeterThread: Thread started: Customer Index Page - 1000 Users 1-247
2026-08-29 09:30:58,432 INFO o.a.j.t.JMeterThread: Thread is done: Customer Index Page - 1000 Users 1-247
2026-08-29 09:30:58,434 INFO o.a.j.t.JMeterThread: Thread finished: Customer Index Page - 1000 Users 1-247
2026-08-29 09:30:58,514 INFO o.a.j.t.JMeterThread: Thread started: Customer Index Page - 1000 Users 1-248
2026-08-29 09:30:58,530 INFO o.a.j.t.JMeterThread: Thread is done: Customer Index Page - 1000 Users 1-248
2026-08-29 09:30:58,532 INFO o.a.j.t.JMeterThread: Thread finished: Customer Index Page - 1000 Users 1-248
2026-08-29 09:30:58,614 INFO o.a.j.t.JMeterThread: Thread started: Customer Index Page - 1000 Users 1-249
2026-08-29 09:30:58,630 INFO o.a.j.t.JMeterThread: Thread is done: Customer Index Page - 1000 Users 1-249
2026-08-29 09:30:58,632 INFO o.a.j.t.JMeterThread: Thread finished: Customer Index Page - 1000 Users 1-249
2026-08-29 09:30:58,715 INFO o.a.j.t.JMeterThread: Thread started: Customer Index Page - 1000 Users 1-250
2026-08-29 09:30:58,733 INFO o.a.j.t.JMeterThread: Thread is done: Customer Index Page - 1000 Users 1-250
2026-08-29 09:30:58,734 INFO o.a.j.t.JMeterThread: Thread finished: Customer Index Page - 1000 Users 1-250
2026-08-29 09:30:58,815 INFO o.a.j.t.JMeterThread: Thread started: Customer Index Page - 1000 Users 1-251
2026-08-29 09:30:58,830 INFO o.a.j.t.JMeterThread: Thread is done: Customer Index Page - 1000 Users 1-251
2026-08-29 09:30:58,832 INFO o.a.j.t.JMeterThread: Thread finished: Customer Index Page - 1000 Users 1-251
2026-08-29 09:30:58,915 INFO o.a.j.t.JMeterThread: Thread started: Customer Index Page - 1000 Users 1-252
2026-08-29 09:30:58,932 INFO o.a.j.t.JMeterThread: Thread is done: Customer Index Page - 1000 Users 1-252
2026-08-29 09:30:58,933 INFO o.a.j.t.JMeterThread: Thread finished: Customer Index Page - 1000 Users 1-252
2026-08-29 09:30:59,015 INFO o.a.j.t.JMeterThread: Thread started: Customer Index Page - 1000 Users 1-253
2026-08-29 09:30:59,031 INFO o.a.j.t.JMeterThread: Thread is done: Customer Index Page - 1000 Users 1-253
2026-08-29 09:30:59,033 INFO o.a.j.t.JMeterThread: Thread finished: Customer Index Page - 1000 Users 1-253
2026-08-29 09:30:59,114 INFO o.a.j.t.JMeterThread: Thread started: Customer Index Page - 1000 Users 1-254
2026-08-29 09:30:59,132 INFO o.a.j.t.JMeterThread: Thread is done: Customer Index Page - 1000 Users 1-254
2026-08-29 09:30:59,134 INFO o.a.j.t.JMeterThread: Thread finished: Customer Index Page - 1000 Users 1-254
2026-08-29 09:30:59,215 INFO o.a.j.t.JMeterThread: Thread started: Customer Index Page - 1000 Users 1-255
2026-08-29 09:30:59,240 INFO o.a.j.t.JMeterThread: Thread is done: Customer Index Page - 1000 Users 1-255
2026-08-29 09:30:59,241 INFO o.a.j.t.JMeterThread: Thread finished: Customer Index Page - 1000 Users 1-255
2026-08-29 09:30:59,314 INFO o.a.j.t.JMeterThread: Thread started: Customer Index Page - 1000 Users 1-256
2026-08-29 09:30:59,347 INFO o.a.j.t.JMeterThread: Thread is done: Customer Index Page - 1000 Users 1-256
2026-08-29 09:30:59,348 INFO o.a.j.t.JMeterThread: Thread finished: Customer Index Page - 1000 Users 1-256
2026-08-29 09:30:59,414 INFO o.a.j.t.JMeterThread: Thread started: Customer Index Page - 1000 Users 1-257
2026-08-29 09:30:59,435 INFO o.a.j.t.JMeterThread: Thread is done: Customer Index Page - 1000 Users 1-257
2026-08-29 09:30:59,437 INFO o.a.j.t.JMeterThread: Thread finished: Customer Index Page - 1000 Users 1-257
2026-08-29 09:30:59,515 INFO o.a.j.t.JMeterThread: Thread started: Customer Index Page - 1000 Users 1-258
2026-08-29 09:30:59,531 INFO o.a.j.t.JMeterThread: Thread is done: Customer Index Page - 1000 Users 1-258
2026-08-29 09:30:59,532 INFO o.a.j.t.JMeterThread: Thread finished: Customer Index Page - 1000 Users 1-258
2026-08-29 09:30:59,616 INFO o.a.j.t.JMeterThread: Thread started: Customer Index Page - 1000 Users 1-259
2026-08-29 09:30:59,632 INFO o.a.j.t.JMeterThread: Thread is done: Customer Index Page - 1000 Users 1-259
2026-08-29 09:30:59,633 INFO o.a.j.t.JMeterThread: Thread finished: Customer Index Page - 1000 Users 1-259
2026-08-29 09:30:59,715 INFO o.a.j.t.JMeterThread: Thread started: Customer Index Page - 1000 Users 1-260
2026-08-29 09:30:59,731 INFO o.a.j.t.JMeterThread: Thread is done: Customer Index Page - 1000 Users 1-260
2026-08-29 09:30:59,733 INFO o.a.j.t.JMeterThread: Thread finished: Customer Index Page - 1000 Users 1-260
2026-08-29 09:30:59,815 INFO o.a.j.t.JMeterThread: Thread started: Customer Index Page - 1000 Users 1-261
2026-08-29 09:30:59,836 INFO o.a.j.t.JMeterThread: Thread is done: Customer Index Page - 1000 Users 1-261
2026-08-29 09:30:59,837 INFO o.a.j.t.JMeterThread: Thread finished: Customer Index Page - 1000 Users 1-261
2026-08-29 09:30:59,916 INFO o.a.j.t.JMeterThread: Thread started: Customer Index Page - 1000 Users 1-262
2026-08-29 09:30:59,933 INFO o.a.j.t.JMeterThread: Thread is done: Customer Index Page - 1000 Users 1-262
2026-08-29 09:30:59,934 INFO o.a.j.t.JMeterThread: Thread finished: Customer Index Page - 1000 Users 1-262
2026-08-29 09:31:00,014 INFO o.a.j.t.JMeterThread: Thread started: Customer Index Page - 1000 Users 1-263
2026-08-29 09:31:00,021 INFO o.a.j.r.Summariser: summary +    524 in 00:00:26 =   20.2/s Avg:    10 Min:     2 Max:   127 Err:     0 (0.00%) Active: 1 Started: 263 Finished: 262
2026-08-29 09:31:00,022 INFO o.a.j.r.Summariser: summary =    525 in 00:00:26 =   19.9/s Avg:    10 Min:     2 Max:   127 Err:     0 (0.00%)
2026-08-29 09:31:00,036 INFO o.a.j.t.JMeterThread: Thread is done: Customer Index Page - 1000 Users 1-263
2026-08-29 09:31:00,038 INFO o.a.j.t.JMeterThread: Thread finished: Customer Index Page - 1000 Users 1-263
2026-08-29 09:31:00,116 INFO o.a.j.t.JMeterThread: Thread started: Customer Index Page - 1000 Users 1-264
2026-08-29 09:31:00,132 INFO o.a.j.t.JMeterThread: Thread is done: Customer Index Page - 1000 Users 1-264
2026-08-29 09:31:00,134 INFO o.a.j.t.JMeterThread: Thread finished: Customer Index Page - 1000 Users 1-264
2026-08-29 09:31:00,215 INFO o.a.j.t.JMeterThread: Thread started: Customer Index Page - 1000 Users 1-265
2026-08-29 09:31:00,231 INFO o.a.j.t.JMeterThread: Thread is done: Customer Index Page - 1000 Users 1-265
2026-08-29 09:31:00,233 INFO o.a.j.t.JMeterThread: Thread finished: Customer Index Page - 1000 Users 1-265
2026-08-29 09:31:00,316 INFO o.a.j.t.JMeterThread: Thread started: Customer Index Page - 1000 Users 1-266
2026-08-29 09:31:00,331 INFO o.a.j.t.JMeterThread: Thread is done: Customer Index Page - 1000 Users 1-266
2026-08-29 09:31:00,333 INFO o.a.j.t.JMeterThread: Thread finished: Customer Index Page - 1000 Users 1-266
2026-08-29 09:31:00,415 INFO o.a.j.t.JMeterThread: Thread started: Customer Index Page - 1000 Users 1-267
2026-08-29 09:31:00,432 INFO o.a.j.t.JMeterThread: Thread is done: Customer Index Page - 1000 Users 1-267
2026-08-29 09:31:00,433 INFO o.a.j.t.JMeterThread: Thread finished: Customer Index Page - 1000 Users 1-267
2026-08-29 09:31:00,515 INFO o.a.j.t.JMeterThread: Thread started: Customer Index Page - 1000 Users 1-268
2026-08-29 09:31:00,535 INFO o.a.j.t.JMeterThread: Thread is done: Customer Index Page - 1000 Users 1-268
2026-08-29 09:31:00,536 INFO o.a.j.t.JMeterThread: Thread finished: Customer Index Page - 1000 Users 1-268
2026-08-29 09:31:00,614 INFO o.a.j.t.JMeterThread: Thread started: Customer Index Page - 1000 Users 1-269
2026-08-29 09:31:00,633 INFO o.a.j.t.JMeterThread: Thread is done: Customer Index Page - 1000 Users 1-269
2026-08-29 09:31:00,634 INFO o.a.j.t.JMeterThread: Thread finished: Customer Index Page - 1000 Users 1-269
2026-08-29 09:31:00,714 INFO o.a.j.t.JMeterThread: Thread started: Customer Index Page - 1000 Users 1-270
2026-08-29 09:31:00,730 INFO o.a.j.t.JMeterThread: Thread is done: Customer Index Page - 1000 Users 1-270
2026-08-29 09:31:00,732 INFO o.a.j.t.JMeterThread: Thread finished: Customer Index Page - 1000 Users 1-270
2026-08-29 09:31:00,815 INFO o.a.j.t.JMeterThread: Thread started: Customer Index Page - 1000 Users 1-271
2026-08-29 09:31:00,832 INFO o.a.j.t.JMeterThread: Thread is done: Customer Index Page - 1000 Users 1-271
2026-08-29 09:31:00,834 INFO o.a.j.t.JMeterThread: Thread finished: Customer Index Page - 1000 Users 1-271
2026-08-29 09:31:00,914 INFO o.a.j.t.JMeterThread: Thread started: Customer Index Page - 1000 Users 1-272
2026-08-29 09:31:00,931 INFO o.a.j.t.JMeterThread: Thread is done: Customer Index Page - 1000 Users 1-272
2026-08-29 09:31:00,933 INFO o.a.j.t.JMeterThread: Thread finished: Customer Index Page - 1000 Users 1-272
2026-08-29 09:31:01,014 INFO o.a.j.t.JMeterThread: Thread started: Customer Index Page - 1000 Users 1-273
2026-08-29 09:31:01,030 INFO o.a.j.t.JMeterThread: Thread is done: Customer Index Page - 1000 Users 1-273
2026-08-29 09:31:01,032 INFO o.a.j.t.JMeterThread: Thread finished: Customer Index Page - 1000 Users 1-273
2026-08-29 09:31:01,114 INFO o.a.j.t.JMeterThread: Thread started: Customer Index Page - 1000 Users 1-274
2026-08-29 09:31:01,131 INFO o.a.j.t.JMeterThread: Thread is done: Customer Index Page - 1000 Users 1-274
2026-08-29 09:31:01,133 INFO o.a.j.t.JMeterThread: Thread finished: Customer Index Page - 1000 Users 1-274
2026-08-29 09:31:01,215 INFO o.a.j.t.JMeterThread: Thread started: Customer Index Page - 1000 Users 1-275
2026-08-29 09:31:01,232 INFO o.a.j.t.JMeterThread: Thread is done: Customer Index Page - 1000 Users 1-275
2026-08-29 09:31:01,234 INFO o.a.j.t.JMeterThread: Thread finished: Customer Index Page - 1000 Users 1-275
2026-08-29 09:31:01,314 INFO o.a.j.t.JMeterThread: Thread started: Customer Index Page - 1000 Users 1-276
2026-08-29 09:31:01,329 INFO o.a.j.t.JMeterThread: Thread is done: Customer Index Page - 1000 Users 1-276
2026-08-29 09:31:01,330 INFO o.a.j.t.JMeterThread: Thread finished: Customer Index Page - 1000 Users 1-276
2026-08-29 09:31:01,414 INFO o.a.j.t.JMeterThread: Thread started: Customer Index Page - 1000 Users 1-277
2026-08-29 09:31:01,429 INFO o.a.j.t.JMeterThread: Thread is done: Customer Index Page - 1000 Users 1-277
2026-08-29 09:31:01,431 INFO o.a.j.t.JMeterThread: Thread finished: Customer Index Page - 1000 Users 1-277
2026-08-29 09:31:01,515 INFO o.a.j.t.JMeterThread: Thread started: Customer Index Page - 1000 Users 1-278
2026-08-29 09:31:01,530 INFO o.a.j.t.JMeterThread: Thread is done: Customer Index Page - 1000 Users 1-278
2026-08-29 09:31:01,531 INFO o.a.j.t.JMeterThread: Thread finished: Customer Index Page - 1000 Users 1-278
2026-08-29 09:31:01,614 INFO o.a.j.t.JMeterThread: Thread started: Customer Index Page - 1000 Users 1-279
2026-08-29 09:31:01,628 INFO o.a.j.t.JMeterThread: Thread is done: Customer Index Page - 1000 Users 1-279
2026-08-29 09:31:01,629 INFO o.a.j.t.JMeterThread: Thread finished: Customer Index Page - 1000 Users 1-279
2026-08-29 09:31:01,717 INFO o.a.j.t.JMeterThread: Thread started: Customer Index Page - 1000 Users 1-280
2026-08-29 09:31:01,733 INFO o.a.j.t.JMeterThread: Thread is done: Customer Index Page - 1000 Users 1-280
2026-08-29 09:31:01,734 INFO o.a.j.t.JMeterThread: Thread finished: Customer Index Page - 1000 Users 1-280
2026-08-29 09:31:01,815 INFO o.a.j.t.JMeterThread: Thread started: Customer Index Page - 1000 Users 1-281
2026-08-29 09:31:01,831 INFO o.a.j.t.JMeterThread: Thread is done: Customer Index Page - 1000 Users 1-281
2026-08-29 09:31:01,832 INFO o.a.j.t.JMeterThread: Thread finished: Customer Index Page - 1000 Users 1-281
2026-08-29 09:31:01,915 INFO o.a.j.t.JMeterThread: Thread started: Customer Index Page - 1000 Users 1-282
2026-08-29 09:31:01,933 INFO o.a.j.t.JMeterThread: Thread is done: Customer Index Page - 1000 Users 1-282
2026-08-29 09:31:01,934 INFO o.a.j.t.JMeterThread: Thread finished: Customer Index Page - 1000 Users 1-282
2026-08-29 09:31:02,014 INFO o.a.j.t.JMeterThread: Thread started: Customer Index Page - 1000 Users 1-283
2026-08-29 09:31:02,034 INFO o.a.j.t.JMeterThread: Thread is done: Customer Index Page - 1000 Users 1-283
2026-08-29 09:31:02,038 INFO o.a.j.t.JMeterThread: Thread finished: Customer Index Page - 1000 Users 1-283
2026-08-29 09:31:02,114 INFO o.a.j.t.JMeterThread: Thread started: Customer Index Page - 1000 Users 1-284
2026-08-29 09:31:02,138 INFO o.a.j.t.JMeterThread: Thread is done: Customer Index Page - 1000 Users 1-284
2026-08-29 09:31:02,139 INFO o.a.j.t.JMeterThread: Thread finished: Customer Index Page - 1000 Users 1-284
2026-08-29 09:31:02,216 INFO o.a.j.t.JMeterThread: Thread started: Customer Index Page - 1000 Users 1-285
2026-08-29 09:31:02,235 INFO o.a.j.t.JMeterThread: Thread is done: Customer Index Page - 1000 Users 1-285
2026-08-29 09:31:02,236 INFO o.a.j.t.JMeterThread: Thread finished: Customer Index Page - 1000 Users 1-285
2026-08-29 09:31:02,315 INFO o.a.j.t.JMeterThread: Thread started: Customer Index Page - 1000 Users 1-286
2026-08-29 09:31:02,331 INFO o.a.j.t.JMeterThread: Thread is done: Customer Index Page - 1000 Users 1-286
2026-08-29 09:31:02,333 INFO o.a.j.t.JMeterThread: Thread finished: Customer Index Page - 1000 Users 1-286
2026-08-29 09:31:02,416 INFO o.a.j.t.JMeterThread: Thread started: Customer Index Page - 1000 Users 1-287
2026-08-29 09:31:02,435 INFO o.a.j.t.JMeterThread: Thread is done: Customer Index Page - 1000 Users 1-287
2026-08-29 09:31:02,437 INFO o.a.j.t.JMeterThread: Thread finished: Customer Index Page - 1000 Users 1-287
2026-08-29 09:31:02,514 INFO o.a.j.t.JMeterThread: Thread started: Customer Index Page - 1000 Users 1-288
2026-08-29 09:31:02,532 INFO o.a.j.t.JMeterThread: Thread is done: Customer Index Page - 1000 Users 1-288
2026-08-29 09:31:02,533 INFO o.a.j.t.JMeterThread: Thread finished: Customer Index Page - 1000 Users 1-288
2026-08-29 09:31:02,614 INFO o.a.j.t.JMeterThread: Thread started: Customer Index Page - 1000 Users 1-289
2026-08-29 09:31:02,634 INFO o.a.j.t.JMeterThread: Thread is done: Customer Index Page - 1000 Users 1-289
2026-08-29 09:31:02,636 INFO o.a.j.t.JMeterThread: Thread finished: Customer Index Page - 1000 Users 1-289
2026-08-29 09:31:02,714 INFO o.a.j.t.JMeterThread: Thread started: Customer Index Page - 1000 Users 1-290
2026-08-29 09:31:02,731 INFO o.a.j.t.JMeterThread: Thread is done: Customer Index Page - 1000 Users 1-290
2026-08-29 09:31:02,732 INFO o.a.j.t.JMeterThread: Thread finished: Customer Index Page - 1000 Users 1-290
2026-08-29 09:31:02,815 INFO o.a.j.t.JMeterThread: Thread started: Customer Index Page - 1000 Users 1-291
2026-08-29 09:31:02,832 INFO o.a.j.t.JMeterThread: Thread is done: Customer Index Page - 1000 Users 1-291
2026-08-29 09:31:02,834 INFO o.a.j.t.JMeterThread: Thread finished: Customer Index Page - 1000 Users 1-291
2026-08-29 09:31:02,915 INFO o.a.j.t.JMeterThread: Thread started: Customer Index Page - 1000 Users 1-292
2026-08-29 09:31:02,934 INFO o.a.j.t.JMeterThread: Thread is done: Customer Index Page - 1000 Users 1-292
2026-08-29 09:31:02,935 INFO o.a.j.t.JMeterThread: Thread finished: Customer Index Page - 1000 Users 1-292
2026-08-29 09:31:03,014 INFO o.a.j.t.JMeterThread: Thread started: Customer Index Page - 1000 Users 1-293
2026-08-29 09:31:03,036 INFO o.a.j.t.JMeterThread: Thread is done: Customer Index Page - 1000 Users 1-293
2026-08-29 09:31:03,038 INFO o.a.j.t.JMeterThread: Thread finished: Customer Index Page - 1000 Users 1-293
2026-08-29 09:31:03,115 INFO o.a.j.t.JMeterThread: Thread started: Customer Index Page - 1000 Users 1-294
2026-08-29 09:31:03,133 INFO o.a.j.t.JMeterThread: Thread is done: Customer Index Page - 1000 Users 1-294
2026-08-29 09:31:03,134 INFO o.a.j.t.JMeterThread: Thread finished: Customer Index Page - 1000 Users 1-294
2026-08-29 09:31:03,214 INFO o.a.j.t.JMeterThread: Thread started: Customer Index Page - 1000 Users 1-295
2026-08-29 09:31:03,236 INFO o.a.j.t.JMeterThread: Thread is done: Customer Index Page - 1000 Users 1-295
2026-08-29 09:31:03,237 INFO o.a.j.t.JMeterThread: Thread finished: Customer Index Page - 1000 Users 1-295
2026-08-29 09:31:03,314 INFO o.a.j.t.JMeterThread: Thread started: Customer Index Page - 1000 Users 1-296
2026-08-29 09:31:03,333 INFO o.a.j.t.JMeterThread: Thread is done: Customer Index Page - 1000 Users 1-296
2026-08-29 09:31:03,334 INFO o.a.j.t.JMeterThread: Thread finished: Customer Index Page - 1000 Users 1-296
2026-08-29 09:31:03,416 INFO o.a.j.t.JMeterThread: Thread started: Customer Index Page - 1000 Users 1-297
2026-08-29 09:31:03,434 INFO o.a.j.t.JMeterThread: Thread is done: Customer Index Page - 1000 Users 1-297
2026-08-29 09:31:03,436 INFO o.a.j.t.JMeterThread: Thread finished: Customer Index Page - 1000 Users 1-297
2026-08-29 09:31:03,515 INFO o.a.j.t.JMeterThread: Thread started: Customer Index Page - 1000 Users 1-298
2026-08-29 09:31:03,529 INFO o.a.j.t.JMeterThread: Thread is done: Customer Index Page - 1000 Users 1-298
2026-08-29 09:31:03,531 INFO o.a.j.t.JMeterThread: Thread finished: Customer Index Page - 1000 Users 1-298
2026-08-29 09:31:03,615 INFO o.a.j.t.JMeterThread: Thread started: Customer Index Page - 1000 Users 1-299
2026-08-29 09:31:03,630 INFO o.a.j.t.JMeterThread: Thread is done: Customer Index Page - 1000 Users 1-299
2026-08-29 09:31:03,632 INFO o.a.j.t.JMeterThread: Thread finished: Customer Index Page - 1000 Users 1-299
2026-08-29 09:31:03,715 INFO o.a.j.t.JMeterThread: Thread started: Customer Index Page - 1000 Users 1-300
2026-08-29 09:31:03,731 INFO o.a.j.t.JMeterThread: Thread is done: Customer Index Page - 1000 Users 1-300
2026-08-29 09:31:03,733 INFO o.a.j.t.JMeterThread: Thread finished: Customer Index Page - 1000 Users 1-300
2026-08-29 09:31:03,814 INFO o.a.j.t.JMeterThread: Thread started: Customer Index Page - 1000 Users 1-301
2026-08-29 09:31:03,829 INFO o.a.j.t.JMeterThread: Thread is done: Customer Index Page - 1000 Users 1-301
2026-08-29 09:31:03,830 INFO o.a.j.t.JMeterThread: Thread finished: Customer Index Page - 1000 Users 1-301
2026-08-29 09:31:03,914 INFO o.a.j.t.JMeterThread: Thread started: Customer Index Page - 1000 Users 1-302
2026-08-29 09:31:03,930 INFO o.a.j.t.JMeterThread: Thread is done: Customer Index Page - 1000 Users 1-302
2026-08-29 09:31:03,931 INFO o.a.j.t.JMeterThread: Thread finished: Customer Index Page - 1000 Users 1-302
2026-08-29 09:31:04,014 INFO o.a.j.t.JMeterThread: Thread started: Customer Index Page - 1000 Users 1-303
2026-08-29 09:31:04,029 INFO o.a.j.t.JMeterThread: Thread is done: Customer Index Page - 1000 Users 1-303
2026-08-29 09:31:04,030 INFO o.a.j.t.JMeterThread: Thread finished: Customer Index Page - 1000 Users 1-303
2026-08-29 09:31:04,115 INFO o.a.j.t.JMeterThread: Thread started: Customer Index Page - 1000 Users 1-304
2026-08-29 09:31:04,131 INFO o.a.j.t.JMeterThread: Thread is done: Customer Index Page - 1000 Users 1-304
2026-08-29 09:31:04,133 INFO o.a.j.t.JMeterThread: Thread finished: Customer Index Page - 1000 Users 1-304
2026-08-29 09:31:04,215 INFO o.a.j.t.JMeterThread: Thread started: Customer Index Page - 1000 Users 1-305
2026-08-29 09:31:04,230 INFO o.a.j.t.JMeterThread: Thread is done: Customer Index Page - 1000 Users 1-305
2026-08-29 09:31:04,232 INFO o.a.j.t.JMeterThread: Thread finished: Customer Index Page - 1000 Users 1-305
2026-08-29 09:31:04,315 INFO o.a.j.t.JMeterThread: Thread started: Customer Index Page - 1000 Users 1-306
2026-08-29 09:31:04,332 INFO o.a.j.t.JMeterThread: Thread is done: Customer Index Page - 1000 Users 1-306
2026-08-29 09:31:04,334 INFO o.a.j.t.JMeterThread: Thread finished: Customer Index Page - 1000 Users 1-306
2026-08-29 09:31:04,416 INFO o.a.j.t.JMeterThread: Thread started: Customer Index Page - 1000 Users 1-307
2026-08-29 09:31:04,433 INFO o.a.j.t.JMeterThread: Thread is done: Customer Index Page - 1000 Users 1-307
2026-08-29 09:31:04,434 INFO o.a.j.t.JMeterThread: Thread finished: Customer Index Page - 1000 Users 1-307
2026-08-29 09:31:04,515 INFO o.a.j.t.JMeterThread: Thread started: Customer Index Page - 1000 Users 1-308
2026-08-29 09:31:04,533 INFO o.a.j.t.JMeterThread: Thread is done: Customer Index Page - 1000 Users 1-308
2026-08-29 09:31:04,534 INFO o.a.j.t.JMeterThread: Thread finished: Customer Index Page - 1000 Users 1-308
2026-08-29 09:31:04,614 INFO o.a.j.t.JMeterThread: Thread started: Customer Index Page - 1000 Users 1-309
2026-08-29 09:31:04,633 INFO o.a.j.t.JMeterThread: Thread is done: Customer Index Page - 1000 Users 1-309
2026-08-29 09:31:04,634 INFO o.a.j.t.JMeterThread: Thread finished: Customer Index Page - 1000 Users 1-309
2026-08-29 09:31:04,714 INFO o.a.j.t.JMeterThread: Thread started: Customer Index Page - 1000 Users 1-310
2026-08-29 09:31:04,733 INFO o.a.j.t.JMeterThread: Thread is done: Customer Index Page - 1000 Users 1-310
2026-08-29 09:31:04,735 INFO o.a.j.t.JMeterThread: Thread finished: Customer Index Page - 1000 Users 1-310
2026-08-29 09:31:04,814 INFO o.a.j.t.JMeterThread: Thread started: Customer Index Page - 1000 Users 1-311
2026-08-29 09:31:04,832 INFO o.a.j.t.JMeterThread: Thread is done: Customer Index Page - 1000 Users 1-311
2026-08-29 09:31:04,833 INFO o.a.j.t.JMeterThread: Thread finished: Customer Index Page - 1000 Users 1-311
2026-08-29 09:31:04,914 INFO o.a.j.t.JMeterThread: Thread started: Customer Index Page - 1000 Users 1-312
2026-08-29 09:31:04,930 INFO o.a.j.t.JMeterThread: Thread is done: Customer Index Page - 1000 Users 1-312
2026-08-29 09:31:04,931 INFO o.a.j.t.JMeterThread: Thread finished: Customer Index Page - 1000 Users 1-312
2026-08-29 09:31:05,015 INFO o.a.j.t.JMeterThread: Thread started: Customer Index Page - 1000 Users 1-313
2026-08-29 09:31:05,033 INFO o.a.j.t.JMeterThread: Thread is done: Customer Index Page - 1000 Users 1-313
2026-08-29 09:31:05,035 INFO o.a.j.t.JMeterThread: Thread finished: Customer Index Page - 1000 Users 1-313
2026-08-29 09:31:05,116 INFO o.a.j.t.JMeterThread: Thread started: Customer Index Page - 1000 Users 1-314
2026-08-29 09:31:05,132 INFO o.a.j.t.JMeterThread: Thread is done: Customer Index Page - 1000 Users 1-314
2026-08-29 09:31:05,134 INFO o.a.j.t.JMeterThread: Thread finished: Customer Index Page - 1000 Users 1-314
2026-08-29 09:31:05,215 INFO o.a.j.t.JMeterThread: Thread started: Customer Index Page - 1000 Users 1-315
2026-08-29 09:31:05,232 INFO o.a.j.t.JMeterThread: Thread is done: Customer Index Page - 1000 Users 1-315
2026-08-29 09:31:05,233 INFO o.a.j.t.JMeterThread: Thread finished: Customer Index Page - 1000 Users 1-315
2026-08-29 09:31:05,315 INFO o.a.j.t.JMeterThread: Thread started: Customer Index Page - 1000 Users 1-316
2026-08-29 09:31:05,331 INFO o.a.j.t.JMeterThread: Thread is done: Customer Index Page - 1000 Users 1-316
2026-08-29 09:31:05,332 INFO o.a.j.t.JMeterThread: Thread finished: Customer Index Page - 1000 Users 1-316
2026-08-29 09:31:05,414 INFO o.a.j.t.JMeterThread: Thread started: Customer Index Page - 1000 Users 1-317
2026-08-29 09:31:05,431 INFO o.a.j.t.JMeterThread: Thread is done: Customer Index Page - 1000 Users 1-317
2026-08-29 09:31:05,432 INFO o.a.j.t.JMeterThread: Thread finished: Customer Index Page - 1000 Users 1-317
2026-08-29 09:31:05,514 INFO o.a.j.t.JMeterThread: Thread started: Customer Index Page - 1000 Users 1-318
2026-08-29 09:31:05,535 INFO o.a.j.t.JMeterThread: Thread is done: Customer Index Page - 1000 Users 1-318
2026-08-29 09:31:05,537 INFO o.a.j.t.JMeterThread: Thread finished: Customer Index Page - 1000 Users 1-318
2026-08-29 09:31:05,617 INFO o.a.j.t.JMeterThread: Thread started: Customer Index Page - 1000 Users 1-319
2026-08-29 09:31:05,640 INFO o.a.j.t.JMeterThread: Thread is done: Customer Index Page - 1000 Users 1-319
2026-08-29 09:31:05,641 INFO o.a.j.t.JMeterThread: Thread finished: Customer Index Page - 1000 Users 1-319
2026-08-29 09:31:05,714 INFO o.a.j.t.JMeterThread: Thread started: Customer Index Page - 1000 Users 1-320
2026-08-29 09:31:05,739 INFO o.a.j.t.JMeterThread: Thread is done: Customer Index Page - 1000 Users 1-320
2026-08-29 09:31:05,741 INFO o.a.j.t.JMeterThread: Thread finished: Customer Index Page - 1000 Users 1-320
2026-08-29 09:31:05,815 INFO o.a.j.t.JMeterThread: Thread started: Customer Index Page - 1000 Users 1-321
2026-08-29 09:31:05,837 INFO o.a.j.t.JMeterThread: Thread is done: Customer Index Page - 1000 Users 1-321
2026-08-29 09:31:05,838 INFO o.a.j.t.JMeterThread: Thread finished: Customer Index Page - 1000 Users 1-321
2026-08-29 09:31:05,916 INFO o.a.j.t.JMeterThread: Thread started: Customer Index Page - 1000 Users 1-322
2026-08-29 09:31:05,933 INFO o.a.j.t.JMeterThread: Thread is done: Customer Index Page - 1000 Users 1-322
2026-08-29 09:31:05,935 INFO o.a.j.t.JMeterThread: Thread finished: Customer Index Page - 1000 Users 1-322
2026-08-29 09:31:06,015 INFO o.a.j.t.JMeterThread: Thread started: Customer Index Page - 1000 Users 1-323
2026-08-29 09:31:06,035 INFO o.a.j.t.JMeterThread: Thread is done: Customer Index Page - 1000 Users 1-323
2026-08-29 09:31:06,036 INFO o.a.j.t.JMeterThread: Thread finished: Customer Index Page - 1000 Users 1-323
2026-08-29 09:31:06,115 INFO o.a.j.t.JMeterThread: Thread started: Customer Index Page - 1000 Users 1-324
2026-08-29 09:31:06,131 INFO o.a.j.t.JMeterThread: Thread is done: Customer Index Page - 1000 Users 1-324
2026-08-29 09:31:06,132 INFO o.a.j.t.JMeterThread: Thread finished: Customer Index Page - 1000 Users 1-324
2026-08-29 09:31:06,215 INFO o.a.j.t.JMeterThread: Thread started: Customer Index Page - 1000 Users 1-325
2026-08-29 09:31:06,240 INFO o.a.j.t.JMeterThread: Thread is done: Customer Index Page - 1000 Users 1-325
2026-08-29 09:31:06,241 INFO o.a.j.t.JMeterThread: Thread finished: Customer Index Page - 1000 Users 1-325
2026-08-29 09:31:06,314 INFO o.a.j.t.JMeterThread: Thread started: Customer Index Page - 1000 Users 1-326
2026-08-29 09:31:06,332 INFO o.a.j.t.JMeterThread: Thread is done: Customer Index Page - 1000 Users 1-326
2026-08-29 09:31:06,333 INFO o.a.j.t.JMeterThread: Thread finished: Customer Index Page - 1000 Users 1-326
2026-08-29 09:31:06,414 INFO o.a.j.t.JMeterThread: Thread started: Customer Index Page - 1000 Users 1-327
2026-08-29 09:31:06,430 INFO o.a.j.t.JMeterThread: Thread is done: Customer Index Page - 1000 Users 1-327
2026-08-29 09:31:06,432 INFO o.a.j.t.JMeterThread: Thread finished: Customer Index Page - 1000 Users 1-327
2026-08-29 09:31:06,516 INFO o.a.j.t.JMeterThread: Thread started: Customer Index Page - 1000 Users 1-328
2026-08-29 09:31:06,534 INFO o.a.j.t.JMeterThread: Thread is done: Customer Index Page - 1000 Users 1-328
2026-08-29 09:31:06,536 INFO o.a.j.t.JMeterThread: Thread finished: Customer Index Page - 1000 Users 1-328
2026-08-29 09:31:06,615 INFO o.a.j.t.JMeterThread: Thread started: Customer Index Page - 1000 Users 1-329
2026-08-29 09:31:06,636 INFO o.a.j.t.JMeterThread: Thread is done: Customer Index Page - 1000 Users 1-329
2026-08-29 09:31:06,638 INFO o.a.j.t.JMeterThread: Thread finished: Customer Index Page - 1000 Users 1-329
2026-08-29 09:31:06,715 INFO o.a.j.t.JMeterThread: Thread started: Customer Index Page - 1000 Users 1-330
2026-08-29 09:31:06,740 INFO o.a.j.t.JMeterThread: Thread is done: Customer Index Page - 1000 Users 1-330
2026-08-29 09:31:06,741 INFO o.a.j.t.JMeterThread: Thread finished: Customer Index Page - 1000 Users 1-330
2026-08-29 09:31:06,814 INFO o.a.j.t.JMeterThread: Thread started: Customer Index Page - 1000 Users 1-331
2026-08-29 09:31:06,835 INFO o.a.j.t.JMeterThread: Thread is done: Customer Index Page - 1000 Users 1-331
2026-08-29 09:31:06,839 INFO o.a.j.t.JMeterThread: Thread finished: Customer Index Page - 1000 Users 1-331
2026-08-29 09:31:06,914 INFO o.a.j.t.JMeterThread: Thread started: Customer Index Page - 1000 Users 1-332
2026-08-29 09:31:06,933 INFO o.a.j.t.JMeterThread: Thread is done: Customer Index Page - 1000 Users 1-332
2026-08-29 09:31:06,934 INFO o.a.j.t.JMeterThread: Thread finished: Customer Index Page - 1000 Users 1-332
2026-08-29 09:31:07,014 INFO o.a.j.t.JMeterThread: Thread started: Customer Index Page - 1000 Users 1-333
2026-08-29 09:31:07,039 INFO o.a.j.t.JMeterThread: Thread is done: Customer Index Page - 1000 Users 1-333
2026-08-29 09:31:07,040 INFO o.a.j.t.JMeterThread: Thread finished: Customer Index Page - 1000 Users 1-333
2026-08-29 09:31:07,115 INFO o.a.j.t.JMeterThread: Thread started: Customer Index Page - 1000 Users 1-334
2026-08-29 09:31:07,134 INFO o.a.j.t.JMeterThread: Thread is done: Customer Index Page - 1000 Users 1-334
2026-08-29 09:31:07,136 INFO o.a.j.t.JMeterThread: Thread finished: Customer Index Page - 1000 Users 1-334
2026-08-29 09:31:07,214 INFO o.a.j.t.JMeterThread: Thread started: Customer Index Page - 1000 Users 1-335
2026-08-29 09:31:07,234 INFO o.a.j.t.JMeterThread: Thread is done: Customer Index Page - 1000 Users 1-335
2026-08-29 09:31:07,236 INFO o.a.j.t.JMeterThread: Thread finished: Customer Index Page - 1000 Users 1-335
2026-08-29 09:31:07,314 INFO o.a.j.t.JMeterThread: Thread started: Customer Index Page - 1000 Users 1-336
2026-08-29 09:31:07,333 INFO o.a.j.t.JMeterThread: Thread is done: Customer Index Page - 1000 Users 1-336
2026-08-29 09:31:07,334 INFO o.a.j.t.JMeterThread: Thread finished: Customer Index Page - 1000 Users 1-336
2026-08-29 09:31:07,414 INFO o.a.j.t.JMeterThread: Thread started: Customer Index Page - 1000 Users 1-337
2026-08-29 09:31:07,431 INFO o.a.j.t.JMeterThread: Thread is done: Customer Index Page - 1000 Users 1-337
2026-08-29 09:31:07,432 INFO o.a.j.t.JMeterThread: Thread finished: Customer Index Page - 1000 Users 1-337
2026-08-29 09:31:07,515 INFO o.a.j.t.JMeterThread: Thread started: Customer Index Page - 1000 Users 1-338
2026-08-29 09:31:07,531 INFO o.a.j.t.JMeterThread: Thread is done: Customer Index Page - 1000 Users 1-338
2026-08-29 09:31:07,533 INFO o.a.j.t.JMeterThread: Thread finished: Customer Index Page - 1000 Users 1-338
2026-08-29 09:31:07,614 INFO o.a.j.t.JMeterThread: Thread started: Customer Index Page - 1000 Users 1-339
2026-08-29 09:31:07,630 INFO o.a.j.t.JMeterThread: Thread is done: Customer Index Page - 1000 Users 1-339
2026-08-29 09:31:07,632 INFO o.a.j.t.JMeterThread: Thread finished: Customer Index Page - 1000 Users 1-339
2026-08-29 09:31:07,714 INFO o.a.j.t.JMeterThread: Thread started: Customer Index Page - 1000 Users 1-340
2026-08-29 09:31:07,731 INFO o.a.j.t.JMeterThread: Thread is done: Customer Index Page - 1000 Users 1-340
2026-08-29 09:31:07,733 INFO o.a.j.t.JMeterThread: Thread finished: Customer Index Page - 1000 Users 1-340
2026-08-29 09:31:07,813 INFO o.a.j.t.JMeterThread: Thread started: Customer Index Page - 1000 Users 1-341
2026-08-29 09:31:07,829 INFO o.a.j.t.JMeterThread: Thread is done: Customer Index Page - 1000 Users 1-341
2026-08-29 09:31:07,831 INFO o.a.j.t.JMeterThread: Thread finished: Customer Index Page - 1000 Users 1-341
2026-08-29 09:31:07,914 INFO o.a.j.t.JMeterThread: Thread started: Customer Index Page - 1000 Users 1-342
2026-08-29 09:31:07,930 INFO o.a.j.t.JMeterThread: Thread is done: Customer Index Page - 1000 Users 1-342
2026-08-29 09:31:07,931 INFO o.a.j.t.JMeterThread: Thread finished: Customer Index Page - 1000 Users 1-342
2026-08-29 09:31:08,014 INFO o.a.j.t.JMeterThread: Thread started: Customer Index Page - 1000 Users 1-343
2026-08-29 09:31:08,032 INFO o.a.j.t.JMeterThread: Thread is done: Customer Index Page - 1000 Users 1-343
2026-08-29 09:31:08,033 INFO o.a.j.t.JMeterThread: Thread finished: Customer Index Page - 1000 Users 1-343
2026-08-29 09:31:08,115 INFO o.a.j.t.JMeterThread: Thread started: Customer Index Page - 1000 Users 1-344
2026-08-29 09:31:08,131 INFO o.a.j.t.JMeterThread: Thread is done: Customer Index Page - 1000 Users 1-344
2026-08-29 09:31:08,132 INFO o.a.j.t.JMeterThread: Thread finished: Customer Index Page - 1000 Users 1-344
2026-08-29 09:31:08,215 INFO o.a.j.t.JMeterThread: Thread started: Customer Index Page - 1000 Users 1-345
2026-08-29 09:31:08,230 INFO o.a.j.t.JMeterThread: Thread is done: Customer Index Page - 1000 Users 1-345
2026-08-29 09:31:08,231 INFO o.a.j.t.JMeterThread: Thread finished: Customer Index Page - 1000 Users 1-345
2026-08-29 09:31:08,314 INFO o.a.j.t.JMeterThread: Thread started: Customer Index Page - 1000 Users 1-346
2026-08-29 09:31:08,330 INFO o.a.j.t.JMeterThread: Thread is done: Customer Index Page - 1000 Users 1-346
2026-08-29 09:31:08,332 INFO o.a.j.t.JMeterThread: Thread finished: Customer Index Page - 1000 Users 1-346
2026-08-29 09:31:08,415 INFO o.a.j.t.JMeterThread: Thread started: Customer Index Page - 1000 Users 1-347
2026-08-29 09:31:08,431 INFO o.a.j.t.JMeterThread: Thread is done: Customer Index Page - 1000 Users 1-347
2026-08-29 09:31:08,432 INFO o.a.j.t.JMeterThread: Thread finished: Customer Index Page - 1000 Users 1-347
2026-08-29 09:31:08,514 INFO o.a.j.t.JMeterThread: Thread started: Customer Index Page - 1000 Users 1-348
2026-08-29 09:31:08,529 INFO o.a.j.t.JMeterThread: Thread is done: Customer Index Page - 1000 Users 1-348
2026-08-29 09:31:08,530 INFO o.a.j.t.JMeterThread: Thread finished: Customer Index Page - 1000 Users 1-348
2026-08-29 09:31:08,615 INFO o.a.j.t.JMeterThread: Thread started: Customer Index Page - 1000 Users 1-349
2026-08-29 09:31:08,629 INFO o.a.j.t.JMeterThread: Thread is done: Customer Index Page - 1000 Users 1-349
2026-08-29 09:31:08,631 INFO o.a.j.t.JMeterThread: Thread finished: Customer Index Page - 1000 Users 1-349
2026-08-29 09:31:08,714 INFO o.a.j.t.JMeterThread: Thread started: Customer Index Page - 1000 Users 1-350
2026-08-29 09:31:08,729 INFO o.a.j.t.JMeterThread: Thread is done: Customer Index Page - 1000 Users 1-350
2026-08-29 09:31:08,730 INFO o.a.j.t.JMeterThread: Thread finished: Customer Index Page - 1000 Users 1-350
2026-08-29 09:31:08,815 INFO o.a.j.t.JMeterThread: Thread started: Customer Index Page - 1000 Users 1-351
2026-08-29 09:31:08,830 INFO o.a.j.t.JMeterThread: Thread is done: Customer Index Page - 1000 Users 1-351
2026-08-29 09:31:08,832 INFO o.a.j.t.JMeterThread: Thread finished: Customer Index Page - 1000 Users 1-351
2026-08-29 09:31:08,915 INFO o.a.j.t.JMeterThread: Thread started: Customer Index Page - 1000 Users 1-352
2026-08-29 09:31:08,931 INFO o.a.j.t.JMeterThread: Thread is done: Customer Index Page - 1000 Users 1-352
2026-08-29 09:31:08,932 INFO o.a.j.t.JMeterThread: Thread finished: Customer Index Page - 1000 Users 1-352
2026-08-29 09:31:09,015 INFO o.a.j.t.JMeterThread: Thread started: Customer Index Page - 1000 Users 1-353
2026-08-29 09:31:09,029 INFO o.a.j.t.JMeterThread: Thread is done: Customer Index Page - 1000 Users 1-353
2026-08-29 09:31:09,030 INFO o.a.j.t.JMeterThread: Thread finished: Customer Index Page - 1000 Users 1-353
2026-08-29 09:31:09,114 INFO o.a.j.t.JMeterThread: Thread started: Customer Index Page - 1000 Users 1-354
2026-08-29 09:31:09,129 INFO o.a.j.t.JMeterThread: Thread is done: Customer Index Page - 1000 Users 1-354
2026-08-29 09:31:09,130 INFO o.a.j.t.JMeterThread: Thread finished: Customer Index Page - 1000 Users 1-354
2026-08-29 09:31:09,215 INFO o.a.j.t.JMeterThread: Thread started: Customer Index Page - 1000 Users 1-355
2026-08-29 09:31:09,274 INFO o.a.j.t.JMeterThread: Thread is done: Customer Index Page - 1000 Users 1-355
2026-08-29 09:31:09,275 INFO o.a.j.t.JMeterThread: Thread finished: Customer Index Page - 1000 Users 1-355
2026-08-29 09:31:09,314 INFO o.a.j.t.JMeterThread: Thread started: Customer Index Page - 1000 Users 1-356
2026-08-29 09:31:09,332 INFO o.a.j.t.JMeterThread: Thread is done: Customer Index Page - 1000 Users 1-356
2026-08-29 09:31:09,333 INFO o.a.j.t.JMeterThread: Thread finished: Customer Index Page - 1000 Users 1-356
2026-08-29 09:31:09,415 INFO o.a.j.t.JMeterThread: Thread started: Customer Index Page - 1000 Users 1-357
2026-08-29 09:31:09,431 INFO o.a.j.t.JMeterThread: Thread is done: Customer Index Page - 1000 Users 1-357
2026-08-29 09:31:09,433 INFO o.a.j.t.JMeterThread: Thread finished: Customer Index Page - 1000 Users 1-357
2026-08-29 09:31:09,514 INFO o.a.j.t.JMeterThread: Thread started: Customer Index Page - 1000 Users 1-358
2026-08-29 09:31:09,531 INFO o.a.j.t.JMeterThread: Thread is done: Customer Index Page - 1000 Users 1-358
2026-08-29 09:31:09,533 INFO o.a.j.t.JMeterThread: Thread finished: Customer Index Page - 1000 Users 1-358
2026-08-29 09:31:09,614 INFO o.a.j.t.JMeterThread: Thread started: Customer Index Page - 1000 Users 1-359
2026-08-29 09:31:09,630 INFO o.a.j.t.JMeterThread: Thread is done: Customer Index Page - 1000 Users 1-359
2026-08-29 09:31:09,632 INFO o.a.j.t.JMeterThread: Thread finished: Customer Index Page - 1000 Users 1-359
2026-08-29 09:31:09,715 INFO o.a.j.t.JMeterThread: Thread started: Customer Index Page - 1000 Users 1-360
2026-08-29 09:31:09,729 INFO o.a.j.t.JMeterThread: Thread is done: Customer Index Page - 1000 Users 1-360
2026-08-29 09:31:09,730 INFO o.a.j.t.JMeterThread: Thread finished: Customer Index Page - 1000 Users 1-360
2026-08-29 09:31:09,815 INFO o.a.j.t.JMeterThread: Thread started: Customer Index Page - 1000 Users 1-361
2026-08-29 09:31:09,829 INFO o.a.j.t.JMeterThread: Thread is done: Customer Index Page - 1000 Users 1-361
2026-08-29 09:31:09,830 INFO o.a.j.t.JMeterThread: Thread finished: Customer Index Page - 1000 Users 1-361
2026-08-29 09:31:09,914 INFO o.a.j.t.JMeterThread: Thread started: Customer Index Page - 1000 Users 1-362
2026-08-29 09:31:09,927 INFO o.a.j.t.JMeterThread: Thread is done: Customer Index Page - 1000 Users 1-362
2026-08-29 09:31:09,928 INFO o.a.j.t.JMeterThread: Thread finished: Customer Index Page - 1000 Users 1-362
2026-08-29 09:31:10,014 INFO o.a.j.t.JMeterThread: Thread started: Customer Index Page - 1000 Users 1-363
2026-08-29 09:31:10,029 INFO o.a.j.t.JMeterThread: Thread is done: Customer Index Page - 1000 Users 1-363
2026-08-29 09:31:10,030 INFO o.a.j.t.JMeterThread: Thread finished: Customer Index Page - 1000 Users 1-363
2026-08-29 09:31:10,114 INFO o.a.j.t.JMeterThread: Thread started: Customer Index Page - 1000 Users 1-364
2026-08-29 09:31:10,128 INFO o.a.j.t.JMeterThread: Thread is done: Customer Index Page - 1000 Users 1-364
2026-08-29 09:31:10,129 INFO o.a.j.t.JMeterThread: Thread finished: Customer Index Page - 1000 Users 1-364
2026-08-29 09:31:10,215 INFO o.a.j.t.JMeterThread: Thread started: Customer Index Page - 1000 Users 1-365
2026-08-29 09:31:10,230 INFO o.a.j.t.JMeterThread: Thread is done: Customer Index Page - 1000 Users 1-365
2026-08-29 09:31:10,231 INFO o.a.j.t.JMeterThread: Thread finished: Customer Index Page - 1000 Users 1-365
2026-08-29 09:31:10,314 INFO o.a.j.t.JMeterThread: Thread started: Customer Index Page - 1000 Users 1-366
2026-08-29 09:31:10,328 INFO o.a.j.t.JMeterThread: Thread is done: Customer Index Page - 1000 Users 1-366
2026-08-29 09:31:10,329 INFO o.a.j.t.JMeterThread: Thread finished: Customer Index Page - 1000 Users 1-366
2026-08-29 09:31:10,414 INFO o.a.j.t.JMeterThread: Thread started: Customer Index Page - 1000 Users 1-367
2026-08-29 09:31:10,438 INFO o.a.j.t.JMeterThread: Thread is done: Customer Index Page - 1000 Users 1-367
2026-08-29 09:31:10,439 INFO o.a.j.t.JMeterThread: Thread finished: Customer Index Page - 1000 Users 1-367
2026-08-29 09:31:10,514 INFO o.a.j.t.JMeterThread: Thread started: Customer Index Page - 1000 Users 1-368
2026-08-29 09:31:10,528 INFO o.a.j.t.JMeterThread: Thread is done: Customer Index Page - 1000 Users 1-368
2026-08-29 09:31:10,529 INFO o.a.j.t.JMeterThread: Thread finished: Customer Index Page - 1000 Users 1-368
2026-08-29 09:31:10,614 INFO o.a.j.t.JMeterThread: Thread started: Customer Index Page - 1000 Users 1-369
2026-08-29 09:31:10,628 INFO o.a.j.t.JMeterThread: Thread is done: Customer Index Page - 1000 Users 1-369
2026-08-29 09:31:10,629 INFO o.a.j.t.JMeterThread: Thread finished: Customer Index Page - 1000 Users 1-369
2026-08-29 09:31:10,714 INFO o.a.j.t.JMeterThread: Thread started: Customer Index Page - 1000 Users 1-370
2026-08-29 09:31:10,730 INFO o.a.j.t.JMeterThread: Thread is done: Customer Index Page - 1000 Users 1-370
2026-08-29 09:31:10,731 INFO o.a.j.t.JMeterThread: Thread finished: Customer Index Page - 1000 Users 1-370
2026-08-29 09:31:10,815 INFO o.a.j.t.JMeterThread: Thread started: Customer Index Page - 1000 Users 1-371
2026-08-29 09:31:10,831 INFO o.a.j.t.JMeterThread: Thread is done: Customer Index Page - 1000 Users 1-371
2026-08-29 09:31:10,833 INFO o.a.j.t.JMeterThread: Thread finished: Customer Index Page - 1000 Users 1-371
2026-08-29 09:31:10,914 INFO o.a.j.t.JMeterThread: Thread started: Customer Index Page - 1000 Users 1-372
2026-08-29 09:31:10,930 INFO o.a.j.t.JMeterThread: Thread is done: Customer Index Page - 1000 Users 1-372
2026-08-29 09:31:10,931 INFO o.a.j.t.JMeterThread: Thread finished: Customer Index Page - 1000 Users 1-372
2026-08-29 09:31:11,014 INFO o.a.j.t.JMeterThread: Thread started: Customer Index Page - 1000 Users 1-373
2026-08-29 09:31:11,035 INFO o.a.j.t.JMeterThread: Thread is done: Customer Index Page - 1000 Users 1-373
2026-08-29 09:31:11,036 INFO o.a.j.t.JMeterThread: Thread finished: Customer Index Page - 1000 Users 1-373
2026-08-29 09:31:11,115 INFO o.a.j.t.JMeterThread: Thread started: Customer Index Page - 1000 Users 1-374
2026-08-29 09:31:11,128 INFO o.a.j.t.JMeterThread: Thread is done: Customer Index Page - 1000 Users 1-374
2026-08-29 09:31:11,129 INFO o.a.j.t.JMeterThread: Thread finished: Customer Index Page - 1000 Users 1-374
2026-08-29 09:31:11,214 INFO o.a.j.t.JMeterThread: Thread started: Customer Index Page - 1000 Users 1-375
2026-08-29 09:31:11,228 INFO o.a.j.t.JMeterThread: Thread is done: Customer Index Page - 1000 Users 1-375
2026-08-29 09:31:11,230 INFO o.a.j.t.JMeterThread: Thread finished: Customer Index Page - 1000 Users 1-375
2026-08-29 09:31:11,313 INFO o.a.j.t.JMeterThread: Thread started: Customer Index Page - 1000 Users 1-376
2026-08-29 09:31:11,327 INFO o.a.j.t.JMeterThread: Thread is done: Customer Index Page - 1000 Users 1-376
2026-08-29 09:31:11,328 INFO o.a.j.t.JMeterThread: Thread finished: Customer Index Page - 1000 Users 1-376
2026-08-29 09:31:11,414 INFO o.a.j.t.JMeterThread: Thread started: Customer Index Page - 1000 Users 1-377
2026-08-29 09:31:11,427 INFO o.a.j.t.JMeterThread: Thread is done: Customer Index Page - 1000 Users 1-377
2026-08-29 09:31:11,429 INFO o.a.j.t.JMeterThread: Thread finished: Customer Index Page - 1000 Users 1-377
2026-08-29 09:31:11,514 INFO o.a.j.t.JMeterThread: Thread started: Customer Index Page - 1000 Users 1-378
2026-08-29 09:31:11,528 INFO o.a.j.t.JMeterThread: Thread is done: Customer Index Page - 1000 Users 1-378
2026-08-29 09:31:11,529 INFO o.a.j.t.JMeterThread: Thread finished: Customer Index Page - 1000 Users 1-378
2026-08-29 09:31:11,614 INFO o.a.j.t.JMeterThread: Thread started: Customer Index Page - 1000 Users 1-379
2026-08-29 09:31:11,627 INFO o.a.j.t.JMeterThread: Thread is done: Customer Index Page - 1000 Users 1-379
2026-08-29 09:31:11,628 INFO o.a.j.t.JMeterThread: Thread finished: Customer Index Page - 1000 Users 1-379
2026-08-29 09:31:11,714 INFO o.a.j.t.JMeterThread: Thread started: Customer Index Page - 1000 Users 1-380
2026-08-29 09:31:11,727 INFO o.a.j.t.JMeterThread: Thread is done: Customer Index Page - 1000 Users 1-380
2026-08-29 09:31:11,728 INFO o.a.j.t.JMeterThread: Thread finished: Customer Index Page - 1000 Users 1-380
2026-08-29 09:31:11,815 INFO o.a.j.t.JMeterThread: Thread started: Customer Index Page - 1000 Users 1-381
2026-08-29 09:31:11,829 INFO o.a.j.t.JMeterThread: Thread is done: Customer Index Page - 1000 Users 1-381
2026-08-29 09:31:11,830 INFO o.a.j.t.JMeterThread: Thread finished: Customer Index Page - 1000 Users 1-381
2026-08-29 09:31:11,914 INFO o.a.j.t.JMeterThread: Thread started: Customer Index Page - 1000 Users 1-382
2026-08-29 09:31:11,931 INFO o.a.j.t.JMeterThread: Thread is done: Customer Index Page - 1000 Users 1-382
2026-08-29 09:31:11,933 INFO o.a.j.t.JMeterThread: Thread finished: Customer Index Page - 1000 Users 1-382
2026-08-29 09:31:12,015 INFO o.a.j.t.JMeterThread: Thread started: Customer Index Page - 1000 Users 1-383
2026-08-29 09:31:12,033 INFO o.a.j.t.JMeterThread: Thread is done: Customer Index Page - 1000 Users 1-383
2026-08-29 09:31:12,036 INFO o.a.j.t.JMeterThread: Thread finished: Customer Index Page - 1000 Users 1-383
2026-08-29 09:31:12,114 INFO o.a.j.t.JMeterThread: Thread started: Customer Index Page - 1000 Users 1-384
2026-08-29 09:31:12,138 INFO o.a.j.t.JMeterThread: Thread is done: Customer Index Page - 1000 Users 1-384
2026-08-29 09:31:12,139 INFO o.a.j.t.JMeterThread: Thread finished: Customer Index Page - 1000 Users 1-384
2026-08-29 09:31:12,215 INFO o.a.j.t.JMeterThread: Thread started: Customer Index Page - 1000 Users 1-385
2026-08-29 09:31:12,234 INFO o.a.j.t.JMeterThread: Thread is done: Customer Index Page - 1000 Users 1-385
2026-08-29 09:31:12,235 INFO o.a.j.t.JMeterThread: Thread finished: Customer Index Page - 1000 Users 1-385
2026-08-29 09:31:12,314 INFO o.a.j.t.JMeterThread: Thread started: Customer Index Page - 1000 Users 1-386
2026-08-29 09:31:12,328 INFO o.a.j.t.JMeterThread: Thread is done: Customer Index Page - 1000 Users 1-386
2026-08-29 09:31:12,329 INFO o.a.j.t.JMeterThread: Thread finished: Customer Index Page - 1000 Users 1-386
2026-08-29 09:31:12,415 INFO o.a.j.t.JMeterThread: Thread started: Customer Index Page - 1000 Users 1-387
2026-08-29 09:31:12,427 INFO o.a.j.t.JMeterThread: Thread is done: Customer Index Page - 1000 Users 1-387
2026-08-29 09:31:12,428 INFO o.a.j.t.JMeterThread: Thread finished: Customer Index Page - 1000 Users 1-387
2026-08-29 09:31:12,514 INFO o.a.j.t.JMeterThread: Thread started: Customer Index Page - 1000 Users 1-388
2026-08-29 09:31:12,527 INFO o.a.j.t.JMeterThread: Thread is done: Customer Index Page - 1000 Users 1-388
2026-08-29 09:31:12,528 INFO o.a.j.t.JMeterThread: Thread finished: Customer Index Page - 1000 Users 1-388
2026-08-29 09:31:12,615 INFO o.a.j.t.JMeterThread: Thread started: Customer Index Page - 1000 Users 1-389
2026-08-29 09:31:12,629 INFO o.a.j.t.JMeterThread: Thread is done: Customer Index Page - 1000 Users 1-389
2026-08-29 09:31:12,630 INFO o.a.j.t.JMeterThread: Thread finished: Customer Index Page - 1000 Users 1-389
2026-08-29 09:31:12,714 INFO o.a.j.t.JMeterThread: Thread started: Customer Index Page - 1000 Users 1-390
2026-08-29 09:31:12,726 INFO o.a.j.t.JMeterThread: Thread is done: Customer Index Page - 1000 Users 1-390
2026-08-29 09:31:12,728 INFO o.a.j.t.JMeterThread: Thread finished: Customer Index Page - 1000 Users 1-390
2026-08-29 09:31:12,813 INFO o.a.j.t.JMeterThread: Thread started: Customer Index Page - 1000 Users 1-391
2026-08-29 09:31:12,826 INFO o.a.j.t.JMeterThread: Thread is done: Customer Index Page - 1000 Users 1-391
2026-08-29 09:31:12,827 INFO o.a.j.t.JMeterThread: Thread finished: Customer Index Page - 1000 Users 1-391
2026-08-29 09:31:12,914 INFO o.a.j.t.JMeterThread: Thread started: Customer Index Page - 1000 Users 1-392
2026-08-29 09:31:12,927 INFO o.a.j.t.JMeterThread: Thread is done: Customer Index Page - 1000 Users 1-392
2026-08-29 09:31:12,928 INFO o.a.j.t.JMeterThread: Thread finished: Customer Index Page - 1000 Users 1-392
2026-08-29 09:31:13,015 INFO o.a.j.t.JMeterThread: Thread started: Customer Index Page - 1000 Users 1-393
2026-08-29 09:31:13,030 INFO o.a.j.t.JMeterThread: Thread is done: Customer Index Page - 1000 Users 1-393
2026-08-29 09:31:13,031 INFO o.a.j.t.JMeterThread: Thread finished: Customer Index Page - 1000 Users 1-393
2026-08-29 09:31:13,116 INFO o.a.j.t.JMeterThread: Thread started: Customer Index Page - 1000 Users 1-394
2026-08-29 09:31:13,129 INFO o.a.j.t.JMeterThread: Thread is done: Customer Index Page - 1000 Users 1-394
2026-08-29 09:31:13,130 INFO o.a.j.t.JMeterThread: Thread finished: Customer Index Page - 1000 Users 1-394
2026-08-29 09:31:13,216 INFO o.a.j.t.JMeterThread: Thread started: Customer Index Page - 1000 Users 1-395
2026-08-29 09:31:13,230 INFO o.a.j.t.JMeterThread: Thread is done: Customer Index Page - 1000 Users 1-395
2026-08-29 09:31:13,231 INFO o.a.j.t.JMeterThread: Thread finished: Customer Index Page - 1000 Users 1-395
2026-08-29 09:31:13,315 INFO o.a.j.t.JMeterThread: Thread started: Customer Index Page - 1000 Users 1-396
2026-08-29 09:31:13,328 INFO o.a.j.t.JMeterThread: Thread is done: Customer Index Page - 1000 Users 1-396
2026-08-29 09:31:13,329 INFO o.a.j.t.JMeterThread: Thread finished: Customer Index Page - 1000 Users 1-396
2026-08-29 09:31:13,414 INFO o.a.j.t.JMeterThread: Thread started: Customer Index Page - 1000 Users 1-397
2026-08-29 09:31:13,426 INFO o.a.j.t.JMeterThread: Thread is done: Customer Index Page - 1000 Users 1-397
2026-08-29 09:31:13,427 INFO o.a.j.t.JMeterThread: Thread finished: Customer Index Page - 1000 Users 1-397
2026-08-29 09:31:13,514 INFO o.a.j.t.JMeterThread: Thread started: Customer Index Page - 1000 Users 1-398
2026-08-29 09:31:13,526 INFO o.a.j.t.JMeterThread: Thread is done: Customer Index Page - 1000 Users 1-398
2026-08-29 09:31:13,527 INFO o.a.j.t.JMeterThread: Thread finished: Customer Index Page - 1000 Users 1-398
2026-08-29 09:31:13,614 INFO o.a.j.t.JMeterThread: Thread started: Customer Index Page - 1000 Users 1-399
2026-08-29 09:31:13,627 INFO o.a.j.t.JMeterThread: Thread is done: Customer Index Page - 1000 Users 1-399
2026-08-29 09:31:13,628 INFO o.a.j.t.JMeterThread: Thread finished: Customer Index Page - 1000 Users 1-399
2026-08-29 09:31:13,714 INFO o.a.j.t.JMeterThread: Thread started: Customer Index Page - 1000 Users 1-400
2026-08-29 09:31:13,727 INFO o.a.j.t.JMeterThread: Thread is done: Customer Index Page - 1000 Users 1-400
2026-08-29 09:31:13,729 INFO o.a.j.t.JMeterThread: Thread finished: Customer Index Page - 1000 Users 1-400
2026-08-29 09:31:13,814 INFO o.a.j.t.JMeterThread: Thread started: Customer Index Page - 1000 Users 1-401
2026-08-29 09:31:13,827 INFO o.a.j.t.JMeterThread: Thread is done: Customer Index Page - 1000 Users 1-401
2026-08-29 09:31:13,829 INFO o.a.j.t.JMeterThread: Thread finished: Customer Index Page - 1000 Users 1-401
2026-08-29 09:31:13,914 INFO o.a.j.t.JMeterThread: Thread started: Customer Index Page - 1000 Users 1-402
2026-08-29 09:31:13,927 INFO o.a.j.t.JMeterThread: Thread is done: Customer Index Page - 1000 Users 1-402
2026-08-29 09:31:13,928 INFO o.a.j.t.JMeterThread: Thread finished: Customer Index Page - 1000 Users 1-402
2026-08-29 09:31:14,015 INFO o.a.j.t.JMeterThread: Thread started: Customer Index Page - 1000 Users 1-403
2026-08-29 09:31:14,028 INFO o.a.j.t.JMeterThread: Thread is done: Customer Index Page - 1000 Users 1-403
2026-08-29 09:31:14,029 INFO o.a.j.t.JMeterThread: Thread finished: Customer Index Page - 1000 Users 1-403
2026-08-29 09:31:14,114 INFO o.a.j.t.JMeterThread: Thread started: Customer Index Page - 1000 Users 1-404
2026-08-29 09:31:14,129 INFO o.a.j.t.JMeterThread: Thread is done: Customer Index Page - 1000 Users 1-404
2026-08-29 09:31:14,130 INFO o.a.j.t.JMeterThread: Thread finished: Customer Index Page - 1000 Users 1-404
2026-08-29 09:31:14,214 INFO o.a.j.t.JMeterThread: Thread started: Customer Index Page - 1000 Users 1-405
2026-08-29 09:31:14,227 INFO o.a.j.t.JMeterThread: Thread is done: Customer Index Page - 1000 Users 1-405
2026-08-29 09:31:14,228 INFO o.a.j.t.JMeterThread: Thread finished: Customer Index Page - 1000 Users 1-405
2026-08-29 09:31:14,314 INFO o.a.j.t.JMeterThread: Thread started: Customer Index Page - 1000 Users 1-406
2026-08-29 09:31:14,326 INFO o.a.j.t.JMeterThread: Thread is done: Customer Index Page - 1000 Users 1-406
2026-08-29 09:31:14,327 INFO o.a.j.t.JMeterThread: Thread finished: Customer Index Page - 1000 Users 1-406
2026-08-29 09:31:14,414 INFO o.a.j.t.JMeterThread: Thread started: Customer Index Page - 1000 Users 1-407
2026-08-29 09:31:14,432 INFO o.a.j.t.JMeterThread: Thread is done: Customer Index Page - 1000 Users 1-407
2026-08-29 09:31:14,433 INFO o.a.j.t.JMeterThread: Thread finished: Customer Index Page - 1000 Users 1-407
2026-08-29 09:31:14,513 INFO o.a.j.t.JMeterThread: Thread started: Customer Index Page - 1000 Users 1-408
2026-08-29 09:31:14,526 INFO o.a.j.t.JMeterThread: Thread is done: Customer Index Page - 1000 Users 1-408
2026-08-29 09:31:14,527 INFO o.a.j.t.JMeterThread: Thread finished: Customer Index Page - 1000 Users 1-408
2026-08-29 09:31:14,614 INFO o.a.j.t.JMeterThread: Thread started: Customer Index Page - 1000 Users 1-409
2026-08-29 09:31:14,627 INFO o.a.j.t.JMeterThread: Thread is done: Customer Index Page - 1000 Users 1-409
2026-08-29 09:31:14,629 INFO o.a.j.t.JMeterThread: Thread finished: Customer Index Page - 1000 Users 1-409
2026-08-29 09:31:14,714 INFO o.a.j.t.JMeterThread: Thread started: Customer Index Page - 1000 Users 1-410
2026-08-29 09:31:14,727 INFO o.a.j.t.JMeterThread: Thread is done: Customer Index Page - 1000 Users 1-410
2026-08-29 09:31:14,729 INFO o.a.j.t.JMeterThread: Thread finished: Customer Index Page - 1000 Users 1-410
2026-08-29 09:31:14,814 INFO o.a.j.t.JMeterThread: Thread started: Customer Index Page - 1000 Users 1-411
2026-08-29 09:31:14,829 INFO o.a.j.t.JMeterThread: Thread is done: Customer Index Page - 1000 Users 1-411
2026-08-29 09:31:14,830 INFO o.a.j.t.JMeterThread: Thread finished: Customer Index Page - 1000 Users 1-411
2026-08-29 09:31:14,913 INFO o.a.j.t.JMeterThread: Thread started: Customer Index Page - 1000 Users 1-412
2026-08-29 09:31:14,928 INFO o.a.j.t.JMeterThread: Thread is done: Customer Index Page - 1000 Users 1-412
2026-08-29 09:31:14,929 INFO o.a.j.t.JMeterThread: Thread finished: Customer Index Page - 1000 Users 1-412
2026-08-29 09:31:15,014 INFO o.a.j.t.JMeterThread: Thread started: Customer Index Page - 1000 Users 1-413
2026-08-29 09:31:15,029 INFO o.a.j.t.JMeterThread: Thread is done: Customer Index Page - 1000 Users 1-413
2026-08-29 09:31:15,030 INFO o.a.j.t.JMeterThread: Thread finished: Customer Index Page - 1000 Users 1-413
2026-08-29 09:31:15,114 INFO o.a.j.t.JMeterThread: Thread started: Customer Index Page - 1000 Users 1-414
2026-08-29 09:31:15,127 INFO o.a.j.t.JMeterThread: Thread is done: Customer Index Page - 1000 Users 1-414
2026-08-29 09:31:15,128 INFO o.a.j.t.JMeterThread: Thread finished: Customer Index Page - 1000 Users 1-414
2026-08-29 09:31:15,214 INFO o.a.j.t.JMeterThread: Thread started: Customer Index Page - 1000 Users 1-415
2026-08-29 09:31:15,227 INFO o.a.j.t.JMeterThread: Thread is done: Customer Index Page - 1000 Users 1-415
2026-08-29 09:31:15,228 INFO o.a.j.t.JMeterThread: Thread finished: Customer Index Page - 1000 Users 1-415
2026-08-29 09:31:15,313 INFO o.a.j.t.JMeterThread: Thread started: Customer Index Page - 1000 Users 1-416
2026-08-29 09:31:15,325 INFO o.a.j.t.JMeterThread: Thread is done: Customer Index Page - 1000 Users 1-416
2026-08-29 09:31:15,326 INFO o.a.j.t.JMeterThread: Thread finished: Customer Index Page - 1000 Users 1-416
2026-08-29 09:31:15,414 INFO o.a.j.t.JMeterThread: Thread started: Customer Index Page - 1000 Users 1-417
2026-08-29 09:31:15,427 INFO o.a.j.t.JMeterThread: Thread is done: Customer Index Page - 1000 Users 1-417
2026-08-29 09:31:15,428 INFO o.a.j.t.JMeterThread: Thread finished: Customer Index Page - 1000 Users 1-417
2026-08-29 09:31:15,514 INFO o.a.j.t.JMeterThread: Thread started: Customer Index Page - 1000 Users 1-418
2026-08-29 09:31:15,528 INFO o.a.j.t.JMeterThread: Thread is done: Customer Index Page - 1000 Users 1-418
2026-08-29 09:31:15,530 INFO o.a.j.t.JMeterThread: Thread finished: Customer Index Page - 1000 Users 1-418
2026-08-29 09:31:15,614 INFO o.a.j.t.JMeterThread: Thread started: Customer Index Page - 1000 Users 1-419
2026-08-29 09:31:15,633 INFO o.a.j.t.JMeterThread: Thread is done: Customer Index Page - 1000 Users 1-419
2026-08-29 09:31:15,634 INFO o.a.j.t.JMeterThread: Thread finished: Customer Index Page - 1000 Users 1-419
2026-08-29 09:31:15,714 INFO o.a.j.t.JMeterThread: Thread started: Customer Index Page - 1000 Users 1-420
2026-08-29 09:31:15,730 INFO o.a.j.t.JMeterThread: Thread is done: Customer Index Page - 1000 Users 1-420
2026-08-29 09:31:15,731 INFO o.a.j.t.JMeterThread: Thread finished: Customer Index Page - 1000 Users 1-420
2026-08-29 09:31:15,814 INFO o.a.j.t.JMeterThread: Thread started: Customer Index Page - 1000 Users 1-421
2026-08-29 09:31:15,830 INFO o.a.j.t.JMeterThread: Thread is done: Customer Index Page - 1000 Users 1-421
2026-08-29 09:31:15,832 INFO o.a.j.t.JMeterThread: Thread finished: Customer Index Page - 1000 Users 1-421
2026-08-29 09:31:15,914 INFO o.a.j.t.JMeterThread: Thread started: Customer Index Page - 1000 Users 1-422
2026-08-29 09:31:15,928 INFO o.a.j.t.JMeterThread: Thread is done: Customer Index Page - 1000 Users 1-422
2026-08-29 09:31:15,929 INFO o.a.j.t.JMeterThread: Thread finished: Customer Index Page - 1000 Users 1-422
2026-08-29 09:31:16,015 INFO o.a.j.t.JMeterThread: Thread started: Customer Index Page - 1000 Users 1-423
2026-08-29 09:31:16,028 INFO o.a.j.t.JMeterThread: Thread is done: Customer Index Page - 1000 Users 1-423
2026-08-29 09:31:16,029 INFO o.a.j.t.JMeterThread: Thread finished: Customer Index Page - 1000 Users 1-423
2026-08-29 09:31:16,114 INFO o.a.j.t.JMeterThread: Thread started: Customer Index Page - 1000 Users 1-424
2026-08-29 09:31:16,127 INFO o.a.j.t.JMeterThread: Thread is done: Customer Index Page - 1000 Users 1-424
2026-08-29 09:31:16,128 INFO o.a.j.t.JMeterThread: Thread finished: Customer Index Page - 1000 Users 1-424
2026-08-29 09:31:16,214 INFO o.a.j.t.JMeterThread: Thread started: Customer Index Page - 1000 Users 1-425
2026-08-29 09:31:16,234 INFO o.a.j.t.JMeterThread: Thread is done: Customer Index Page - 1000 Users 1-425
2026-08-29 09:31:16,235 INFO o.a.j.t.JMeterThread: Thread finished: Customer Index Page - 1000 Users 1-425
2026-08-29 09:31:16,313 INFO o.a.j.t.JMeterThread: Thread started: Customer Index Page - 1000 Users 1-426
2026-08-29 09:31:16,342 INFO o.a.j.t.JMeterThread: Thread is done: Customer Index Page - 1000 Users 1-426
2026-08-29 09:31:16,344 INFO o.a.j.t.JMeterThread: Thread finished: Customer Index Page - 1000 Users 1-426
2026-08-29 09:31:16,415 INFO o.a.j.t.JMeterThread: Thread started: Customer Index Page - 1000 Users 1-427
2026-08-29 09:31:16,430 INFO o.a.j.t.JMeterThread: Thread is done: Customer Index Page - 1000 Users 1-427
2026-08-29 09:31:16,431 INFO o.a.j.t.JMeterThread: Thread finished: Customer Index Page - 1000 Users 1-427
2026-08-29 09:31:16,514 INFO o.a.j.t.JMeterThread: Thread started: Customer Index Page - 1000 Users 1-428
2026-08-29 09:31:16,530 INFO o.a.j.t.JMeterThread: Thread is done: Customer Index Page - 1000 Users 1-428
2026-08-29 09:31:16,531 INFO o.a.j.t.JMeterThread: Thread finished: Customer Index Page - 1000 Users 1-428
2026-08-29 09:31:16,614 INFO o.a.j.t.JMeterThread: Thread started: Customer Index Page - 1000 Users 1-429
2026-08-29 09:31:16,629 INFO o.a.j.t.JMeterThread: Thread is done: Customer Index Page - 1000 Users 1-429
2026-08-29 09:31:16,631 INFO o.a.j.t.JMeterThread: Thread finished: Customer Index Page - 1000 Users 1-429
2026-08-29 09:31:16,714 INFO o.a.j.t.JMeterThread: Thread started: Customer Index Page - 1000 Users 1-430
2026-08-29 09:31:16,733 INFO o.a.j.t.JMeterThread: Thread is done: Customer Index Page - 1000 Users 1-430
2026-08-29 09:31:16,734 INFO o.a.j.t.JMeterThread: Thread finished: Customer Index Page - 1000 Users 1-430
2026-08-29 09:31:16,815 INFO o.a.j.t.JMeterThread: Thread started: Customer Index Page - 1000 Users 1-431
2026-08-29 09:31:16,829 INFO o.a.j.t.JMeterThread: Thread is done: Customer Index Page - 1000 Users 1-431
2026-08-29 09:31:16,831 INFO o.a.j.t.JMeterThread: Thread finished: Customer Index Page - 1000 Users 1-431
2026-08-29 09:31:16,914 INFO o.a.j.t.JMeterThread: Thread started: Customer Index Page - 1000 Users 1-432
2026-08-29 09:31:16,928 INFO o.a.j.t.JMeterThread: Thread is done: Customer Index Page - 1000 Users 1-432
2026-08-29 09:31:16,930 INFO o.a.j.t.JMeterThread: Thread finished: Customer Index Page - 1000 Users 1-432
2026-08-29 09:31:17,014 INFO o.a.j.t.JMeterThread: Thread started: Customer Index Page - 1000 Users 1-433
2026-08-29 09:31:17,031 INFO o.a.j.t.JMeterThread: Thread is done: Customer Index Page - 1000 Users 1-433
2026-08-29 09:31:17,032 INFO o.a.j.t.JMeterThread: Thread finished: Customer Index Page - 1000 Users 1-433
2026-08-29 09:31:17,115 INFO o.a.j.t.JMeterThread: Thread started: Customer Index Page - 1000 Users 1-434
2026-08-29 09:31:17,134 INFO o.a.j.t.JMeterThread: Thread is done: Customer Index Page - 1000 Users 1-434
2026-08-29 09:31:17,136 INFO o.a.j.t.JMeterThread: Thread finished: Customer Index Page - 1000 Users 1-434
2026-08-29 09:31:17,214 INFO o.a.j.t.JMeterThread: Thread started: Customer Index Page - 1000 Users 1-435
2026-08-29 09:31:17,229 INFO o.a.j.t.JMeterThread: Thread is done: Customer Index Page - 1000 Users 1-435
2026-08-29 09:31:17,230 INFO o.a.j.t.JMeterThread: Thread finished: Customer Index Page - 1000 Users 1-435
2026-08-29 09:31:17,315 INFO o.a.j.t.JMeterThread: Thread started: Customer Index Page - 1000 Users 1-436
2026-08-29 09:31:17,329 INFO o.a.j.t.JMeterThread: Thread is done: Customer Index Page - 1000 Users 1-436
2026-08-29 09:31:17,331 INFO o.a.j.t.JMeterThread: Thread finished: Customer Index Page - 1000 Users 1-436
2026-08-29 09:31:17,414 INFO o.a.j.t.JMeterThread: Thread started: Customer Index Page - 1000 Users 1-437
2026-08-29 09:31:17,428 INFO o.a.j.t.JMeterThread: Thread is done: Customer Index Page - 1000 Users 1-437
2026-08-29 09:31:17,430 INFO o.a.j.t.JMeterThread: Thread finished: Customer Index Page - 1000 Users 1-437
2026-08-29 09:31:17,514 INFO o.a.j.t.JMeterThread: Thread started: Customer Index Page - 1000 Users 1-438
2026-08-29 09:31:17,529 INFO o.a.j.t.JMeterThread: Thread is done: Customer Index Page - 1000 Users 1-438
2026-08-29 09:31:17,530 INFO o.a.j.t.JMeterThread: Thread finished: Customer Index Page - 1000 Users 1-438
2026-08-29 09:31:17,614 INFO o.a.j.t.JMeterThread: Thread started: Customer Index Page - 1000 Users 1-439
2026-08-29 09:31:17,629 INFO o.a.j.t.JMeterThread: Thread is done: Customer Index Page - 1000 Users 1-439
2026-08-29 09:31:17,630 INFO o.a.j.t.JMeterThread: Thread finished: Customer Index Page - 1000 Users 1-439
2026-08-29 09:31:17,714 INFO o.a.j.t.JMeterThread: Thread started: Customer Index Page - 1000 Users 1-440
2026-08-29 09:31:17,736 INFO o.a.j.t.JMeterThread: Thread is done: Customer Index Page - 1000 Users 1-440
2026-08-29 09:31:17,737 INFO o.a.j.t.JMeterThread: Thread finished: Customer Index Page - 1000 Users 1-440
2026-08-29 09:31:17,814 INFO o.a.j.t.JMeterThread: Thread started: Customer Index Page - 1000 Users 1-441
2026-08-29 09:31:17,832 INFO o.a.j.t.JMeterThread: Thread is done: Customer Index Page - 1000 Users 1-441
2026-08-29 09:31:17,834 INFO o.a.j.t.JMeterThread: Thread finished: Customer Index Page - 1000 Users 1-441
2026-08-29 09:31:17,914 INFO o.a.j.t.JMeterThread: Thread started: Customer Index Page - 1000 Users 1-442
2026-08-29 09:31:17,930 INFO o.a.j.t.JMeterThread: Thread is done: Customer Index Page - 1000 Users 1-442
2026-08-29 09:31:17,932 INFO o.a.j.t.JMeterThread: Thread finished: Customer Index Page - 1000 Users 1-442
2026-08-29 09:31:18,015 INFO o.a.j.t.JMeterThread: Thread started: Customer Index Page - 1000 Users 1-443
2026-08-29 09:31:18,030 INFO o.a.j.t.JMeterThread: Thread is done: Customer Index Page - 1000 Users 1-443
2026-08-29 09:31:18,031 INFO o.a.j.t.JMeterThread: Thread finished: Customer Index Page - 1000 Users 1-443
2026-08-29 09:31:18,114 INFO o.a.j.t.JMeterThread: Thread started: Customer Index Page - 1000 Users 1-444
2026-08-29 09:31:18,131 INFO o.a.j.t.JMeterThread: Thread is done: Customer Index Page - 1000 Users 1-444
2026-08-29 09:31:18,132 INFO o.a.j.t.JMeterThread: Thread finished: Customer Index Page - 1000 Users 1-444
2026-08-29 09:31:18,215 INFO o.a.j.t.JMeterThread: Thread started: Customer Index Page - 1000 Users 1-445
2026-08-29 09:31:18,232 INFO o.a.j.t.JMeterThread: Thread is done: Customer Index Page - 1000 Users 1-445
2026-08-29 09:31:18,233 INFO o.a.j.t.JMeterThread: Thread finished: Customer Index Page - 1000 Users 1-445
2026-08-29 09:31:18,315 INFO o.a.j.t.JMeterThread: Thread started: Customer Index Page - 1000 Users 1-446
2026-08-29 09:31:18,336 INFO o.a.j.t.JMeterThread: Thread is done: Customer Index Page - 1000 Users 1-446
2026-08-29 09:31:18,337 INFO o.a.j.t.JMeterThread: Thread finished: Customer Index Page - 1000 Users 1-446
2026-08-29 09:31:18,415 INFO o.a.j.t.JMeterThread: Thread started: Customer Index Page - 1000 Users 1-447
2026-08-29 09:31:18,429 INFO o.a.j.t.JMeterThread: Thread is done: Customer Index Page - 1000 Users 1-447
2026-08-29 09:31:18,431 INFO o.a.j.t.JMeterThread: Thread finished: Customer Index Page - 1000 Users 1-447
2026-08-29 09:31:18,514 INFO o.a.j.t.JMeterThread: Thread started: Customer Index Page - 1000 Users 1-448
2026-08-29 09:31:18,531 INFO o.a.j.t.JMeterThread: Thread is done: Customer Index Page - 1000 Users 1-448
2026-08-29 09:31:18,532 INFO o.a.j.t.JMeterThread: Thread finished: Customer Index Page - 1000 Users 1-448
2026-08-29 09:31:18,613 INFO o.a.j.t.JMeterThread: Thread started: Customer Index Page - 1000 Users 1-449
2026-08-29 09:31:18,628 INFO o.a.j.t.JMeterThread: Thread is done: Customer Index Page - 1000 Users 1-449
2026-08-29 09:31:18,630 INFO o.a.j.t.JMeterThread: Thread finished: Customer Index Page - 1000 Users 1-449
2026-08-29 09:31:18,715 INFO o.a.j.t.JMeterThread: Thread started: Customer Index Page - 1000 Users 1-450
2026-08-29 09:31:18,730 INFO o.a.j.t.JMeterThread: Thread is done: Customer Index Page - 1000 Users 1-450
2026-08-29 09:31:18,731 INFO o.a.j.t.JMeterThread: Thread finished: Customer Index Page - 1000 Users 1-450
2026-08-29 09:31:18,815 INFO o.a.j.t.JMeterThread: Thread started: Customer Index Page - 1000 Users 1-451
2026-08-29 09:31:18,828 INFO o.a.j.t.JMeterThread: Thread is done: Customer Index Page - 1000 Users 1-451
2026-08-29 09:31:18,829 INFO o.a.j.t.JMeterThread: Thread finished: Customer Index Page - 1000 Users 1-451
2026-08-29 09:31:18,914 INFO o.a.j.t.JMeterThread: Thread started: Customer Index Page - 1000 Users 1-452
2026-08-29 09:31:18,928 INFO o.a.j.t.JMeterThread: Thread is done: Customer Index Page - 1000 Users 1-452
2026-08-29 09:31:18,930 INFO o.a.j.t.JMeterThread: Thread finished: Customer Index Page - 1000 Users 1-452
2026-08-29 09:31:19,014 INFO o.a.j.t.JMeterThread: Thread started: Customer Index Page - 1000 Users 1-453
2026-08-29 09:31:19,027 INFO o.a.j.t.JMeterThread: Thread is done: Customer Index Page - 1000 Users 1-453
2026-08-29 09:31:19,028 INFO o.a.j.t.JMeterThread: Thread finished: Customer Index Page - 1000 Users 1-453
2026-08-29 09:31:19,115 INFO o.a.j.t.JMeterThread: Thread started: Customer Index Page - 1000 Users 1-454
2026-08-29 09:31:19,127 INFO o.a.j.t.JMeterThread: Thread is done: Customer Index Page - 1000 Users 1-454
2026-08-29 09:31:19,128 INFO o.a.j.t.JMeterThread: Thread finished: Customer Index Page - 1000 Users 1-454
2026-08-29 09:31:19,214 INFO o.a.j.t.JMeterThread: Thread started: Customer Index Page - 1000 Users 1-455
2026-08-29 09:31:19,227 INFO o.a.j.t.JMeterThread: Thread is done: Customer Index Page - 1000 Users 1-455
2026-08-29 09:31:19,228 INFO o.a.j.t.JMeterThread: Thread finished: Customer Index Page - 1000 Users 1-455
2026-08-29 09:31:19,314 INFO o.a.j.t.JMeterThread: Thread started: Customer Index Page - 1000 Users 1-456
2026-08-29 09:31:19,325 INFO o.a.j.t.JMeterThread: Thread is done: Customer Index Page - 1000 Users 1-456
2026-08-29 09:31:19,326 INFO o.a.j.t.JMeterThread: Thread finished: Customer Index Page - 1000 Users 1-456
2026-08-29 09:31:19,414 INFO o.a.j.t.JMeterThread: Thread started: Customer Index Page - 1000 Users 1-457
2026-08-29 09:31:19,435 INFO o.a.j.t.JMeterThread: Thread is done: Customer Index Page - 1000 Users 1-457
2026-08-29 09:31:19,437 INFO o.a.j.t.JMeterThread: Thread finished: Customer Index Page - 1000 Users 1-457
2026-08-29 09:31:19,515 INFO o.a.j.t.JMeterThread: Thread started: Customer Index Page - 1000 Users 1-458
2026-08-29 09:31:19,545 INFO o.a.j.t.JMeterThread: Thread is done: Customer Index Page - 1000 Users 1-458
2026-08-29 09:31:19,547 INFO o.a.j.t.JMeterThread: Thread finished: Customer Index Page - 1000 Users 1-458
2026-08-29 09:31:19,614 INFO o.a.j.t.JMeterThread: Thread started: Customer Index Page - 1000 Users 1-459
2026-08-29 09:31:19,645 INFO o.a.j.t.JMeterThread: Thread is done: Customer Index Page - 1000 Users 1-459
2026-08-29 09:31:19,650 INFO o.a.j.t.JMeterThread: Thread finished: Customer Index Page - 1000 Users 1-459
2026-08-29 09:31:19,714 INFO o.a.j.t.JMeterThread: Thread started: Customer Index Page - 1000 Users 1-460
2026-08-29 09:31:19,735 INFO o.a.j.t.JMeterThread: Thread is done: Customer Index Page - 1000 Users 1-460
2026-08-29 09:31:19,737 INFO o.a.j.t.JMeterThread: Thread finished: Customer Index Page - 1000 Users 1-460
2026-08-29 09:31:19,814 INFO o.a.j.t.JMeterThread: Thread started: Customer Index Page - 1000 Users 1-461
2026-08-29 09:31:19,839 INFO o.a.j.t.JMeterThread: Thread is done: Customer Index Page - 1000 Users 1-461
2026-08-29 09:31:19,840 INFO o.a.j.t.JMeterThread: Thread finished: Customer Index Page - 1000 Users 1-461
2026-08-29 09:31:19,913 INFO o.a.j.t.JMeterThread: Thread started: Customer Index Page - 1000 Users 1-462
2026-08-29 09:31:19,934 INFO o.a.j.t.JMeterThread: Thread is done: Customer Index Page - 1000 Users 1-462
2026-08-29 09:31:19,935 INFO o.a.j.t.JMeterThread: Thread finished: Customer Index Page - 1000 Users 1-462
2026-08-29 09:31:20,014 INFO o.a.j.t.JMeterThread: Thread started: Customer Index Page - 1000 Users 1-463
2026-08-29 09:31:20,045 INFO o.a.j.t.JMeterThread: Thread is done: Customer Index Page - 1000 Users 1-463
2026-08-29 09:31:20,051 INFO o.a.j.t.JMeterThread: Thread finished: Customer Index Page - 1000 Users 1-463
2026-08-29 09:31:20,113 INFO o.a.j.t.JMeterThread: Thread started: Customer Index Page - 1000 Users 1-464
2026-08-29 09:31:20,131 INFO o.a.j.t.JMeterThread: Thread is done: Customer Index Page - 1000 Users 1-464
2026-08-29 09:31:20,133 INFO o.a.j.t.JMeterThread: Thread finished: Customer Index Page - 1000 Users 1-464
2026-08-29 09:31:20,215 INFO o.a.j.t.JMeterThread: Thread started: Customer Index Page - 1000 Users 1-465
2026-08-29 09:31:20,230 INFO o.a.j.t.JMeterThread: Thread is done: Customer Index Page - 1000 Users 1-465
2026-08-29 09:31:20,231 INFO o.a.j.t.JMeterThread: Thread finished: Customer Index Page - 1000 Users 1-465
2026-08-29 09:31:20,314 INFO o.a.j.t.JMeterThread: Thread started: Customer Index Page - 1000 Users 1-466
2026-08-29 09:31:20,329 INFO o.a.j.t.JMeterThread: Thread is done: Customer Index Page - 1000 Users 1-466
2026-08-29 09:31:20,330 INFO o.a.j.t.JMeterThread: Thread finished: Customer Index Page - 1000 Users 1-466
2026-08-29 09:31:20,415 INFO o.a.j.t.JMeterThread: Thread started: Customer Index Page - 1000 Users 1-467
2026-08-29 09:31:20,431 INFO o.a.j.t.JMeterThread: Thread is done: Customer Index Page - 1000 Users 1-467
2026-08-29 09:31:20,433 INFO o.a.j.t.JMeterThread: Thread finished: Customer Index Page - 1000 Users 1-467
2026-08-29 09:31:20,515 INFO o.a.j.t.JMeterThread: Thread started: Customer Index Page - 1000 Users 1-468
2026-08-29 09:31:20,530 INFO o.a.j.t.JMeterThread: Thread is done: Customer Index Page - 1000 Users 1-468
2026-08-29 09:31:20,531 INFO o.a.j.t.JMeterThread: Thread finished: Customer Index Page - 1000 Users 1-468
2026-08-29 09:31:20,614 INFO o.a.j.t.JMeterThread: Thread started: Customer Index Page - 1000 Users 1-469
2026-08-29 09:31:20,630 INFO o.a.j.t.JMeterThread: Thread is done: Customer Index Page - 1000 Users 1-469
2026-08-29 09:31:20,631 INFO o.a.j.t.JMeterThread: Thread finished: Customer Index Page - 1000 Users 1-469
2026-08-29 09:31:20,715 INFO o.a.j.t.JMeterThread: Thread started: Customer Index Page - 1000 Users 1-470
2026-08-29 09:31:20,729 INFO o.a.j.t.JMeterThread: Thread is done: Customer Index Page - 1000 Users 1-470
2026-08-29 09:31:20,730 INFO o.a.j.t.JMeterThread: Thread finished: Customer Index Page - 1000 Users 1-470
2026-08-29 09:31:20,813 INFO o.a.j.t.JMeterThread: Thread started: Customer Index Page - 1000 Users 1-471
2026-08-29 09:31:20,835 INFO o.a.j.t.JMeterThread: Thread is done: Customer Index Page - 1000 Users 1-471
2026-08-29 09:31:20,836 INFO o.a.j.t.JMeterThread: Thread finished: Customer Index Page - 1000 Users 1-471
2026-08-29 09:31:20,914 INFO o.a.j.t.JMeterThread: Thread started: Customer Index Page - 1000 Users 1-472
2026-08-29 09:31:20,927 INFO o.a.j.t.JMeterThread: Thread is done: Customer Index Page - 1000 Users 1-472
2026-08-29 09:31:20,929 INFO o.a.j.t.JMeterThread: Thread finished: Customer Index Page - 1000 Users 1-472
2026-08-29 09:31:21,015 INFO o.a.j.t.JMeterThread: Thread started: Customer Index Page - 1000 Users 1-473
2026-08-29 09:31:21,028 INFO o.a.j.t.JMeterThread: Thread is done: Customer Index Page - 1000 Users 1-473
2026-08-29 09:31:21,029 INFO o.a.j.t.JMeterThread: Thread finished: Customer Index Page - 1000 Users 1-473
2026-08-29 09:31:21,114 INFO o.a.j.t.JMeterThread: Thread started: Customer Index Page - 1000 Users 1-474
2026-08-29 09:31:21,127 INFO o.a.j.t.JMeterThread: Thread is done: Customer Index Page - 1000 Users 1-474
2026-08-29 09:31:21,129 INFO o.a.j.t.JMeterThread: Thread finished: Customer Index Page - 1000 Users 1-474
2026-08-29 09:31:21,214 INFO o.a.j.t.JMeterThread: Thread started: Customer Index Page - 1000 Users 1-475
2026-08-29 09:31:21,233 INFO o.a.j.t.JMeterThread: Thread is done: Customer Index Page - 1000 Users 1-475
2026-08-29 09:31:21,234 INFO o.a.j.t.JMeterThread: Thread finished: Customer Index Page - 1000 Users 1-475
2026-08-29 09:31:21,313 INFO o.a.j.t.JMeterThread: Thread started: Customer Index Page - 1000 Users 1-476
2026-08-29 09:31:21,327 INFO o.a.j.t.JMeterThread: Thread is done: Customer Index Page - 1000 Users 1-476
2026-08-29 09:31:21,328 INFO o.a.j.t.JMeterThread: Thread finished: Customer Index Page - 1000 Users 1-476
2026-08-29 09:31:21,414 INFO o.a.j.t.JMeterThread: Thread started: Customer Index Page - 1000 Users 1-477
2026-08-29 09:31:21,428 INFO o.a.j.t.JMeterThread: Thread is done: Customer Index Page - 1000 Users 1-477
2026-08-29 09:31:21,429 INFO o.a.j.t.JMeterThread: Thread finished: Customer Index Page - 1000 Users 1-477
2026-08-29 09:31:21,515 INFO o.a.j.t.JMeterThread: Thread started: Customer Index Page - 1000 Users 1-478
2026-08-29 09:31:21,529 INFO o.a.j.t.JMeterThread: Thread is done: Customer Index Page - 1000 Users 1-478
2026-08-29 09:31:21,530 INFO o.a.j.t.JMeterThread: Thread finished: Customer Index Page - 1000 Users 1-478
2026-08-29 09:31:21,614 INFO o.a.j.t.JMeterThread: Thread started: Customer Index Page - 1000 Users 1-479
2026-08-29 09:31:21,627 INFO o.a.j.t.JMeterThread: Thread is done: Customer Index Page - 1000 Users 1-479
2026-08-29 09:31:21,629 INFO o.a.j.t.JMeterThread: Thread finished: Customer Index Page - 1000 Users 1-479
2026-08-29 09:31:21,714 INFO o.a.j.t.JMeterThread: Thread started: Customer Index Page - 1000 Users 1-480
2026-08-29 09:31:21,727 INFO o.a.j.t.JMeterThread: Thread is done: Customer Index Page - 1000 Users 1-480
2026-08-29 09:31:21,729 INFO o.a.j.t.JMeterThread: Thread finished: Customer Index Page - 1000 Users 1-480
2026-08-29 09:31:21,816 INFO o.a.j.t.JMeterThread: Thread started: Customer Index Page - 1000 Users 1-481
2026-08-29 09:31:21,828 INFO o.a.j.t.JMeterThread: Thread is done: Customer Index Page - 1000 Users 1-481
2026-08-29 09:31:21,829 INFO o.a.j.t.JMeterThread: Thread finished: Customer Index Page - 1000 Users 1-481
2026-08-29 09:31:21,914 INFO o.a.j.t.JMeterThread: Thread started: Customer Index Page - 1000 Users 1-482
2026-08-29 09:31:21,928 INFO o.a.j.t.JMeterThread: Thread is done: Customer Index Page - 1000 Users 1-482
2026-08-29 09:31:21,929 INFO o.a.j.t.JMeterThread: Thread finished: Customer Index Page - 1000 Users 1-482
2026-08-29 09:31:22,014 INFO o.a.j.t.JMeterThread: Thread started: Customer Index Page - 1000 Users 1-483
2026-08-29 09:31:22,028 INFO o.a.j.t.JMeterThread: Thread is done: Customer Index Page - 1000 Users 1-483
2026-08-29 09:31:22,029 INFO o.a.j.t.JMeterThread: Thread finished: Customer Index Page - 1000 Users 1-483
2026-08-29 09:31:22,115 INFO o.a.j.t.JMeterThread: Thread started: Customer Index Page - 1000 Users 1-484
2026-08-29 09:31:22,133 INFO o.a.j.t.JMeterThread: Thread is done: Customer Index Page - 1000 Users 1-484
2026-08-29 09:31:22,134 INFO o.a.j.t.JMeterThread: Thread finished: Customer Index Page - 1000 Users 1-484
2026-08-29 09:31:22,214 INFO o.a.j.t.JMeterThread: Thread started: Customer Index Page - 1000 Users 1-485
2026-08-29 09:31:22,229 INFO o.a.j.t.JMeterThread: Thread is done: Customer Index Page - 1000 Users 1-485
2026-08-29 09:31:22,231 INFO o.a.j.t.JMeterThread: Thread finished: Customer Index Page - 1000 Users 1-485
2026-08-29 09:31:22,314 INFO o.a.j.t.JMeterThread: Thread started: Customer Index Page - 1000 Users 1-486
2026-08-29 09:31:22,327 INFO o.a.j.t.JMeterThread: Thread is done: Customer Index Page - 1000 Users 1-486
2026-08-29 09:31:22,329 INFO o.a.j.t.JMeterThread: Thread finished: Customer Index Page - 1000 Users 1-486
2026-08-29 09:31:22,414 INFO o.a.j.t.JMeterThread: Thread started: Customer Index Page - 1000 Users 1-487
2026-08-29 09:31:22,427 INFO o.a.j.t.JMeterThread: Thread is done: Customer Index Page - 1000 Users 1-487
2026-08-29 09:31:22,428 INFO o.a.j.t.JMeterThread: Thread finished: Customer Index Page - 1000 Users 1-487
2026-08-29 09:31:22,514 INFO o.a.j.t.JMeterThread: Thread started: Customer Index Page - 1000 Users 1-488
2026-08-29 09:31:22,527 INFO o.a.j.t.JMeterThread: Thread is done: Customer Index Page - 1000 Users 1-488
2026-08-29 09:31:22,529 INFO o.a.j.t.JMeterThread: Thread finished: Customer Index Page - 1000 Users 1-488
2026-08-29 09:31:22,614 INFO o.a.j.t.JMeterThread: Thread started: Customer Index Page - 1000 Users 1-489
2026-08-29 09:31:22,627 INFO o.a.j.t.JMeterThread: Thread is done: Customer Index Page - 1000 Users 1-489
2026-08-29 09:31:22,628 INFO o.a.j.t.JMeterThread: Thread finished: Customer Index Page - 1000 Users 1-489
2026-08-29 09:31:22,715 INFO o.a.j.t.JMeterThread: Thread started: Customer Index Page - 1000 Users 1-490
2026-08-29 09:31:22,729 INFO o.a.j.t.JMeterThread: Thread is done: Customer Index Page - 1000 Users 1-490
2026-08-29 09:31:22,730 INFO o.a.j.t.JMeterThread: Thread finished: Customer Index Page - 1000 Users 1-490
2026-08-29 09:31:22,814 INFO o.a.j.t.JMeterThread: Thread started: Customer Index Page - 1000 Users 1-491
2026-08-29 09:31:22,827 INFO o.a.j.t.JMeterThread: Thread is done: Customer Index Page - 1000 Users 1-491
2026-08-29 09:31:22,828 INFO o.a.j.t.JMeterThread: Thread finished: Customer Index Page - 1000 Users 1-491
2026-08-29 09:31:22,914 INFO o.a.j.t.JMeterThread: Thread started: Customer Index Page - 1000 Users 1-492
2026-08-29 09:31:22,927 INFO o.a.j.t.JMeterThread: Thread is done: Customer Index Page - 1000 Users 1-492
2026-08-29 09:31:22,928 INFO o.a.j.t.JMeterThread: Thread finished: Customer Index Page - 1000 Users 1-492
2026-08-29 09:31:23,014 INFO o.a.j.t.JMeterThread: Thread started: Customer Index Page - 1000 Users 1-493
2026-08-29 09:31:23,026 INFO o.a.j.t.JMeterThread: Thread is done: Customer Index Page - 1000 Users 1-493
2026-08-29 09:31:23,027 INFO o.a.j.t.JMeterThread: Thread finished: Customer Index Page - 1000 Users 1-493
2026-08-29 09:31:23,114 INFO o.a.j.t.JMeterThread: Thread started: Customer Index Page - 1000 Users 1-494
2026-08-29 09:31:23,126 INFO o.a.j.t.JMeterThread: Thread is done: Customer Index Page - 1000 Users 1-494
2026-08-29 09:31:23,127 INFO o.a.j.t.JMeterThread: Thread finished: Customer Index Page - 1000 Users 1-494
2026-08-29 09:31:23,215 INFO o.a.j.t.JMeterThread: Thread started: Customer Index Page - 1000 Users 1-495
2026-08-29 09:31:23,227 INFO o.a.j.t.JMeterThread: Thread is done: Customer Index Page - 1000 Users 1-495
2026-08-29 09:31:23,228 INFO o.a.j.t.JMeterThread: Thread finished: Customer Index Page - 1000 Users 1-495
2026-08-29 09:31:23,314 INFO o.a.j.t.JMeterThread: Thread started: Customer Index Page - 1000 Users 1-496
2026-08-29 09:31:23,326 INFO o.a.j.t.JMeterThread: Thread is done: Customer Index Page - 1000 Users 1-496
2026-08-29 09:31:23,327 INFO o.a.j.t.JMeterThread: Thread finished: Customer Index Page - 1000 Users 1-496
2026-08-29 09:31:23,415 INFO o.a.j.t.JMeterThread: Thread started: Customer Index Page - 1000 Users 1-497
2026-08-29 09:31:23,427 INFO o.a.j.t.JMeterThread: Thread is done: Customer Index Page - 1000 Users 1-497
2026-08-29 09:31:23,428 INFO o.a.j.t.JMeterThread: Thread finished: Customer Index Page - 1000 Users 1-497
2026-08-29 09:31:23,514 INFO o.a.j.t.JMeterThread: Thread started: Customer Index Page - 1000 Users 1-498
2026-08-29 09:31:23,525 INFO o.a.j.t.JMeterThread: Thread is done: Customer Index Page - 1000 Users 1-498
2026-08-29 09:31:23,526 INFO o.a.j.t.JMeterThread: Thread finished: Customer Index Page - 1000 Users 1-498
2026-08-29 09:31:23,614 INFO o.a.j.t.JMeterThread: Thread started: Customer Index Page - 1000 Users 1-499
2026-08-29 09:31:23,625 INFO o.a.j.t.JMeterThread: Thread is done: Customer Index Page - 1000 Users 1-499
2026-08-29 09:31:23,626 INFO o.a.j.t.JMeterThread: Thread finished: Customer Index Page - 1000 Users 1-499
2026-08-29 09:31:23,714 INFO o.a.j.t.JMeterThread: Thread started: Customer Index Page - 1000 Users 1-500
2026-08-29 09:31:23,725 INFO o.a.j.t.JMeterThread: Thread is done: Customer Index Page - 1000 Users 1-500
2026-08-29 09:31:23,727 INFO o.a.j.t.JMeterThread: Thread finished: Customer Index Page - 1000 Users 1-500
2026-08-29 09:31:23,815 INFO o.a.j.t.JMeterThread: Thread started: Customer Index Page - 1000 Users 1-501
2026-08-29 09:31:23,827 INFO o.a.j.t.JMeterThread: Thread is done: Customer Index Page - 1000 Users 1-501
2026-08-29 09:31:23,828 INFO o.a.j.t.JMeterThread: Thread finished: Customer Index Page - 1000 Users 1-501
2026-08-29 09:31:23,914 INFO o.a.j.t.JMeterThread: Thread started: Customer Index Page - 1000 Users 1-502
2026-08-29 09:31:23,925 INFO o.a.j.t.JMeterThread: Thread is done: Customer Index Page - 1000 Users 1-502
2026-08-29 09:31:23,927 INFO o.a.j.t.JMeterThread: Thread finished: Customer Index Page - 1000 Users 1-502
2026-08-29 09:31:24,014 INFO o.a.j.t.JMeterThread: Thread started: Customer Index Page - 1000 Users 1-503
2026-08-29 09:31:24,024 INFO o.a.j.t.JMeterThread: Thread is done: Customer Index Page - 1000 Users 1-503
2026-08-29 09:31:24,025 INFO o.a.j.t.JMeterThread: Thread finished: Customer Index Page - 1000 Users 1-503
2026-08-29 09:31:24,114 INFO o.a.j.t.JMeterThread: Thread started: Customer Index Page - 1000 Users 1-504
2026-08-29 09:31:24,126 INFO o.a.j.t.JMeterThread: Thread is done: Customer Index Page - 1000 Users 1-504
2026-08-29 09:31:24,127 INFO o.a.j.t.JMeterThread: Thread finished: Customer Index Page - 1000 Users 1-504
2026-08-29 09:31:24,214 INFO o.a.j.t.JMeterThread: Thread started: Customer Index Page - 1000 Users 1-505
2026-08-29 09:31:24,226 INFO o.a.j.t.JMeterThread: Thread is done: Customer Index Page - 1000 Users 1-505
2026-08-29 09:31:24,227 INFO o.a.j.t.JMeterThread: Thread finished: Customer Index Page - 1000 Users 1-505
2026-08-29 09:31:24,315 INFO o.a.j.t.JMeterThread: Thread started: Customer Index Page - 1000 Users 1-506
2026-08-29 09:31:24,326 INFO o.a.j.t.JMeterThread: Thread is done: Customer Index Page - 1000 Users 1-506
2026-08-29 09:31:24,327 INFO o.a.j.t.JMeterThread: Thread finished: Customer Index Page - 1000 Users 1-506
2026-08-29 09:31:24,414 INFO o.a.j.t.JMeterThread: Thread started: Customer Index Page - 1000 Users 1-507
2026-08-29 09:31:24,427 INFO o.a.j.t.JMeterThread: Thread is done: Customer Index Page - 1000 Users 1-507
2026-08-29 09:31:24,428 INFO o.a.j.t.JMeterThread: Thread finished: Customer Index Page - 1000 Users 1-507
2026-08-29 09:31:24,514 INFO o.a.j.t.JMeterThread: Thread started: Customer Index Page - 1000 Users 1-508
2026-08-29 09:31:24,525 INFO o.a.j.t.JMeterThread: Thread is done: Customer Index Page - 1000 Users 1-508
2026-08-29 09:31:24,526 INFO o.a.j.t.JMeterThread: Thread finished: Customer Index Page - 1000 Users 1-508
2026-08-29 09:31:24,614 INFO o.a.j.t.JMeterThread: Thread started: Customer Index Page - 1000 Users 1-509
2026-08-29 09:31:24,625 INFO o.a.j.t.JMeterThread: Thread is done: Customer Index Page - 1000 Users 1-509
2026-08-29 09:31:24,627 INFO o.a.j.t.JMeterThread: Thread finished: Customer Index Page - 1000 Users 1-509
2026-08-29 09:31:24,715 INFO o.a.j.t.JMeterThread: Thread started: Customer Index Page - 1000 Users 1-510
2026-08-29 09:31:24,726 INFO o.a.j.t.JMeterThread: Thread is done: Customer Index Page - 1000 Users 1-510
2026-08-29 09:31:24,727 INFO o.a.j.t.JMeterThread: Thread finished: Customer Index Page - 1000 Users 1-510
2026-08-29 09:31:24,814 INFO o.a.j.t.JMeterThread: Thread started: Customer Index Page - 1000 Users 1-511
2026-08-29 09:31:24,830 INFO o.a.j.t.JMeterThread: Thread is done: Customer Index Page - 1000 Users 1-511
2026-08-29 09:31:24,832 INFO o.a.j.t.JMeterThread: Thread finished: Customer Index Page - 1000 Users 1-511
2026-08-29 09:31:24,915 INFO o.a.j.t.JMeterThread: Thread started: Customer Index Page - 1000 Users 1-512
2026-08-29 09:31:24,933 INFO o.a.j.t.JMeterThread: Thread is done: Customer Index Page - 1000 Users 1-512
2026-08-29 09:31:24,934 INFO o.a.j.t.JMeterThread: Thread finished: Customer Index Page - 1000 Users 1-512
2026-08-29 09:31:25,014 INFO o.a.j.t.JMeterThread: Thread started: Customer Index Page - 1000 Users 1-513
2026-08-29 09:31:25,026 INFO o.a.j.t.JMeterThread: Thread is done: Customer Index Page - 1000 Users 1-513
2026-08-29 09:31:25,027 INFO o.a.j.t.JMeterThread: Thread finished: Customer Index Page - 1000 Users 1-513
2026-08-29 09:31:25,114 INFO o.a.j.t.JMeterThread: Thread started: Customer Index Page - 1000 Users 1-514
2026-08-29 09:31:25,127 INFO o.a.j.t.JMeterThread: Thread is done: Customer Index Page - 1000 Users 1-514
2026-08-29 09:31:25,128 INFO o.a.j.t.JMeterThread: Thread finished: Customer Index Page - 1000 Users 1-514
2026-08-29 09:31:25,214 INFO o.a.j.t.JMeterThread: Thread started: Customer Index Page - 1000 Users 1-515
2026-08-29 09:31:25,226 INFO o.a.j.t.JMeterThread: Thread is done: Customer Index Page - 1000 Users 1-515
2026-08-29 09:31:25,227 INFO o.a.j.t.JMeterThread: Thread finished: Customer Index Page - 1000 Users 1-515
2026-08-29 09:31:25,315 INFO o.a.j.t.JMeterThread: Thread started: Customer Index Page - 1000 Users 1-516
2026-08-29 09:31:25,326 INFO o.a.j.t.JMeterThread: Thread is done: Customer Index Page - 1000 Users 1-516
2026-08-29 09:31:25,327 INFO o.a.j.t.JMeterThread: Thread finished: Customer Index Page - 1000 Users 1-516
2026-08-29 09:31:25,416 INFO o.a.j.t.JMeterThread: Thread started: Customer Index Page - 1000 Users 1-517
2026-08-29 09:31:25,428 INFO o.a.j.t.JMeterThread: Thread is done: Customer Index Page - 1000 Users 1-517
2026-08-29 09:31:25,430 INFO o.a.j.t.JMeterThread: Thread finished: Customer Index Page - 1000 Users 1-517
2026-08-29 09:31:25,513 INFO o.a.j.t.JMeterThread: Thread started: Customer Index Page - 1000 Users 1-518
2026-08-29 09:31:25,527 INFO o.a.j.t.JMeterThread: Thread is done: Customer Index Page - 1000 Users 1-518
2026-08-29 09:31:25,528 INFO o.a.j.t.JMeterThread: Thread finished: Customer Index Page - 1000 Users 1-518
2026-08-29 09:31:25,614 INFO o.a.j.t.JMeterThread: Thread started: Customer Index Page - 1000 Users 1-519
2026-08-29 09:31:25,629 INFO o.a.j.t.JMeterThread: Thread is done: Customer Index Page - 1000 Users 1-519
2026-08-29 09:31:25,630 INFO o.a.j.t.JMeterThread: Thread finished: Customer Index Page - 1000 Users 1-519
2026-08-29 09:31:25,714 INFO o.a.j.t.JMeterThread: Thread started: Customer Index Page - 1000 Users 1-520
2026-08-29 09:31:25,726 INFO o.a.j.t.JMeterThread: Thread is done: Customer Index Page - 1000 Users 1-520
2026-08-29 09:31:25,727 INFO o.a.j.t.JMeterThread: Thread finished: Customer Index Page - 1000 Users 1-520
2026-08-29 09:31:25,813 INFO o.a.j.t.JMeterThread: Thread started: Customer Index Page - 1000 Users 1-521
2026-08-29 09:31:25,826 INFO o.a.j.t.JMeterThread: Thread is done: Customer Index Page - 1000 Users 1-521
2026-08-29 09:31:25,827 INFO o.a.j.t.JMeterThread: Thread finished: Customer Index Page - 1000 Users 1-521
2026-08-29 09:31:25,915 INFO o.a.j.t.JMeterThread: Thread started: Customer Index Page - 1000 Users 1-522
2026-08-29 09:31:25,926 INFO o.a.j.t.JMeterThread: Thread is done: Customer Index Page - 1000 Users 1-522
2026-08-29 09:31:25,928 INFO o.a.j.t.JMeterThread: Thread finished: Customer Index Page - 1000 Users 1-522
2026-08-29 09:31:26,014 INFO o.a.j.t.JMeterThread: Thread started: Customer Index Page - 1000 Users 1-523
2026-08-29 09:31:26,026 INFO o.a.j.t.JMeterThread: Thread is done: Customer Index Page - 1000 Users 1-523
2026-08-29 09:31:26,028 INFO o.a.j.t.JMeterThread: Thread finished: Customer Index Page - 1000 Users 1-523
2026-08-29 09:31:26,114 INFO o.a.j.t.JMeterThread: Thread started: Customer Index Page - 1000 Users 1-524
2026-08-29 09:31:26,127 INFO o.a.j.t.JMeterThread: Thread is done: Customer Index Page - 1000 Users 1-524
2026-08-29 09:31:26,128 INFO o.a.j.t.JMeterThread: Thread finished: Customer Index Page - 1000 Users 1-524
2026-08-29 09:31:26,214 INFO o.a.j.t.JMeterThread: Thread started: Customer Index Page - 1000 Users 1-525
2026-08-29 09:31:26,238 INFO o.a.j.t.JMeterThread: Thread is done: Customer Index Page - 1000 Users 1-525
2026-08-29 09:31:26,241 INFO o.a.j.t.JMeterThread: Thread finished: Customer Index Page - 1000 Users 1-525
2026-08-29 09:31:26,313 INFO o.a.j.t.JMeterThread: Thread started: Customer Index Page - 1000 Users 1-526
2026-08-29 09:31:26,327 INFO o.a.j.t.JMeterThread: Thread is done: Customer Index Page - 1000 Users 1-526
2026-08-29 09:31:26,328 INFO o.a.j.t.JMeterThread: Thread finished: Customer Index Page - 1000 Users 1-526
2026-08-29 09:31:26,414 INFO o.a.j.t.JMeterThread: Thread started: Customer Index Page - 1000 Users 1-527
2026-08-29 09:31:26,426 INFO o.a.j.t.JMeterThread: Thread is done: Customer Index Page - 1000 Users 1-527
2026-08-29 09:31:26,427 INFO o.a.j.t.JMeterThread: Thread finished: Customer Index Page - 1000 Users 1-527
2026-08-29 09:31:26,514 INFO o.a.j.t.JMeterThread: Thread started: Customer Index Page - 1000 Users 1-528
2026-08-29 09:31:26,528 INFO o.a.j.t.JMeterThread: Thread is done: Customer Index Page - 1000 Users 1-528
2026-08-29 09:31:26,529 INFO o.a.j.t.JMeterThread: Thread finished: Customer Index Page - 1000 Users 1-528
2026-08-29 09:31:26,614 INFO o.a.j.t.JMeterThread: Thread started: Customer Index Page - 1000 Users 1-529
2026-08-29 09:31:26,625 INFO o.a.j.t.JMeterThread: Thread is done: Customer Index Page - 1000 Users 1-529
2026-08-29 09:31:26,627 INFO o.a.j.t.JMeterThread: Thread finished: Customer Index Page - 1000 Users 1-529
2026-08-29 09:31:26,713 INFO o.a.j.t.JMeterThread: Thread started: Customer Index Page - 1000 Users 1-530
2026-08-29 09:31:26,730 INFO o.a.j.t.JMeterThread: Thread is done: Customer Index Page - 1000 Users 1-530
2026-08-29 09:31:26,731 INFO o.a.j.t.JMeterThread: Thread finished: Customer Index Page - 1000 Users 1-530
2026-08-29 09:31:26,815 INFO o.a.j.t.JMeterThread: Thread started: Customer Index Page - 1000 Users 1-531
2026-08-29 09:31:26,829 INFO o.a.j.t.JMeterThread: Thread is done: Customer Index Page - 1000 Users 1-531
2026-08-29 09:31:26,830 INFO o.a.j.t.JMeterThread: Thread finished: Customer Index Page - 1000 Users 1-531
2026-08-29 09:31:26,915 INFO o.a.j.t.JMeterThread: Thread started: Customer Index Page - 1000 Users 1-532
2026-08-29 09:31:26,929 INFO o.a.j.t.JMeterThread: Thread is done: Customer Index Page - 1000 Users 1-532
2026-08-29 09:31:26,930 INFO o.a.j.t.JMeterThread: Thread finished: Customer Index Page - 1000 Users 1-532
2026-08-29 09:31:27,014 INFO o.a.j.t.JMeterThread: Thread started: Customer Index Page - 1000 Users 1-533
2026-08-29 09:31:27,031 INFO o.a.j.t.JMeterThread: Thread is done: Customer Index Page - 1000 Users 1-533
2026-08-29 09:31:27,032 INFO o.a.j.t.JMeterThread: Thread finished: Customer Index Page - 1000 Users 1-533
2026-08-29 09:31:27,114 INFO o.a.j.t.JMeterThread: Thread started: Customer Index Page - 1000 Users 1-534
2026-08-29 09:31:27,131 INFO o.a.j.t.JMeterThread: Thread is done: Customer Index Page - 1000 Users 1-534
2026-08-29 09:31:27,132 INFO o.a.j.t.JMeterThread: Thread finished: Customer Index Page - 1000 Users 1-534
2026-08-29 09:31:27,214 INFO o.a.j.t.JMeterThread: Thread started: Customer Index Page - 1000 Users 1-535
2026-08-29 09:31:27,226 INFO o.a.j.t.JMeterThread: Thread is done: Customer Index Page - 1000 Users 1-535
2026-08-29 09:31:27,227 INFO o.a.j.t.JMeterThread: Thread finished: Customer Index Page - 1000 Users 1-535
2026-08-29 09:31:27,314 INFO o.a.j.t.JMeterThread: Thread started: Customer Index Page - 1000 Users 1-536
2026-08-29 09:31:27,328 INFO o.a.j.t.JMeterThread: Thread is done: Customer Index Page - 1000 Users 1-536
2026-08-29 09:31:27,330 INFO o.a.j.t.JMeterThread: Thread finished: Customer Index Page - 1000 Users 1-536
2026-08-29 09:31:27,415 INFO o.a.j.t.JMeterThread: Thread started: Customer Index Page - 1000 Users 1-537
2026-08-29 09:31:27,428 INFO o.a.j.t.JMeterThread: Thread is done: Customer Index Page - 1000 Users 1-537
2026-08-29 09:31:27,430 INFO o.a.j.t.JMeterThread: Thread finished: Customer Index Page - 1000 Users 1-537
2026-08-29 09:31:27,515 INFO o.a.j.t.JMeterThread: Thread started: Customer Index Page - 1000 Users 1-538
2026-08-29 09:31:27,534 INFO o.a.j.t.JMeterThread: Thread is done: Customer Index Page - 1000 Users 1-538
2026-08-29 09:31:27,536 INFO o.a.j.t.JMeterThread: Thread finished: Customer Index Page - 1000 Users 1-538
2026-08-29 09:31:27,615 INFO o.a.j.t.JMeterThread: Thread started: Customer Index Page - 1000 Users 1-539
2026-08-29 09:31:27,630 INFO o.a.j.t.JMeterThread: Thread is done: Customer Index Page - 1000 Users 1-539
2026-08-29 09:31:27,631 INFO o.a.j.t.JMeterThread: Thread finished: Customer Index Page - 1000 Users 1-539
2026-08-29 09:31:27,715 INFO o.a.j.t.JMeterThread: Thread started: Customer Index Page - 1000 Users 1-540
2026-08-29 09:31:27,728 INFO o.a.j.t.JMeterThread: Thread is done: Customer Index Page - 1000 Users 1-540
2026-08-29 09:31:27,730 INFO o.a.j.t.JMeterThread: Thread finished: Customer Index Page - 1000 Users 1-540
2026-08-29 09:31:27,813 INFO o.a.j.t.JMeterThread: Thread started: Customer Index Page - 1000 Users 1-541
2026-08-29 09:31:27,825 INFO o.a.j.t.JMeterThread: Thread is done: Customer Index Page - 1000 Users 1-541
2026-08-29 09:31:27,827 INFO o.a.j.t.JMeterThread: Thread finished: Customer Index Page - 1000 Users 1-541
2026-08-29 09:31:27,915 INFO o.a.j.t.JMeterThread: Thread started: Customer Index Page - 1000 Users 1-542
2026-08-29 09:31:27,926 INFO o.a.j.t.JMeterThread: Thread is done: Customer Index Page - 1000 Users 1-542
2026-08-29 09:31:27,928 INFO o.a.j.t.JMeterThread: Thread finished: Customer Index Page - 1000 Users 1-542
2026-08-29 09:31:28,015 INFO o.a.j.t.JMeterThread: Thread started: Customer Index Page - 1000 Users 1-543
2026-08-29 09:31:28,027 INFO o.a.j.t.JMeterThread: Thread is done: Customer Index Page - 1000 Users 1-543
2026-08-29 09:31:28,028 INFO o.a.j.t.JMeterThread: Thread finished: Customer Index Page - 1000 Users 1-543
2026-08-29 09:31:28,113 INFO o.a.j.t.JMeterThread: Thread started: Customer Index Page - 1000 Users 1-544
2026-08-29 09:31:28,125 INFO o.a.j.t.JMeterThread: Thread is done: Customer Index Page - 1000 Users 1-544
2026-08-29 09:31:28,127 INFO o.a.j.t.JMeterThread: Thread finished: Customer Index Page - 1000 Users 1-544
2026-08-29 09:31:28,214 INFO o.a.j.t.JMeterThread: Thread started: Customer Index Page - 1000 Users 1-545
2026-08-29 09:31:28,226 INFO o.a.j.t.JMeterThread: Thread is done: Customer Index Page - 1000 Users 1-545
2026-08-29 09:31:28,227 INFO o.a.j.t.JMeterThread: Thread finished: Customer Index Page - 1000 Users 1-545
2026-08-29 09:31:28,314 INFO o.a.j.t.JMeterThread: Thread started: Customer Index Page - 1000 Users 1-546
2026-08-29 09:31:28,325 INFO o.a.j.t.JMeterThread: Thread is done: Customer Index Page - 1000 Users 1-546
2026-08-29 09:31:28,326 INFO o.a.j.t.JMeterThread: Thread finished: Customer Index Page - 1000 Users 1-546
2026-08-29 09:31:28,415 INFO o.a.j.t.JMeterThread: Thread started: Customer Index Page - 1000 Users 1-547
2026-08-29 09:31:28,427 INFO o.a.j.t.JMeterThread: Thread is done: Customer Index Page - 1000 Users 1-547
2026-08-29 09:31:28,428 INFO o.a.j.t.JMeterThread: Thread finished: Customer Index Page - 1000 Users 1-547
2026-08-29 09:31:28,514 INFO o.a.j.t.JMeterThread: Thread started: Customer Index Page - 1000 Users 1-548
2026-08-29 09:31:28,525 INFO o.a.j.t.JMeterThread: Thread is done: Customer Index Page - 1000 Users 1-548
2026-08-29 09:31:28,526 INFO o.a.j.t.JMeterThread: Thread finished: Customer Index Page - 1000 Users 1-548
2026-08-29 09:31:28,614 INFO o.a.j.t.JMeterThread: Thread started: Customer Index Page - 1000 Users 1-549
2026-08-29 09:31:28,628 INFO o.a.j.t.JMeterThread: Thread is done: Customer Index Page - 1000 Users 1-549
2026-08-29 09:31:28,629 INFO o.a.j.t.JMeterThread: Thread finished: Customer Index Page - 1000 Users 1-549
2026-08-29 09:31:28,714 INFO o.a.j.t.JMeterThread: Thread started: Customer Index Page - 1000 Users 1-550
2026-08-29 09:31:28,727 INFO o.a.j.t.JMeterThread: Thread is done: Customer Index Page - 1000 Users 1-550
2026-08-29 09:31:28,728 INFO o.a.j.t.JMeterThread: Thread finished: Customer Index Page - 1000 Users 1-550
2026-08-29 09:31:28,814 INFO o.a.j.t.JMeterThread: Thread started: Customer Index Page - 1000 Users 1-551
2026-08-29 09:31:28,826 INFO o.a.j.t.JMeterThread: Thread is done: Customer Index Page - 1000 Users 1-551
2026-08-29 09:31:28,827 INFO o.a.j.t.JMeterThread: Thread finished: Customer Index Page - 1000 Users 1-551
2026-08-29 09:31:28,915 INFO o.a.j.t.JMeterThread: Thread started: Customer Index Page - 1000 Users 1-552
2026-08-29 09:31:28,926 INFO o.a.j.t.JMeterThread: Thread is done: Customer Index Page - 1000 Users 1-552
2026-08-29 09:31:28,927 INFO o.a.j.t.JMeterThread: Thread finished: Customer Index Page - 1000 Users 1-552
2026-08-29 09:31:29,014 INFO o.a.j.t.JMeterThread: Thread started: Customer Index Page - 1000 Users 1-553
2026-08-29 09:31:29,028 INFO o.a.j.t.JMeterThread: Thread is done: Customer Index Page - 1000 Users 1-553
2026-08-29 09:31:29,029 INFO o.a.j.t.JMeterThread: Thread finished: Customer Index Page - 1000 Users 1-553
2026-08-29 09:31:29,114 INFO o.a.j.t.JMeterThread: Thread started: Customer Index Page - 1000 Users 1-554
2026-08-29 09:31:29,125 INFO o.a.j.t.JMeterThread: Thread is done: Customer Index Page - 1000 Users 1-554
2026-08-29 09:31:29,126 INFO o.a.j.t.JMeterThread: Thread finished: Customer Index Page - 1000 Users 1-554
2026-08-29 09:31:29,214 INFO o.a.j.t.JMeterThread: Thread started: Customer Index Page - 1000 Users 1-555
2026-08-29 09:31:29,225 INFO o.a.j.t.JMeterThread: Thread is done: Customer Index Page - 1000 Users 1-555
2026-08-29 09:31:29,227 INFO o.a.j.t.JMeterThread: Thread finished: Customer Index Page - 1000 Users 1-555
2026-08-29 09:31:29,315 INFO o.a.j.t.JMeterThread: Thread started: Customer Index Page - 1000 Users 1-556
2026-08-29 09:31:29,325 INFO o.a.j.t.JMeterThread: Thread is done: Customer Index Page - 1000 Users 1-556
2026-08-29 09:31:29,327 INFO o.a.j.t.JMeterThread: Thread finished: Customer Index Page - 1000 Users 1-556
2026-08-29 09:31:29,414 INFO o.a.j.t.JMeterThread: Thread started: Customer Index Page - 1000 Users 1-557
2026-08-29 09:31:29,425 INFO o.a.j.t.JMeterThread: Thread is done: Customer Index Page - 1000 Users 1-557
2026-08-29 09:31:29,426 INFO o.a.j.t.JMeterThread: Thread finished: Customer Index Page - 1000 Users 1-557
2026-08-29 09:31:29,514 INFO o.a.j.t.JMeterThread: Thread started: Customer Index Page - 1000 Users 1-558
2026-08-29 09:31:29,525 INFO o.a.j.t.JMeterThread: Thread is done: Customer Index Page - 1000 Users 1-558
2026-08-29 09:31:29,526 INFO o.a.j.t.JMeterThread: Thread finished: Customer Index Page - 1000 Users 1-558
2026-08-29 09:31:29,614 INFO o.a.j.t.JMeterThread: Thread started: Customer Index Page - 1000 Users 1-559
2026-08-29 09:31:29,625 INFO o.a.j.t.JMeterThread: Thread is done: Customer Index Page - 1000 Users 1-559
2026-08-29 09:31:29,626 INFO o.a.j.t.JMeterThread: Thread finished: Customer Index Page - 1000 Users 1-559
2026-08-29 09:31:29,714 INFO o.a.j.t.JMeterThread: Thread started: Customer Index Page - 1000 Users 1-560
2026-08-29 09:31:29,726 INFO o.a.j.t.JMeterThread: Thread is done: Customer Index Page - 1000 Users 1-560
2026-08-29 09:31:29,726 INFO o.a.j.t.JMeterThread: Thread finished: Customer Index Page - 1000 Users 1-560
2026-08-29 09:31:29,815 INFO o.a.j.t.JMeterThread: Thread started: Customer Index Page - 1000 Users 1-561
2026-08-29 09:31:29,827 INFO o.a.j.t.JMeterThread: Thread is done: Customer Index Page - 1000 Users 1-561
2026-08-29 09:31:29,828 INFO o.a.j.t.JMeterThread: Thread finished: Customer Index Page - 1000 Users 1-561
2026-08-29 09:31:29,914 INFO o.a.j.t.JMeterThread: Thread started: Customer Index Page - 1000 Users 1-562
2026-08-29 09:31:29,925 INFO o.a.j.t.JMeterThread: Thread is done: Customer Index Page - 1000 Users 1-562
2026-08-29 09:31:29,927 INFO o.a.j.t.JMeterThread: Thread finished: Customer Index Page - 1000 Users 1-562
2026-08-29 09:31:30,014 INFO o.a.j.t.JMeterThread: Thread started: Customer Index Page - 1000 Users 1-563
2026-08-29 09:31:30,019 INFO o.a.j.r.Summariser: summary +    600 in 00:00:30 =   20.0/s Avg:     6 Min:     1 Max:    54 Err:     0 (0.00%) Active: 1 Started: 563 Finished: 562
2026-08-29 09:31:30,021 INFO o.a.j.r.Summariser: summary =   1125 in 00:00:56 =   20.0/s Avg:     8 Min:     1 Max:   127 Err:     0 (0.00%)
2026-08-29 09:31:30,030 INFO o.a.j.t.JMeterThread: Thread is done: Customer Index Page - 1000 Users 1-563
2026-08-29 09:31:30,031 INFO o.a.j.t.JMeterThread: Thread finished: Customer Index Page - 1000 Users 1-563
2026-08-29 09:31:30,114 INFO o.a.j.t.JMeterThread: Thread started: Customer Index Page - 1000 Users 1-564
2026-08-29 09:31:30,127 INFO o.a.j.t.JMeterThread: Thread is done: Customer Index Page - 1000 Users 1-564
2026-08-29 09:31:30,128 INFO o.a.j.t.JMeterThread: Thread finished: Customer Index Page - 1000 Users 1-564
2026-08-29 09:31:30,215 INFO o.a.j.t.JMeterThread: Thread started: Customer Index Page - 1000 Users 1-565
2026-08-29 09:31:30,227 INFO o.a.j.t.JMeterThread: Thread is done: Customer Index Page - 1000 Users 1-565
2026-08-29 09:31:30,228 INFO o.a.j.t.JMeterThread: Thread finished: Customer Index Page - 1000 Users 1-565
2026-08-29 09:31:30,315 INFO o.a.j.t.JMeterThread: Thread started: Customer Index Page - 1000 Users 1-566
2026-08-29 09:31:30,329 INFO o.a.j.t.JMeterThread: Thread is done: Customer Index Page - 1000 Users 1-566
2026-08-29 09:31:30,331 INFO o.a.j.t.JMeterThread: Thread finished: Customer Index Page - 1000 Users 1-566
2026-08-29 09:31:30,414 INFO o.a.j.t.JMeterThread: Thread started: Customer Index Page - 1000 Users 1-567
2026-08-29 09:31:30,426 INFO o.a.j.t.JMeterThread: Thread is done: Customer Index Page - 1000 Users 1-567
2026-08-29 09:31:30,427 INFO o.a.j.t.JMeterThread: Thread finished: Customer Index Page - 1000 Users 1-567
2026-08-29 09:31:30,514 INFO o.a.j.t.JMeterThread: Thread started: Customer Index Page - 1000 Users 1-568
2026-08-29 09:31:30,527 INFO o.a.j.t.JMeterThread: Thread is done: Customer Index Page - 1000 Users 1-568
2026-08-29 09:31:30,528 INFO o.a.j.t.JMeterThread: Thread finished: Customer Index Page - 1000 Users 1-568
2026-08-29 09:31:30,614 INFO o.a.j.t.JMeterThread: Thread started: Customer Index Page - 1000 Users 1-569
2026-08-29 09:31:30,625 INFO o.a.j.t.JMeterThread: Thread is done: Customer Index Page - 1000 Users 1-569
2026-08-29 09:31:30,627 INFO o.a.j.t.JMeterThread: Thread finished: Customer Index Page - 1000 Users 1-569
2026-08-29 09:31:30,714 INFO o.a.j.t.JMeterThread: Thread started: Customer Index Page - 1000 Users 1-570
2026-08-29 09:31:30,726 INFO o.a.j.t.JMeterThread: Thread is done: Customer Index Page - 1000 Users 1-570
2026-08-29 09:31:30,727 INFO o.a.j.t.JMeterThread: Thread finished: Customer Index Page - 1000 Users 1-570
2026-08-29 09:31:30,815 INFO o.a.j.t.JMeterThread: Thread started: Customer Index Page - 1000 Users 1-571
2026-08-29 09:31:30,831 INFO o.a.j.t.JMeterThread: Thread is done: Customer Index Page - 1000 Users 1-571
2026-08-29 09:31:30,832 INFO o.a.j.t.JMeterThread: Thread finished: Customer Index Page - 1000 Users 1-571
2026-08-29 09:31:30,914 INFO o.a.j.t.JMeterThread: Thread started: Customer Index Page - 1000 Users 1-572
2026-08-29 09:31:30,926 INFO o.a.j.t.JMeterThread: Thread is done: Customer Index Page - 1000 Users 1-572
2026-08-29 09:31:30,927 INFO o.a.j.t.JMeterThread: Thread finished: Customer Index Page - 1000 Users 1-572
2026-08-29 09:31:31,014 INFO o.a.j.t.JMeterThread: Thread started: Customer Index Page - 1000 Users 1-573
2026-08-29 09:31:31,026 INFO o.a.j.t.JMeterThread: Thread is done: Customer Index Page - 1000 Users 1-573
2026-08-29 09:31:31,027 INFO o.a.j.t.JMeterThread: Thread finished: Customer Index Page - 1000 Users 1-573
2026-08-29 09:31:31,114 INFO o.a.j.t.JMeterThread: Thread started: Customer Index Page - 1000 Users 1-574
2026-08-29 09:31:31,126 INFO o.a.j.t.JMeterThread: Thread is done: Customer Index Page - 1000 Users 1-574
2026-08-29 09:31:31,127 INFO o.a.j.t.JMeterThread: Thread finished: Customer Index Page - 1000 Users 1-574
2026-08-29 09:31:31,214 INFO o.a.j.t.JMeterThread: Thread started: Customer Index Page - 1000 Users 1-575
2026-08-29 09:31:31,228 INFO o.a.j.t.JMeterThread: Thread is done: Customer Index Page - 1000 Users 1-575
2026-08-29 09:31:31,230 INFO o.a.j.t.JMeterThread: Thread finished: Customer Index Page - 1000 Users 1-575
2026-08-29 09:31:31,313 INFO o.a.j.t.JMeterThread: Thread started: Customer Index Page - 1000 Users 1-576
2026-08-29 09:31:31,325 INFO o.a.j.t.JMeterThread: Thread is done: Customer Index Page - 1000 Users 1-576
2026-08-29 09:31:31,327 INFO o.a.j.t.JMeterThread: Thread finished: Customer Index Page - 1000 Users 1-576
2026-08-29 09:31:31,414 INFO o.a.j.t.JMeterThread: Thread started: Customer Index Page - 1000 Users 1-577
2026-08-29 09:31:31,435 INFO o.a.j.t.JMeterThread: Thread is done: Customer Index Page - 1000 Users 1-577
2026-08-29 09:31:31,436 INFO o.a.j.t.JMeterThread: Thread finished: Customer Index Page - 1000 Users 1-577
2026-08-29 09:31:31,514 INFO o.a.j.t.JMeterThread: Thread started: Customer Index Page - 1000 Users 1-578
2026-08-29 09:31:31,528 INFO o.a.j.t.JMeterThread: Thread is done: Customer Index Page - 1000 Users 1-578
2026-08-29 09:31:31,530 INFO o.a.j.t.JMeterThread: Thread finished: Customer Index Page - 1000 Users 1-578
2026-08-29 09:31:31,615 INFO o.a.j.t.JMeterThread: Thread started: Customer Index Page - 1000 Users 1-579
2026-08-29 09:31:31,631 INFO o.a.j.t.JMeterThread: Thread is done: Customer Index Page - 1000 Users 1-579
2026-08-29 09:31:31,632 INFO o.a.j.t.JMeterThread: Thread finished: Customer Index Page - 1000 Users 1-579
2026-08-29 09:31:31,714 INFO o.a.j.t.JMeterThread: Thread started: Customer Index Page - 1000 Users 1-580
2026-08-29 09:31:31,727 INFO o.a.j.t.JMeterThread: Thread is done: Customer Index Page - 1000 Users 1-580
2026-08-29 09:31:31,729 INFO o.a.j.t.JMeterThread: Thread finished: Customer Index Page - 1000 Users 1-580
2026-08-29 09:31:31,813 INFO o.a.j.t.JMeterThread: Thread started: Customer Index Page - 1000 Users 1-581
2026-08-29 09:31:31,830 INFO o.a.j.t.JMeterThread: Thread is done: Customer Index Page - 1000 Users 1-581
2026-08-29 09:31:31,831 INFO o.a.j.t.JMeterThread: Thread finished: Customer Index Page - 1000 Users 1-581
2026-08-29 09:31:31,915 INFO o.a.j.t.JMeterThread: Thread started: Customer Index Page - 1000 Users 1-582
2026-08-29 09:31:31,929 INFO o.a.j.t.JMeterThread: Thread is done: Customer Index Page - 1000 Users 1-582
2026-08-29 09:31:31,932 INFO o.a.j.t.JMeterThread: Thread finished: Customer Index Page - 1000 Users 1-582
2026-08-29 09:31:32,014 INFO o.a.j.t.JMeterThread: Thread started: Customer Index Page - 1000 Users 1-583
2026-08-29 09:31:32,029 INFO o.a.j.t.JMeterThread: Thread is done: Customer Index Page - 1000 Users 1-583
2026-08-29 09:31:32,030 INFO o.a.j.t.JMeterThread: Thread finished: Customer Index Page - 1000 Users 1-583
2026-08-29 09:31:32,113 INFO o.a.j.t.JMeterThread: Thread started: Customer Index Page - 1000 Users 1-584
2026-08-29 09:31:32,129 INFO o.a.j.t.JMeterThread: Thread is done: Customer Index Page - 1000 Users 1-584
2026-08-29 09:31:32,130 INFO o.a.j.t.JMeterThread: Thread finished: Customer Index Page - 1000 Users 1-584
2026-08-29 09:31:32,215 INFO o.a.j.t.JMeterThread: Thread started: Customer Index Page - 1000 Users 1-585
2026-08-29 09:31:32,228 INFO o.a.j.t.JMeterThread: Thread is done: Customer Index Page - 1000 Users 1-585
2026-08-29 09:31:32,229 INFO o.a.j.t.JMeterThread: Thread finished: Customer Index Page - 1000 Users 1-585
2026-08-29 09:31:32,313 INFO o.a.j.t.JMeterThread: Thread started: Customer Index Page - 1000 Users 1-586
2026-08-29 09:31:32,327 INFO o.a.j.t.JMeterThread: Thread is done: Customer Index Page - 1000 Users 1-586
2026-08-29 09:31:32,328 INFO o.a.j.t.JMeterThread: Thread finished: Customer Index Page - 1000 Users 1-586
2026-08-29 09:31:32,414 INFO o.a.j.t.JMeterThread: Thread started: Customer Index Page - 1000 Users 1-587
2026-08-29 09:31:32,429 INFO o.a.j.t.JMeterThread: Thread is done: Customer Index Page - 1000 Users 1-587
2026-08-29 09:31:32,430 INFO o.a.j.t.JMeterThread: Thread finished: Customer Index Page - 1000 Users 1-587
2026-08-29 09:31:32,513 INFO o.a.j.t.JMeterThread: Thread started: Customer Index Page - 1000 Users 1-588
2026-08-29 09:31:32,529 INFO o.a.j.t.JMeterThread: Thread is done: Customer Index Page - 1000 Users 1-588
2026-08-29 09:31:32,531 INFO o.a.j.t.JMeterThread: Thread finished: Customer Index Page - 1000 Users 1-588
2026-08-29 09:31:32,614 INFO o.a.j.t.JMeterThread: Thread started: Customer Index Page - 1000 Users 1-589
2026-08-29 09:31:32,629 INFO o.a.j.t.JMeterThread: Thread is done: Customer Index Page - 1000 Users 1-589
2026-08-29 09:31:32,630 INFO o.a.j.t.JMeterThread: Thread finished: Customer Index Page - 1000 Users 1-589
2026-08-29 09:31:32,715 INFO o.a.j.t.JMeterThread: Thread started: Customer Index Page - 1000 Users 1-590
2026-08-29 09:31:32,730 INFO o.a.j.t.JMeterThread: Thread is done: Customer Index Page - 1000 Users 1-590
2026-08-29 09:31:32,731 INFO o.a.j.t.JMeterThread: Thread finished: Customer Index Page - 1000 Users 1-590
2026-08-29 09:31:32,814 INFO o.a.j.t.JMeterThread: Thread started: Customer Index Page - 1000 Users 1-591
2026-08-29 09:31:32,828 INFO o.a.j.t.JMeterThread: Thread is done: Customer Index Page - 1000 Users 1-591
2026-08-29 09:31:32,830 INFO o.a.j.t.JMeterThread: Thread finished: Customer Index Page - 1000 Users 1-591
2026-08-29 09:31:32,914 INFO o.a.j.t.JMeterThread: Thread started: Customer Index Page - 1000 Users 1-592
2026-08-29 09:31:32,926 INFO o.a.j.t.JMeterThread: Thread is done: Customer Index Page - 1000 Users 1-592
2026-08-29 09:31:32,928 INFO o.a.j.t.JMeterThread: Thread finished: Customer Index Page - 1000 Users 1-592
2026-08-29 09:31:33,014 INFO o.a.j.t.JMeterThread: Thread started: Customer Index Page - 1000 Users 1-593
2026-08-29 09:31:33,026 INFO o.a.j.t.JMeterThread: Thread is done: Customer Index Page - 1000 Users 1-593
2026-08-29 09:31:33,027 INFO o.a.j.t.JMeterThread: Thread finished: Customer Index Page - 1000 Users 1-593
2026-08-29 09:31:33,114 INFO o.a.j.t.JMeterThread: Thread started: Customer Index Page - 1000 Users 1-594
2026-08-29 09:31:33,129 INFO o.a.j.t.JMeterThread: Thread is done: Customer Index Page - 1000 Users 1-594
2026-08-29 09:31:33,130 INFO o.a.j.t.JMeterThread: Thread finished: Customer Index Page - 1000 Users 1-594
2026-08-29 09:31:33,214 INFO o.a.j.t.JMeterThread: Thread started: Customer Index Page - 1000 Users 1-595
2026-08-29 09:31:33,225 INFO o.a.j.t.JMeterThread: Thread is done: Customer Index Page - 1000 Users 1-595
2026-08-29 09:31:33,227 INFO o.a.j.t.JMeterThread: Thread finished: Customer Index Page - 1000 Users 1-595
2026-08-29 09:31:33,314 INFO o.a.j.t.JMeterThread: Thread started: Customer Index Page - 1000 Users 1-596
2026-08-29 09:31:33,326 INFO o.a.j.t.JMeterThread: Thread is done: Customer Index Page - 1000 Users 1-596
2026-08-29 09:31:33,327 INFO o.a.j.t.JMeterThread: Thread finished: Customer Index Page - 1000 Users 1-596
2026-08-29 09:31:33,414 INFO o.a.j.t.JMeterThread: Thread started: Customer Index Page - 1000 Users 1-597
2026-08-29 09:31:33,426 INFO o.a.j.t.JMeterThread: Thread is done: Customer Index Page - 1000 Users 1-597
2026-08-29 09:31:33,427 INFO o.a.j.t.JMeterThread: Thread finished: Customer Index Page - 1000 Users 1-597
2026-08-29 09:31:33,514 INFO o.a.j.t.JMeterThread: Thread started: Customer Index Page - 1000 Users 1-598
2026-08-29 09:31:33,528 INFO o.a.j.t.JMeterThread: Thread is done: Customer Index Page - 1000 Users 1-598
2026-08-29 09:31:33,529 INFO o.a.j.t.JMeterThread: Thread finished: Customer Index Page - 1000 Users 1-598
2026-08-29 09:31:33,615 INFO o.a.j.t.JMeterThread: Thread started: Customer Index Page - 1000 Users 1-599
2026-08-29 09:31:33,625 INFO o.a.j.t.JMeterThread: Thread is done: Customer Index Page - 1000 Users 1-599
2026-08-29 09:31:33,627 INFO o.a.j.t.JMeterThread: Thread finished: Customer Index Page - 1000 Users 1-599
2026-08-29 09:31:33,714 INFO o.a.j.t.JMeterThread: Thread started: Customer Index Page - 1000 Users 1-600
2026-08-29 09:31:33,725 INFO o.a.j.t.JMeterThread: Thread is done: Customer Index Page - 1000 Users 1-600
2026-08-29 09:31:33,727 INFO o.a.j.t.JMeterThread: Thread finished: Customer Index Page - 1000 Users 1-600
2026-08-29 09:31:33,813 INFO o.a.j.t.JMeterThread: Thread started: Customer Index Page - 1000 Users 1-601
2026-08-29 09:31:33,824 INFO o.a.j.t.JMeterThread: Thread is done: Customer Index Page - 1000 Users 1-601
2026-08-29 09:31:33,826 INFO o.a.j.t.JMeterThread: Thread finished: Customer Index Page - 1000 Users 1-601
2026-08-29 09:31:33,914 INFO o.a.j.t.JMeterThread: Thread started: Customer Index Page - 1000 Users 1-602
2026-08-29 09:31:33,926 INFO o.a.j.t.JMeterThread: Thread is done: Customer Index Page - 1000 Users 1-602
2026-08-29 09:31:33,927 INFO o.a.j.t.JMeterThread: Thread finished: Customer Index Page - 1000 Users 1-602
2026-08-29 09:31:34,014 INFO o.a.j.t.JMeterThread: Thread started: Customer Index Page - 1000 Users 1-603
2026-08-29 09:31:34,025 INFO o.a.j.t.JMeterThread: Thread is done: Customer Index Page - 1000 Users 1-603
2026-08-29 09:31:34,026 INFO o.a.j.t.JMeterThread: Thread finished: Customer Index Page - 1000 Users 1-603
2026-08-29 09:31:34,114 INFO o.a.j.t.JMeterThread: Thread started: Customer Index Page - 1000 Users 1-604
2026-08-29 09:31:34,125 INFO o.a.j.t.JMeterThread: Thread is done: Customer Index Page - 1000 Users 1-604
2026-08-29 09:31:34,126 INFO o.a.j.t.JMeterThread: Thread finished: Customer Index Page - 1000 Users 1-604
2026-08-29 09:31:34,216 INFO o.a.j.t.JMeterThread: Thread started: Customer Index Page - 1000 Users 1-605
2026-08-29 09:31:34,227 INFO o.a.j.t.JMeterThread: Thread is done: Customer Index Page - 1000 Users 1-605
2026-08-29 09:31:34,228 INFO o.a.j.t.JMeterThread: Thread finished: Customer Index Page - 1000 Users 1-605
2026-08-29 09:31:34,314 INFO o.a.j.t.JMeterThread: Thread started: Customer Index Page - 1000 Users 1-606
2026-08-29 09:31:34,325 INFO o.a.j.t.JMeterThread: Thread is done: Customer Index Page - 1000 Users 1-606
2026-08-29 09:31:34,327 INFO o.a.j.t.JMeterThread: Thread finished: Customer Index Page - 1000 Users 1-606
2026-08-29 09:31:34,414 INFO o.a.j.t.JMeterThread: Thread started: Customer Index Page - 1000 Users 1-607
2026-08-29 09:31:34,426 INFO o.a.j.t.JMeterThread: Thread is done: Customer Index Page - 1000 Users 1-607
2026-08-29 09:31:34,427 INFO o.a.j.t.JMeterThread: Thread finished: Customer Index Page - 1000 Users 1-607
2026-08-29 09:31:34,514 INFO o.a.j.t.JMeterThread: Thread started: Customer Index Page - 1000 Users 1-608
2026-08-29 09:31:34,527 INFO o.a.j.t.JMeterThread: Thread is done: Customer Index Page - 1000 Users 1-608
2026-08-29 09:31:34,528 INFO o.a.j.t.JMeterThread: Thread finished: Customer Index Page - 1000 Users 1-608
2026-08-29 09:31:34,614 INFO o.a.j.t.JMeterThread: Thread started: Customer Index Page - 1000 Users 1-609
2026-08-29 09:31:34,628 INFO o.a.j.t.JMeterThread: Thread is done: Customer Index Page - 1000 Users 1-609
2026-08-29 09:31:34,629 INFO o.a.j.t.JMeterThread: Thread finished: Customer Index Page - 1000 Users 1-609
2026-08-29 09:31:34,714 INFO o.a.j.t.JMeterThread: Thread started: Customer Index Page - 1000 Users 1-610
2026-08-29 09:31:34,726 INFO o.a.j.t.JMeterThread: Thread is done: Customer Index Page - 1000 Users 1-610
2026-08-29 09:31:34,728 INFO o.a.j.t.JMeterThread: Thread finished: Customer Index Page - 1000 Users 1-610
2026-08-29 09:31:34,813 INFO o.a.j.t.JMeterThread: Thread started: Customer Index Page - 1000 Users 1-611
2026-08-29 09:31:34,826 INFO o.a.j.t.JMeterThread: Thread is done: Customer Index Page - 1000 Users 1-611
2026-08-29 09:31:34,827 INFO o.a.j.t.JMeterThread: Thread finished: Customer Index Page - 1000 Users 1-611
2026-08-29 09:31:34,914 INFO o.a.j.t.JMeterThread: Thread started: Customer Index Page - 1000 Users 1-612
2026-08-29 09:31:34,926 INFO o.a.j.t.JMeterThread: Thread is done: Customer Index Page - 1000 Users 1-612
2026-08-29 09:31:34,927 INFO o.a.j.t.JMeterThread: Thread finished: Customer Index Page - 1000 Users 1-612
2026-08-29 09:31:35,014 INFO o.a.j.t.JMeterThread: Thread started: Customer Index Page - 1000 Users 1-613
2026-08-29 09:31:35,028 INFO o.a.j.t.JMeterThread: Thread is done: Customer Index Page - 1000 Users 1-613
2026-08-29 09:31:35,030 INFO o.a.j.t.JMeterThread: Thread finished: Customer Index Page - 1000 Users 1-613
2026-08-29 09:31:35,115 INFO o.a.j.t.JMeterThread: Thread started: Customer Index Page - 1000 Users 1-614
2026-08-29 09:31:35,131 INFO o.a.j.t.JMeterThread: Thread is done: Customer Index Page - 1000 Users 1-614
2026-08-29 09:31:35,132 INFO o.a.j.t.JMeterThread: Thread finished: Customer Index Page - 1000 Users 1-614
2026-08-29 09:31:35,214 INFO o.a.j.t.JMeterThread: Thread started: Customer Index Page - 1000 Users 1-615
2026-08-29 09:31:35,228 INFO o.a.j.t.JMeterThread: Thread is done: Customer Index Page - 1000 Users 1-615
2026-08-29 09:31:35,229 INFO o.a.j.t.JMeterThread: Thread finished: Customer Index Page - 1000 Users 1-615
2026-08-29 09:31:35,313 INFO o.a.j.t.JMeterThread: Thread started: Customer Index Page - 1000 Users 1-616
2026-08-29 09:31:35,327 INFO o.a.j.t.JMeterThread: Thread is done: Customer Index Page - 1000 Users 1-616
2026-08-29 09:31:35,329 INFO o.a.j.t.JMeterThread: Thread finished: Customer Index Page - 1000 Users 1-616
2026-08-29 09:31:35,414 INFO o.a.j.t.JMeterThread: Thread started: Customer Index Page - 1000 Users 1-617
2026-08-29 09:31:35,436 INFO o.a.j.t.JMeterThread: Thread is done: Customer Index Page - 1000 Users 1-617
2026-08-29 09:31:35,437 INFO o.a.j.t.JMeterThread: Thread finished: Customer Index Page - 1000 Users 1-617
2026-08-29 09:31:35,514 INFO o.a.j.t.JMeterThread: Thread started: Customer Index Page - 1000 Users 1-618
2026-08-29 09:31:35,531 INFO o.a.j.t.JMeterThread: Thread is done: Customer Index Page - 1000 Users 1-618
2026-08-29 09:31:35,533 INFO o.a.j.t.JMeterThread: Thread finished: Customer Index Page - 1000 Users 1-618
2026-08-29 09:31:35,615 INFO o.a.j.t.JMeterThread: Thread started: Customer Index Page - 1000 Users 1-619
2026-08-29 09:31:35,635 INFO o.a.j.t.JMeterThread: Thread is done: Customer Index Page - 1000 Users 1-619
2026-08-29 09:31:35,636 INFO o.a.j.t.JMeterThread: Thread finished: Customer Index Page - 1000 Users 1-619
2026-08-29 09:31:35,714 INFO o.a.j.t.JMeterThread: Thread started: Customer Index Page - 1000 Users 1-620
2026-08-29 09:31:35,733 INFO o.a.j.t.JMeterThread: Thread is done: Customer Index Page - 1000 Users 1-620
2026-08-29 09:31:35,735 INFO o.a.j.t.JMeterThread: Thread finished: Customer Index Page - 1000 Users 1-620
2026-08-29 09:31:35,813 INFO o.a.j.t.JMeterThread: Thread started: Customer Index Page - 1000 Users 1-621
2026-08-29 09:31:35,827 INFO o.a.j.t.JMeterThread: Thread is done: Customer Index Page - 1000 Users 1-621
2026-08-29 09:31:35,828 INFO o.a.j.t.JMeterThread: Thread finished: Customer Index Page - 1000 Users 1-621
2026-08-29 09:31:35,914 INFO o.a.j.t.JMeterThread: Thread started: Customer Index Page - 1000 Users 1-622
2026-08-29 09:31:35,925 INFO o.a.j.t.JMeterThread: Thread is done: Customer Index Page - 1000 Users 1-622
2026-08-29 09:31:35,927 INFO o.a.j.t.JMeterThread: Thread finished: Customer Index Page - 1000 Users 1-622
2026-08-29 09:31:36,013 INFO o.a.j.t.JMeterThread: Thread started: Customer Index Page - 1000 Users 1-623
2026-08-29 09:31:36,025 INFO o.a.j.t.JMeterThread: Thread is done: Customer Index Page - 1000 Users 1-623
2026-08-29 09:31:36,027 INFO o.a.j.t.JMeterThread: Thread finished: Customer Index Page - 1000 Users 1-623
2026-08-29 09:31:36,114 INFO o.a.j.t.JMeterThread: Thread started: Customer Index Page - 1000 Users 1-624
2026-08-29 09:31:36,127 INFO o.a.j.t.JMeterThread: Thread is done: Customer Index Page - 1000 Users 1-624
2026-08-29 09:31:36,128 INFO o.a.j.t.JMeterThread: Thread finished: Customer Index Page - 1000 Users 1-624
2026-08-29 09:31:36,214 INFO o.a.j.t.JMeterThread: Thread started: Customer Index Page - 1000 Users 1-625
2026-08-29 09:31:36,229 INFO o.a.j.t.JMeterThread: Thread is done: Customer Index Page - 1000 Users 1-625
2026-08-29 09:31:36,231 INFO o.a.j.t.JMeterThread: Thread finished: Customer Index Page - 1000 Users 1-625
2026-08-29 09:31:36,316 INFO o.a.j.t.JMeterThread: Thread started: Customer Index Page - 1000 Users 1-626
2026-08-29 09:31:36,327 INFO o.a.j.t.JMeterThread: Thread is done: Customer Index Page - 1000 Users 1-626
2026-08-29 09:31:36,329 INFO o.a.j.t.JMeterThread: Thread finished: Customer Index Page - 1000 Users 1-626
2026-08-29 09:31:36,414 INFO o.a.j.t.JMeterThread: Thread started: Customer Index Page - 1000 Users 1-627
2026-08-29 09:31:36,428 INFO o.a.j.t.JMeterThread: Thread is done: Customer Index Page - 1000 Users 1-627
2026-08-29 09:31:36,430 INFO o.a.j.t.JMeterThread: Thread finished: Customer Index Page - 1000 Users 1-627
2026-08-29 09:31:36,514 INFO o.a.j.t.JMeterThread: Thread started: Customer Index Page - 1000 Users 1-628
2026-08-29 09:31:36,526 INFO o.a.j.t.JMeterThread: Thread is done: Customer Index Page - 1000 Users 1-628
2026-08-29 09:31:36,527 INFO o.a.j.t.JMeterThread: Thread finished: Customer Index Page - 1000 Users 1-628
2026-08-29 09:31:36,613 INFO o.a.j.t.JMeterThread: Thread started: Customer Index Page - 1000 Users 1-629
2026-08-29 09:31:36,632 INFO o.a.j.t.JMeterThread: Thread is done: Customer Index Page - 1000 Users 1-629
2026-08-29 09:31:36,635 INFO o.a.j.t.JMeterThread: Thread finished: Customer Index Page - 1000 Users 1-629
2026-08-29 09:31:36,714 INFO o.a.j.t.JMeterThread: Thread started: Customer Index Page - 1000 Users 1-630
2026-08-29 09:31:36,728 INFO o.a.j.t.JMeterThread: Thread is done: Customer Index Page - 1000 Users 1-630
2026-08-29 09:31:36,729 INFO o.a.j.t.JMeterThread: Thread finished: Customer Index Page - 1000 Users 1-630
2026-08-29 09:31:36,816 INFO o.a.j.t.JMeterThread: Thread started: Customer Index Page - 1000 Users 1-631
2026-08-29 09:31:36,828 INFO o.a.j.t.JMeterThread: Thread is done: Customer Index Page - 1000 Users 1-631
2026-08-29 09:31:36,829 INFO o.a.j.t.JMeterThread: Thread finished: Customer Index Page - 1000 Users 1-631
2026-08-29 09:31:36,915 INFO o.a.j.t.JMeterThread: Thread started: Customer Index Page - 1000 Users 1-632
2026-08-29 09:31:36,932 INFO o.a.j.t.JMeterThread: Thread is done: Customer Index Page - 1000 Users 1-632
2026-08-29 09:31:36,933 INFO o.a.j.t.JMeterThread: Thread finished: Customer Index Page - 1000 Users 1-632
2026-08-29 09:31:37,014 INFO o.a.j.t.JMeterThread: Thread started: Customer Index Page - 1000 Users 1-633
2026-08-29 09:31:37,028 INFO o.a.j.t.JMeterThread: Thread is done: Customer Index Page - 1000 Users 1-633
2026-08-29 09:31:37,030 INFO o.a.j.t.JMeterThread: Thread finished: Customer Index Page - 1000 Users 1-633
2026-08-29 09:31:37,114 INFO o.a.j.t.JMeterThread: Thread started: Customer Index Page - 1000 Users 1-634
2026-08-29 09:31:37,128 INFO o.a.j.t.JMeterThread: Thread is done: Customer Index Page - 1000 Users 1-634
2026-08-29 09:31:37,129 INFO o.a.j.t.JMeterThread: Thread finished: Customer Index Page - 1000 Users 1-634
2026-08-29 09:31:37,215 INFO o.a.j.t.JMeterThread: Thread started: Customer Index Page - 1000 Users 1-635
2026-08-29 09:31:37,230 INFO o.a.j.t.JMeterThread: Thread is done: Customer Index Page - 1000 Users 1-635
2026-08-29 09:31:37,231 INFO o.a.j.t.JMeterThread: Thread finished: Customer Index Page - 1000 Users 1-635
2026-08-29 09:31:37,314 INFO o.a.j.t.JMeterThread: Thread started: Customer Index Page - 1000 Users 1-636
2026-08-29 09:31:37,327 INFO o.a.j.t.JMeterThread: Thread is done: Customer Index Page - 1000 Users 1-636
2026-08-29 09:31:37,328 INFO o.a.j.t.JMeterThread: Thread finished: Customer Index Page - 1000 Users 1-636
2026-08-29 09:31:37,414 INFO o.a.j.t.JMeterThread: Thread started: Customer Index Page - 1000 Users 1-637
2026-08-29 09:31:37,427 INFO o.a.j.t.JMeterThread: Thread is done: Customer Index Page - 1000 Users 1-637
2026-08-29 09:31:37,429 INFO o.a.j.t.JMeterThread: Thread finished: Customer Index Page - 1000 Users 1-637
2026-08-29 09:31:37,514 INFO o.a.j.t.JMeterThread: Thread started: Customer Index Page - 1000 Users 1-638
2026-08-29 09:31:37,528 INFO o.a.j.t.JMeterThread: Thread is done: Customer Index Page - 1000 Users 1-638
2026-08-29 09:31:37,530 INFO o.a.j.t.JMeterThread: Thread finished: Customer Index Page - 1000 Users 1-638
2026-08-29 09:31:37,614 INFO o.a.j.t.JMeterThread: Thread started: Customer Index Page - 1000 Users 1-639
2026-08-29 09:31:37,628 INFO o.a.j.t.JMeterThread: Thread is done: Customer Index Page - 1000 Users 1-639
2026-08-29 09:31:37,629 INFO o.a.j.t.JMeterThread: Thread finished: Customer Index Page - 1000 Users 1-639
2026-08-29 09:31:37,714 INFO o.a.j.t.JMeterThread: Thread started: Customer Index Page - 1000 Users 1-640
2026-08-29 09:31:37,729 INFO o.a.j.t.JMeterThread: Thread is done: Customer Index Page - 1000 Users 1-640
2026-08-29 09:31:37,730 INFO o.a.j.t.JMeterThread: Thread finished: Customer Index Page - 1000 Users 1-640
2026-08-29 09:31:37,814 INFO o.a.j.t.JMeterThread: Thread started: Customer Index Page - 1000 Users 1-641
2026-08-29 09:31:37,827 INFO o.a.j.t.JMeterThread: Thread is done: Customer Index Page - 1000 Users 1-641
2026-08-29 09:31:37,829 INFO o.a.j.t.JMeterThread: Thread finished: Customer Index Page - 1000 Users 1-641
2026-08-29 09:31:37,915 INFO o.a.j.t.JMeterThread: Thread started: Customer Index Page - 1000 Users 1-642
2026-08-29 09:31:37,926 INFO o.a.j.t.JMeterThread: Thread is done: Customer Index Page - 1000 Users 1-642
2026-08-29 09:31:37,928 INFO o.a.j.t.JMeterThread: Thread finished: Customer Index Page - 1000 Users 1-642
2026-08-29 09:31:38,015 INFO o.a.j.t.JMeterThread: Thread started: Customer Index Page - 1000 Users 1-643
2026-08-29 09:31:38,026 INFO o.a.j.t.JMeterThread: Thread is done: Customer Index Page - 1000 Users 1-643
2026-08-29 09:31:38,027 INFO o.a.j.t.JMeterThread: Thread finished: Customer Index Page - 1000 Users 1-643
2026-08-29 09:31:38,115 INFO o.a.j.t.JMeterThread: Thread started: Customer Index Page - 1000 Users 1-644
2026-08-29 09:31:38,126 INFO o.a.j.t.JMeterThread: Thread is done: Customer Index Page - 1000 Users 1-644
2026-08-29 09:31:38,127 INFO o.a.j.t.JMeterThread: Thread finished: Customer Index Page - 1000 Users 1-644
2026-08-29 09:31:38,214 INFO o.a.j.t.JMeterThread: Thread started: Customer Index Page - 1000 Users 1-645
2026-08-29 09:31:38,228 INFO o.a.j.t.JMeterThread: Thread is done: Customer Index Page - 1000 Users 1-645
2026-08-29 09:31:38,230 INFO o.a.j.t.JMeterThread: Thread finished: Customer Index Page - 1000 Users 1-645
2026-08-29 09:31:38,315 INFO o.a.j.t.JMeterThread: Thread started: Customer Index Page - 1000 Users 1-646
2026-08-29 09:31:38,326 INFO o.a.j.t.JMeterThread: Thread is done: Customer Index Page - 1000 Users 1-646
2026-08-29 09:31:38,328 INFO o.a.j.t.JMeterThread: Thread finished: Customer Index Page - 1000 Users 1-646
2026-08-29 09:31:38,414 INFO o.a.j.t.JMeterThread: Thread started: Customer Index Page - 1000 Users 1-647
2026-08-29 09:31:38,426 INFO o.a.j.t.JMeterThread: Thread is done: Customer Index Page - 1000 Users 1-647
2026-08-29 09:31:38,427 INFO o.a.j.t.JMeterThread: Thread finished: Customer Index Page - 1000 Users 1-647
2026-08-29 09:31:38,514 INFO o.a.j.t.JMeterThread: Thread started: Customer Index Page - 1000 Users 1-648
2026-08-29 09:31:38,525 INFO o.a.j.t.JMeterThread: Thread is done: Customer Index Page - 1000 Users 1-648
2026-08-29 09:31:38,526 INFO o.a.j.t.JMeterThread: Thread finished: Customer Index Page - 1000 Users 1-648
2026-08-29 09:31:38,613 INFO o.a.j.t.JMeterThread: Thread started: Customer Index Page - 1000 Users 1-649
2026-08-29 09:31:38,624 INFO o.a.j.t.JMeterThread: Thread is done: Customer Index Page - 1000 Users 1-649
2026-08-29 09:31:38,625 INFO o.a.j.t.JMeterThread: Thread finished: Customer Index Page - 1000 Users 1-649
2026-08-29 09:31:38,714 INFO o.a.j.t.JMeterThread: Thread started: Customer Index Page - 1000 Users 1-650
2026-08-29 09:31:38,725 INFO o.a.j.t.JMeterThread: Thread is done: Customer Index Page - 1000 Users 1-650
2026-08-29 09:31:38,726 INFO o.a.j.t.JMeterThread: Thread finished: Customer Index Page - 1000 Users 1-650
2026-08-29 09:31:38,815 INFO o.a.j.t.JMeterThread: Thread started: Customer Index Page - 1000 Users 1-651
2026-08-29 09:31:38,826 INFO o.a.j.t.JMeterThread: Thread is done: Customer Index Page - 1000 Users 1-651
2026-08-29 09:31:38,828 INFO o.a.j.t.JMeterThread: Thread finished: Customer Index Page - 1000 Users 1-651
2026-08-29 09:31:38,913 INFO o.a.j.t.JMeterThread: Thread started: Customer Index Page - 1000 Users 1-652
2026-08-29 09:31:38,923 INFO o.a.j.t.JMeterThread: Thread is done: Customer Index Page - 1000 Users 1-652
2026-08-29 09:31:38,925 INFO o.a.j.t.JMeterThread: Thread finished: Customer Index Page - 1000 Users 1-652
2026-08-29 09:31:39,016 INFO o.a.j.t.JMeterThread: Thread started: Customer Index Page - 1000 Users 1-653
2026-08-29 09:31:39,026 INFO o.a.j.t.JMeterThread: Thread is done: Customer Index Page - 1000 Users 1-653
2026-08-29 09:31:39,027 INFO o.a.j.t.JMeterThread: Thread finished: Customer Index Page - 1000 Users 1-653
2026-08-29 09:31:39,114 INFO o.a.j.t.JMeterThread: Thread started: Customer Index Page - 1000 Users 1-654
2026-08-29 09:31:39,125 INFO o.a.j.t.JMeterThread: Thread is done: Customer Index Page - 1000 Users 1-654
2026-08-29 09:31:39,126 INFO o.a.j.t.JMeterThread: Thread finished: Customer Index Page - 1000 Users 1-654
2026-08-29 09:31:39,214 INFO o.a.j.t.JMeterThread: Thread started: Customer Index Page - 1000 Users 1-655
2026-08-29 09:31:39,225 INFO o.a.j.t.JMeterThread: Thread is done: Customer Index Page - 1000 Users 1-655
2026-08-29 09:31:39,226 INFO o.a.j.t.JMeterThread: Thread finished: Customer Index Page - 1000 Users 1-655
2026-08-29 09:31:39,313 INFO o.a.j.t.JMeterThread: Thread started: Customer Index Page - 1000 Users 1-656
2026-08-29 09:31:39,324 INFO o.a.j.t.JMeterThread: Thread is done: Customer Index Page - 1000 Users 1-656
2026-08-29 09:31:39,325 INFO o.a.j.t.JMeterThread: Thread finished: Customer Index Page - 1000 Users 1-656
2026-08-29 09:31:39,414 INFO o.a.j.t.JMeterThread: Thread started: Customer Index Page - 1000 Users 1-657
2026-08-29 09:31:39,425 INFO o.a.j.t.JMeterThread: Thread is done: Customer Index Page - 1000 Users 1-657
2026-08-29 09:31:39,426 INFO o.a.j.t.JMeterThread: Thread finished: Customer Index Page - 1000 Users 1-657
2026-08-29 09:31:39,513 INFO o.a.j.t.JMeterThread: Thread started: Customer Index Page - 1000 Users 1-658
2026-08-29 09:31:39,523 INFO o.a.j.t.JMeterThread: Thread is done: Customer Index Page - 1000 Users 1-658
2026-08-29 09:31:39,525 INFO o.a.j.t.JMeterThread: Thread finished: Customer Index Page - 1000 Users 1-658
2026-08-29 09:31:39,614 INFO o.a.j.t.JMeterThread: Thread started: Customer Index Page - 1000 Users 1-659
2026-08-29 09:31:39,624 INFO o.a.j.t.JMeterThread: Thread is done: Customer Index Page - 1000 Users 1-659
2026-08-29 09:31:39,625 INFO o.a.j.t.JMeterThread: Thread finished: Customer Index Page - 1000 Users 1-659
2026-08-29 09:31:39,713 INFO o.a.j.t.JMeterThread: Thread started: Customer Index Page - 1000 Users 1-660
2026-08-29 09:31:39,723 INFO o.a.j.t.JMeterThread: Thread is done: Customer Index Page - 1000 Users 1-660
2026-08-29 09:31:39,724 INFO o.a.j.t.JMeterThread: Thread finished: Customer Index Page - 1000 Users 1-660
2026-08-29 09:31:39,815 INFO o.a.j.t.JMeterThread: Thread started: Customer Index Page - 1000 Users 1-661
2026-08-29 09:31:39,826 INFO o.a.j.t.JMeterThread: Thread is done: Customer Index Page - 1000 Users 1-661
2026-08-29 09:31:39,827 INFO o.a.j.t.JMeterThread: Thread finished: Customer Index Page - 1000 Users 1-661
2026-08-29 09:31:39,914 INFO o.a.j.t.JMeterThread: Thread started: Customer Index Page - 1000 Users 1-662
2026-08-29 09:31:39,925 INFO o.a.j.t.JMeterThread: Thread is done: Customer Index Page - 1000 Users 1-662
2026-08-29 09:31:39,926 INFO o.a.j.t.JMeterThread: Thread finished: Customer Index Page - 1000 Users 1-662
2026-08-29 09:31:40,014 INFO o.a.j.t.JMeterThread: Thread started: Customer Index Page - 1000 Users 1-663
2026-08-29 09:31:40,024 INFO o.a.j.t.JMeterThread: Thread is done: Customer Index Page - 1000 Users 1-663
2026-08-29 09:31:40,025 INFO o.a.j.t.JMeterThread: Thread finished: Customer Index Page - 1000 Users 1-663
2026-08-29 09:31:40,114 INFO o.a.j.t.JMeterThread: Thread started: Customer Index Page - 1000 Users 1-664
2026-08-29 09:31:40,125 INFO o.a.j.t.JMeterThread: Thread is done: Customer Index Page - 1000 Users 1-664
2026-08-29 09:31:40,126 INFO o.a.j.t.JMeterThread: Thread finished: Customer Index Page - 1000 Users 1-664
2026-08-29 09:31:40,214 INFO o.a.j.t.JMeterThread: Thread started: Customer Index Page - 1000 Users 1-665
2026-08-29 09:31:40,226 INFO o.a.j.t.JMeterThread: Thread is done: Customer Index Page - 1000 Users 1-665
2026-08-29 09:31:40,227 INFO o.a.j.t.JMeterThread: Thread finished: Customer Index Page - 1000 Users 1-665
2026-08-29 09:31:40,314 INFO o.a.j.t.JMeterThread: Thread started: Customer Index Page - 1000 Users 1-666
2026-08-29 09:31:40,325 INFO o.a.j.t.JMeterThread: Thread is done: Customer Index Page - 1000 Users 1-666
2026-08-29 09:31:40,326 INFO o.a.j.t.JMeterThread: Thread finished: Customer Index Page - 1000 Users 1-666
2026-08-29 09:31:40,414 INFO o.a.j.t.JMeterThread: Thread started: Customer Index Page - 1000 Users 1-667
2026-08-29 09:31:40,425 INFO o.a.j.t.JMeterThread: Thread is done: Customer Index Page - 1000 Users 1-667
2026-08-29 09:31:40,427 INFO o.a.j.t.JMeterThread: Thread finished: Customer Index Page - 1000 Users 1-667
2026-08-29 09:31:40,514 INFO o.a.j.t.JMeterThread: Thread started: Customer Index Page - 1000 Users 1-668
2026-08-29 09:31:40,525 INFO o.a.j.t.JMeterThread: Thread is done: Customer Index Page - 1000 Users 1-668
2026-08-29 09:31:40,526 INFO o.a.j.t.JMeterThread: Thread finished: Customer Index Page - 1000 Users 1-668
2026-08-29 09:31:40,614 INFO o.a.j.t.JMeterThread: Thread started: Customer Index Page - 1000 Users 1-669
2026-08-29 09:31:40,624 INFO o.a.j.t.JMeterThread: Thread is done: Customer Index Page - 1000 Users 1-669
2026-08-29 09:31:40,625 INFO o.a.j.t.JMeterThread: Thread finished: Customer Index Page - 1000 Users 1-669
2026-08-29 09:31:40,715 INFO o.a.j.t.JMeterThread: Thread started: Customer Index Page - 1000 Users 1-670
2026-08-29 09:31:40,728 INFO o.a.j.t.JMeterThread: Thread is done: Customer Index Page - 1000 Users 1-670
2026-08-29 09:31:40,729 INFO o.a.j.t.JMeterThread: Thread finished: Customer Index Page - 1000 Users 1-670
2026-08-29 09:31:40,814 INFO o.a.j.t.JMeterThread: Thread started: Customer Index Page - 1000 Users 1-671
2026-08-29 09:31:40,826 INFO o.a.j.t.JMeterThread: Thread is done: Customer Index Page - 1000 Users 1-671
2026-08-29 09:31:40,827 INFO o.a.j.t.JMeterThread: Thread finished: Customer Index Page - 1000 Users 1-671
2026-08-29 09:31:40,915 INFO o.a.j.t.JMeterThread: Thread started: Customer Index Page - 1000 Users 1-672
2026-08-29 09:31:40,925 INFO o.a.j.t.JMeterThread: Thread is done: Customer Index Page - 1000 Users 1-672
2026-08-29 09:31:40,926 INFO o.a.j.t.JMeterThread: Thread finished: Customer Index Page - 1000 Users 1-672
2026-08-29 09:31:41,014 INFO o.a.j.t.JMeterThread: Thread started: Customer Index Page - 1000 Users 1-673
2026-08-29 09:31:41,025 INFO o.a.j.t.JMeterThread: Thread is done: Customer Index Page - 1000 Users 1-673
2026-08-29 09:31:41,027 INFO o.a.j.t.JMeterThread: Thread finished: Customer Index Page - 1000 Users 1-673
2026-08-29 09:31:41,114 INFO o.a.j.t.JMeterThread: Thread started: Customer Index Page - 1000 Users 1-674
2026-08-29 09:31:41,127 INFO o.a.j.t.JMeterThread: Thread is done: Customer Index Page - 1000 Users 1-674
2026-08-29 09:31:41,129 INFO o.a.j.t.JMeterThread: Thread finished: Customer Index Page - 1000 Users 1-674
2026-08-29 09:31:41,214 INFO o.a.j.t.JMeterThread: Thread started: Customer Index Page - 1000 Users 1-675
2026-08-29 09:31:41,224 INFO o.a.j.t.JMeterThread: Thread is done: Customer Index Page - 1000 Users 1-675
2026-08-29 09:31:41,226 INFO o.a.j.t.JMeterThread: Thread finished: Customer Index Page - 1000 Users 1-675
2026-08-29 09:31:41,314 INFO o.a.j.t.JMeterThread: Thread started: Customer Index Page - 1000 Users 1-676
2026-08-29 09:31:41,323 INFO o.a.j.t.JMeterThread: Thread is done: Customer Index Page - 1000 Users 1-676
2026-08-29 09:31:41,324 INFO o.a.j.t.JMeterThread: Thread finished: Customer Index Page - 1000 Users 1-676
2026-08-29 09:31:41,415 INFO o.a.j.t.JMeterThread: Thread started: Customer Index Page - 1000 Users 1-677
2026-08-29 09:31:41,425 INFO o.a.j.t.JMeterThread: Thread is done: Customer Index Page - 1000 Users 1-677
2026-08-29 09:31:41,426 INFO o.a.j.t.JMeterThread: Thread finished: Customer Index Page - 1000 Users 1-677
2026-08-29 09:31:41,515 INFO o.a.j.t.JMeterThread: Thread started: Customer Index Page - 1000 Users 1-678
2026-08-29 09:31:41,524 INFO o.a.j.t.JMeterThread: Thread is done: Customer Index Page - 1000 Users 1-678
2026-08-29 09:31:41,526 INFO o.a.j.t.JMeterThread: Thread finished: Customer Index Page - 1000 Users 1-678
2026-08-29 09:31:41,615 INFO o.a.j.t.JMeterThread: Thread started: Customer Index Page - 1000 Users 1-679
2026-08-29 09:31:41,625 INFO o.a.j.t.JMeterThread: Thread is done: Customer Index Page - 1000 Users 1-679
2026-08-29 09:31:41,626 INFO o.a.j.t.JMeterThread: Thread finished: Customer Index Page - 1000 Users 1-679
2026-08-29 09:31:41,714 INFO o.a.j.t.JMeterThread: Thread started: Customer Index Page - 1000 Users 1-680
2026-08-29 09:31:41,725 INFO o.a.j.t.JMeterThread: Thread is done: Customer Index Page - 1000 Users 1-680
2026-08-29 09:31:41,727 INFO o.a.j.t.JMeterThread: Thread finished: Customer Index Page - 1000 Users 1-680
2026-08-29 09:31:41,814 INFO o.a.j.t.JMeterThread: Thread started: Customer Index Page - 1000 Users 1-681
2026-08-29 09:31:41,824 INFO o.a.j.t.JMeterThread: Thread is done: Customer Index Page - 1000 Users 1-681
2026-08-29 09:31:41,825 INFO o.a.j.t.JMeterThread: Thread finished: Customer Index Page - 1000 Users 1-681
2026-08-29 09:31:41,915 INFO o.a.j.t.JMeterThread: Thread started: Customer Index Page - 1000 Users 1-682
2026-08-29 09:31:41,927 INFO o.a.j.t.JMeterThread: Thread is done: Customer Index Page - 1000 Users 1-682
2026-08-29 09:31:41,928 INFO o.a.j.t.JMeterThread: Thread finished: Customer Index Page - 1000 Users 1-682
2026-08-29 09:31:42,014 INFO o.a.j.t.JMeterThread: Thread started: Customer Index Page - 1000 Users 1-683
2026-08-29 09:31:42,028 INFO o.a.j.t.JMeterThread: Thread is done: Customer Index Page - 1000 Users 1-683
2026-08-29 09:31:42,029 INFO o.a.j.t.JMeterThread: Thread finished: Customer Index Page - 1000 Users 1-683
2026-08-29 09:31:42,114 INFO o.a.j.t.JMeterThread: Thread started: Customer Index Page - 1000 Users 1-684
2026-08-29 09:31:42,127 INFO o.a.j.t.JMeterThread: Thread is done: Customer Index Page - 1000 Users 1-684
2026-08-29 09:31:42,128 INFO o.a.j.t.JMeterThread: Thread finished: Customer Index Page - 1000 Users 1-684
2026-08-29 09:31:42,213 INFO o.a.j.t.JMeterThread: Thread started: Customer Index Page - 1000 Users 1-685
2026-08-29 09:31:42,226 INFO o.a.j.t.JMeterThread: Thread is done: Customer Index Page - 1000 Users 1-685
2026-08-29 09:31:42,227 INFO o.a.j.t.JMeterThread: Thread finished: Customer Index Page - 1000 Users 1-685
2026-08-29 09:31:42,314 INFO o.a.j.t.JMeterThread: Thread started: Customer Index Page - 1000 Users 1-686
2026-08-29 09:31:42,327 INFO o.a.j.t.JMeterThread: Thread is done: Customer Index Page - 1000 Users 1-686
2026-08-29 09:31:42,328 INFO o.a.j.t.JMeterThread: Thread finished: Customer Index Page - 1000 Users 1-686
2026-08-29 09:31:42,414 INFO o.a.j.t.JMeterThread: Thread started: Customer Index Page - 1000 Users 1-687
2026-08-29 09:31:42,424 INFO o.a.j.t.JMeterThread: Thread is done: Customer Index Page - 1000 Users 1-687
2026-08-29 09:31:42,425 INFO o.a.j.t.JMeterThread: Thread finished: Customer Index Page - 1000 Users 1-687
2026-08-29 09:31:42,514 INFO o.a.j.t.JMeterThread: Thread started: Customer Index Page - 1000 Users 1-688
2026-08-29 09:31:42,525 INFO o.a.j.t.JMeterThread: Thread is done: Customer Index Page - 1000 Users 1-688
2026-08-29 09:31:42,526 INFO o.a.j.t.JMeterThread: Thread finished: Customer Index Page - 1000 Users 1-688
2026-08-29 09:31:42,614 INFO o.a.j.t.JMeterThread: Thread started: Customer Index Page - 1000 Users 1-689
2026-08-29 09:31:42,627 INFO o.a.j.t.JMeterThread: Thread is done: Customer Index Page - 1000 Users 1-689
2026-08-29 09:31:42,628 INFO o.a.j.t.JMeterThread: Thread finished: Customer Index Page - 1000 Users 1-689
2026-08-29 09:31:42,714 INFO o.a.j.t.JMeterThread: Thread started: Customer Index Page - 1000 Users 1-690
2026-08-29 09:31:42,725 INFO o.a.j.t.JMeterThread: Thread is done: Customer Index Page - 1000 Users 1-690
2026-08-29 09:31:42,727 INFO o.a.j.t.JMeterThread: Thread finished: Customer Index Page - 1000 Users 1-690
2026-08-29 09:31:42,813 INFO o.a.j.t.JMeterThread: Thread started: Customer Index Page - 1000 Users 1-691
2026-08-29 09:31:42,825 INFO o.a.j.t.JMeterThread: Thread is done: Customer Index Page - 1000 Users 1-691
2026-08-29 09:31:42,826 INFO o.a.j.t.JMeterThread: Thread finished: Customer Index Page - 1000 Users 1-691
2026-08-29 09:31:42,914 INFO o.a.j.t.JMeterThread: Thread started: Customer Index Page - 1000 Users 1-692
2026-08-29 09:31:42,926 INFO o.a.j.t.JMeterThread: Thread is done: Customer Index Page - 1000 Users 1-692
2026-08-29 09:31:42,927 INFO o.a.j.t.JMeterThread: Thread finished: Customer Index Page - 1000 Users 1-692
2026-08-29 09:31:43,014 INFO o.a.j.t.JMeterThread: Thread started: Customer Index Page - 1000 Users 1-693
2026-08-29 09:31:43,025 INFO o.a.j.t.JMeterThread: Thread is done: Customer Index Page - 1000 Users 1-693
2026-08-29 09:31:43,026 INFO o.a.j.t.JMeterThread: Thread finished: Customer Index Page - 1000 Users 1-693
2026-08-29 09:31:43,114 INFO o.a.j.t.JMeterThread: Thread started: Customer Index Page - 1000 Users 1-694
2026-08-29 09:31:43,125 INFO o.a.j.t.JMeterThread: Thread is done: Customer Index Page - 1000 Users 1-694
2026-08-29 09:31:43,126 INFO o.a.j.t.JMeterThread: Thread finished: Customer Index Page - 1000 Users 1-694
2026-08-29 09:31:43,213 INFO o.a.j.t.JMeterThread: Thread started: Customer Index Page - 1000 Users 1-695
2026-08-29 09:31:43,224 INFO o.a.j.t.JMeterThread: Thread is done: Customer Index Page - 1000 Users 1-695
2026-08-29 09:31:43,226 INFO o.a.j.t.JMeterThread: Thread finished: Customer Index Page - 1000 Users 1-695
2026-08-29 09:31:43,314 INFO o.a.j.t.JMeterThread: Thread started: Customer Index Page - 1000 Users 1-696
2026-08-29 09:31:43,325 INFO o.a.j.t.JMeterThread: Thread is done: Customer Index Page - 1000 Users 1-696
2026-08-29 09:31:43,327 INFO o.a.j.t.JMeterThread: Thread finished: Customer Index Page - 1000 Users 1-696
2026-08-29 09:31:43,413 INFO o.a.j.t.JMeterThread: Thread started: Customer Index Page - 1000 Users 1-697
2026-08-29 09:31:43,424 INFO o.a.j.t.JMeterThread: Thread is done: Customer Index Page - 1000 Users 1-697
2026-08-29 09:31:43,426 INFO o.a.j.t.JMeterThread: Thread finished: Customer Index Page - 1000 Users 1-697
2026-08-29 09:31:43,514 INFO o.a.j.t.JMeterThread: Thread started: Customer Index Page - 1000 Users 1-698
2026-08-29 09:31:43,525 INFO o.a.j.t.JMeterThread: Thread is done: Customer Index Page - 1000 Users 1-698
2026-08-29 09:31:43,526 INFO o.a.j.t.JMeterThread: Thread finished: Customer Index Page - 1000 Users 1-698
2026-08-29 09:31:43,615 INFO o.a.j.t.JMeterThread: Thread started: Customer Index Page - 1000 Users 1-699
2026-08-29 09:31:43,625 INFO o.a.j.t.JMeterThread: Thread is done: Customer Index Page - 1000 Users 1-699
2026-08-29 09:31:43,627 INFO o.a.j.t.JMeterThread: Thread finished: Customer Index Page - 1000 Users 1-699
2026-08-29 09:31:43,715 INFO o.a.j.t.JMeterThread: Thread started: Customer Index Page - 1000 Users 1-700
2026-08-29 09:31:43,725 INFO o.a.j.t.JMeterThread: Thread is done: Customer Index Page - 1000 Users 1-700
2026-08-29 09:31:43,726 INFO o.a.j.t.JMeterThread: Thread finished: Customer Index Page - 1000 Users 1-700
2026-08-29 09:31:43,814 INFO o.a.j.t.JMeterThread: Thread started: Customer Index Page - 1000 Users 1-701
2026-08-29 09:31:43,825 INFO o.a.j.t.JMeterThread: Thread is done: Customer Index Page - 1000 Users 1-701
2026-08-29 09:31:43,826 INFO o.a.j.t.JMeterThread: Thread finished: Customer Index Page - 1000 Users 1-701
2026-08-29 09:31:43,914 INFO o.a.j.t.JMeterThread: Thread started: Customer Index Page - 1000 Users 1-702
2026-08-29 09:31:43,926 INFO o.a.j.t.JMeterThread: Thread is done: Customer Index Page - 1000 Users 1-702
2026-08-29 09:31:43,927 INFO o.a.j.t.JMeterThread: Thread finished: Customer Index Page - 1000 Users 1-702
2026-08-29 09:31:44,014 INFO o.a.j.t.JMeterThread: Thread started: Customer Index Page - 1000 Users 1-703
2026-08-29 09:31:44,025 INFO o.a.j.t.JMeterThread: Thread is done: Customer Index Page - 1000 Users 1-703
2026-08-29 09:31:44,027 INFO o.a.j.t.JMeterThread: Thread finished: Customer Index Page - 1000 Users 1-703
2026-08-29 09:31:44,114 INFO o.a.j.t.JMeterThread: Thread started: Customer Index Page - 1000 Users 1-704
2026-08-29 09:31:44,125 INFO o.a.j.t.JMeterThread: Thread is done: Customer Index Page - 1000 Users 1-704
2026-08-29 09:31:44,126 INFO o.a.j.t.JMeterThread: Thread finished: Customer Index Page - 1000 Users 1-704
2026-08-29 09:31:44,214 INFO o.a.j.t.JMeterThread: Thread started: Customer Index Page - 1000 Users 1-705
2026-08-29 09:31:44,224 INFO o.a.j.t.JMeterThread: Thread is done: Customer Index Page - 1000 Users 1-705
2026-08-29 09:31:44,226 INFO o.a.j.t.JMeterThread: Thread finished: Customer Index Page - 1000 Users 1-705
2026-08-29 09:31:44,314 INFO o.a.j.t.JMeterThread: Thread started: Customer Index Page - 1000 Users 1-706
2026-08-29 09:31:44,324 INFO o.a.j.t.JMeterThread: Thread is done: Customer Index Page - 1000 Users 1-706
2026-08-29 09:31:44,326 INFO o.a.j.t.JMeterThread: Thread finished: Customer Index Page - 1000 Users 1-706
2026-08-29 09:31:44,414 INFO o.a.j.t.JMeterThread: Thread started: Customer Index Page - 1000 Users 1-707
2026-08-29 09:31:44,426 INFO o.a.j.t.JMeterThread: Thread is done: Customer Index Page - 1000 Users 1-707
2026-08-29 09:31:44,427 INFO o.a.j.t.JMeterThread: Thread finished: Customer Index Page - 1000 Users 1-707
2026-08-29 09:31:44,514 INFO o.a.j.t.JMeterThread: Thread started: Customer Index Page - 1000 Users 1-708
2026-08-29 09:31:44,525 INFO o.a.j.t.JMeterThread: Thread is done: Customer Index Page - 1000 Users 1-708
2026-08-29 09:31:44,526 INFO o.a.j.t.JMeterThread: Thread finished: Customer Index Page - 1000 Users 1-708
2026-08-29 09:31:44,614 INFO o.a.j.t.JMeterThread: Thread started: Customer Index Page - 1000 Users 1-709
2026-08-29 09:31:44,625 INFO o.a.j.t.JMeterThread: Thread is done: Customer Index Page - 1000 Users 1-709
2026-08-29 09:31:44,627 INFO o.a.j.t.JMeterThread: Thread finished: Customer Index Page - 1000 Users 1-709
2026-08-29 09:31:44,714 INFO o.a.j.t.JMeterThread: Thread started: Customer Index Page - 1000 Users 1-710
2026-08-29 09:31:44,724 INFO o.a.j.t.JMeterThread: Thread is done: Customer Index Page - 1000 Users 1-710
2026-08-29 09:31:44,725 INFO o.a.j.t.JMeterThread: Thread finished: Customer Index Page - 1000 Users 1-710
2026-08-29 09:31:44,813 INFO o.a.j.t.JMeterThread: Thread started: Customer Index Page - 1000 Users 1-711
2026-08-29 09:31:44,824 INFO o.a.j.t.JMeterThread: Thread is done: Customer Index Page - 1000 Users 1-711
2026-08-29 09:31:44,825 INFO o.a.j.t.JMeterThread: Thread finished: Customer Index Page - 1000 Users 1-711
2026-08-29 09:31:44,914 INFO o.a.j.t.JMeterThread: Thread started: Customer Index Page - 1000 Users 1-712
2026-08-29 09:31:44,925 INFO o.a.j.t.JMeterThread: Thread is done: Customer Index Page - 1000 Users 1-712
2026-08-29 09:31:44,926 INFO o.a.j.t.JMeterThread: Thread finished: Customer Index Page - 1000 Users 1-712
2026-08-29 09:31:45,014 INFO o.a.j.t.JMeterThread: Thread started: Customer Index Page - 1000 Users 1-713
2026-08-29 09:31:45,024 INFO o.a.j.t.JMeterThread: Thread is done: Customer Index Page - 1000 Users 1-713
2026-08-29 09:31:45,025 INFO o.a.j.t.JMeterThread: Thread finished: Customer Index Page - 1000 Users 1-713
2026-08-29 09:31:45,114 INFO o.a.j.t.JMeterThread: Thread started: Customer Index Page - 1000 Users 1-714
2026-08-29 09:31:45,124 INFO o.a.j.t.JMeterThread: Thread is done: Customer Index Page - 1000 Users 1-714
2026-08-29 09:31:45,125 INFO o.a.j.t.JMeterThread: Thread finished: Customer Index Page - 1000 Users 1-714
2026-08-29 09:31:45,214 INFO o.a.j.t.JMeterThread: Thread started: Customer Index Page - 1000 Users 1-715
2026-08-29 09:31:45,225 INFO o.a.j.t.JMeterThread: Thread is done: Customer Index Page - 1000 Users 1-715
2026-08-29 09:31:45,226 INFO o.a.j.t.JMeterThread: Thread finished: Customer Index Page - 1000 Users 1-715
2026-08-29 09:31:45,313 INFO o.a.j.t.JMeterThread: Thread started: Customer Index Page - 1000 Users 1-716
2026-08-29 09:31:45,324 INFO o.a.j.t.JMeterThread: Thread is done: Customer Index Page - 1000 Users 1-716
2026-08-29 09:31:45,325 INFO o.a.j.t.JMeterThread: Thread finished: Customer Index Page - 1000 Users 1-716
2026-08-29 09:31:45,414 INFO o.a.j.t.JMeterThread: Thread started: Customer Index Page - 1000 Users 1-717
2026-08-29 09:31:45,425 INFO o.a.j.t.JMeterThread: Thread is done: Customer Index Page - 1000 Users 1-717
2026-08-29 09:31:45,427 INFO o.a.j.t.JMeterThread: Thread finished: Customer Index Page - 1000 Users 1-717
2026-08-29 09:31:45,514 INFO o.a.j.t.JMeterThread: Thread started: Customer Index Page - 1000 Users 1-718
2026-08-29 09:31:45,527 INFO o.a.j.t.JMeterThread: Thread is done: Customer Index Page - 1000 Users 1-718
2026-08-29 09:31:45,528 INFO o.a.j.t.JMeterThread: Thread finished: Customer Index Page - 1000 Users 1-718
2026-08-29 09:31:45,613 INFO o.a.j.t.JMeterThread: Thread started: Customer Index Page - 1000 Users 1-719
2026-08-29 09:31:45,629 INFO o.a.j.t.JMeterThread: Thread is done: Customer Index Page - 1000 Users 1-719
2026-08-29 09:31:45,630 INFO o.a.j.t.JMeterThread: Thread finished: Customer Index Page - 1000 Users 1-719
2026-08-29 09:31:45,715 INFO o.a.j.t.JMeterThread: Thread started: Customer Index Page - 1000 Users 1-720
2026-08-29 09:31:45,727 INFO o.a.j.t.JMeterThread: Thread is done: Customer Index Page - 1000 Users 1-720
2026-08-29 09:31:45,728 INFO o.a.j.t.JMeterThread: Thread finished: Customer Index Page - 1000 Users 1-720
2026-08-29 09:31:45,813 INFO o.a.j.t.JMeterThread: Thread started: Customer Index Page - 1000 Users 1-721
2026-08-29 09:31:45,827 INFO o.a.j.t.JMeterThread: Thread is done: Customer Index Page - 1000 Users 1-721
2026-08-29 09:31:45,828 INFO o.a.j.t.JMeterThread: Thread finished: Customer Index Page - 1000 Users 1-721
2026-08-29 09:31:45,914 INFO o.a.j.t.JMeterThread: Thread started: Customer Index Page - 1000 Users 1-722
2026-08-29 09:31:45,927 INFO o.a.j.t.JMeterThread: Thread is done: Customer Index Page - 1000 Users 1-722
2026-08-29 09:31:45,928 INFO o.a.j.t.JMeterThread: Thread finished: Customer Index Page - 1000 Users 1-722
2026-08-29 09:31:46,014 INFO o.a.j.t.JMeterThread: Thread started: Customer Index Page - 1000 Users 1-723
2026-08-29 09:31:46,025 INFO o.a.j.t.JMeterThread: Thread is done: Customer Index Page - 1000 Users 1-723
2026-08-29 09:31:46,026 INFO o.a.j.t.JMeterThread: Thread finished: Customer Index Page - 1000 Users 1-723
2026-08-29 09:31:46,114 INFO o.a.j.t.JMeterThread: Thread started: Customer Index Page - 1000 Users 1-724
2026-08-29 09:31:46,125 INFO o.a.j.t.JMeterThread: Thread is done: Customer Index Page - 1000 Users 1-724
2026-08-29 09:31:46,127 INFO o.a.j.t.JMeterThread: Thread finished: Customer Index Page - 1000 Users 1-724
2026-08-29 09:31:46,214 INFO o.a.j.t.JMeterThread: Thread started: Customer Index Page - 1000 Users 1-725
2026-08-29 09:31:46,228 INFO o.a.j.t.JMeterThread: Thread is done: Customer Index Page - 1000 Users 1-725
2026-08-29 09:31:46,229 INFO o.a.j.t.JMeterThread: Thread finished: Customer Index Page - 1000 Users 1-725
2026-08-29 09:31:46,314 INFO o.a.j.t.JMeterThread: Thread started: Customer Index Page - 1000 Users 1-726
2026-08-29 09:31:46,325 INFO o.a.j.t.JMeterThread: Thread is done: Customer Index Page - 1000 Users 1-726
2026-08-29 09:31:46,326 INFO o.a.j.t.JMeterThread: Thread finished: Customer Index Page - 1000 Users 1-726
2026-08-29 09:31:46,413 INFO o.a.j.t.JMeterThread: Thread started: Customer Index Page - 1000 Users 1-727
2026-08-29 09:31:46,424 INFO o.a.j.t.JMeterThread: Thread is done: Customer Index Page - 1000 Users 1-727
2026-08-29 09:31:46,425 INFO o.a.j.t.JMeterThread: Thread finished: Customer Index Page - 1000 Users 1-727
2026-08-29 09:31:46,514 INFO o.a.j.t.JMeterThread: Thread started: Customer Index Page - 1000 Users 1-728
2026-08-29 09:31:46,525 INFO o.a.j.t.JMeterThread: Thread is done: Customer Index Page - 1000 Users 1-728
2026-08-29 09:31:46,526 INFO o.a.j.t.JMeterThread: Thread finished: Customer Index Page - 1000 Users 1-728
2026-08-29 09:31:46,614 INFO o.a.j.t.JMeterThread: Thread started: Customer Index Page - 1000 Users 1-729
2026-08-29 09:31:46,629 INFO o.a.j.t.JMeterThread: Thread is done: Customer Index Page - 1000 Users 1-729
2026-08-29 09:31:46,630 INFO o.a.j.t.JMeterThread: Thread finished: Customer Index Page - 1000 Users 1-729
2026-08-29 09:31:46,714 INFO o.a.j.t.JMeterThread: Thread started: Customer Index Page - 1000 Users 1-730
2026-08-29 09:31:46,731 INFO o.a.j.t.JMeterThread: Thread is done: Customer Index Page - 1000 Users 1-730
2026-08-29 09:31:46,733 INFO o.a.j.t.JMeterThread: Thread finished: Customer Index Page - 1000 Users 1-730
2026-08-29 09:31:46,814 INFO o.a.j.t.JMeterThread: Thread started: Customer Index Page - 1000 Users 1-731
2026-08-29 09:31:46,826 INFO o.a.j.t.JMeterThread: Thread is done: Customer Index Page - 1000 Users 1-731
2026-08-29 09:31:46,827 INFO o.a.j.t.JMeterThread: Thread finished: Customer Index Page - 1000 Users 1-731
2026-08-29 09:31:46,915 INFO o.a.j.t.JMeterThread: Thread started: Customer Index Page - 1000 Users 1-732
2026-08-29 09:31:46,926 INFO o.a.j.t.JMeterThread: Thread is done: Customer Index Page - 1000 Users 1-732
2026-08-29 09:31:46,928 INFO o.a.j.t.JMeterThread: Thread finished: Customer Index Page - 1000 Users 1-732
2026-08-29 09:31:47,014 INFO o.a.j.t.JMeterThread: Thread started: Customer Index Page - 1000 Users 1-733
2026-08-29 09:31:47,027 INFO o.a.j.t.JMeterThread: Thread is done: Customer Index Page - 1000 Users 1-733
2026-08-29 09:31:47,028 INFO o.a.j.t.JMeterThread: Thread finished: Customer Index Page - 1000 Users 1-733
2026-08-29 09:31:47,114 INFO o.a.j.t.JMeterThread: Thread started: Customer Index Page - 1000 Users 1-734
2026-08-29 09:31:47,127 INFO o.a.j.t.JMeterThread: Thread is done: Customer Index Page - 1000 Users 1-734
2026-08-29 09:31:47,128 INFO o.a.j.t.JMeterThread: Thread finished: Customer Index Page - 1000 Users 1-734
2026-08-29 09:31:47,215 INFO o.a.j.t.JMeterThread: Thread started: Customer Index Page - 1000 Users 1-735
2026-08-29 09:31:47,227 INFO o.a.j.t.JMeterThread: Thread is done: Customer Index Page - 1000 Users 1-735
2026-08-29 09:31:47,228 INFO o.a.j.t.JMeterThread: Thread finished: Customer Index Page - 1000 Users 1-735
2026-08-29 09:31:47,313 INFO o.a.j.t.JMeterThread: Thread started: Customer Index Page - 1000 Users 1-736
2026-08-29 09:31:47,325 INFO o.a.j.t.JMeterThread: Thread is done: Customer Index Page - 1000 Users 1-736
2026-08-29 09:31:47,326 INFO o.a.j.t.JMeterThread: Thread finished: Customer Index Page - 1000 Users 1-736
2026-08-29 09:31:47,414 INFO o.a.j.t.JMeterThread: Thread started: Customer Index Page - 1000 Users 1-737
2026-08-29 09:31:47,426 INFO o.a.j.t.JMeterThread: Thread is done: Customer Index Page - 1000 Users 1-737
2026-08-29 09:31:47,427 INFO o.a.j.t.JMeterThread: Thread finished: Customer Index Page - 1000 Users 1-737
2026-08-29 09:31:47,514 INFO o.a.j.t.JMeterThread: Thread started: Customer Index Page - 1000 Users 1-738
2026-08-29 09:31:47,526 INFO o.a.j.t.JMeterThread: Thread is done: Customer Index Page - 1000 Users 1-738
2026-08-29 09:31:47,527 INFO o.a.j.t.JMeterThread: Thread finished: Customer Index Page - 1000 Users 1-738
2026-08-29 09:31:47,614 INFO o.a.j.t.JMeterThread: Thread started: Customer Index Page - 1000 Users 1-739
2026-08-29 09:31:47,625 INFO o.a.j.t.JMeterThread: Thread is done: Customer Index Page - 1000 Users 1-739
2026-08-29 09:31:47,627 INFO o.a.j.t.JMeterThread: Thread finished: Customer Index Page - 1000 Users 1-739
2026-08-29 09:31:47,714 INFO o.a.j.t.JMeterThread: Thread started: Customer Index Page - 1000 Users 1-740
2026-08-29 09:31:47,728 INFO o.a.j.t.JMeterThread: Thread is done: Customer Index Page - 1000 Users 1-740
2026-08-29 09:31:47,729 INFO o.a.j.t.JMeterThread: Thread finished: Customer Index Page - 1000 Users 1-740
2026-08-29 09:31:47,814 INFO o.a.j.t.JMeterThread: Thread started: Customer Index Page - 1000 Users 1-741
2026-08-29 09:31:47,826 INFO o.a.j.t.JMeterThread: Thread is done: Customer Index Page - 1000 Users 1-741
2026-08-29 09:31:47,828 INFO o.a.j.t.JMeterThread: Thread finished: Customer Index Page - 1000 Users 1-741
2026-08-29 09:31:47,916 INFO o.a.j.t.JMeterThread: Thread started: Customer Index Page - 1000 Users 1-742
2026-08-29 09:31:47,934 INFO o.a.j.t.JMeterThread: Thread is done: Customer Index Page - 1000 Users 1-742
2026-08-29 09:31:47,935 INFO o.a.j.t.JMeterThread: Thread finished: Customer Index Page - 1000 Users 1-742
2026-08-29 09:31:48,015 INFO o.a.j.t.JMeterThread: Thread started: Customer Index Page - 1000 Users 1-743
2026-08-29 09:31:48,028 INFO o.a.j.t.JMeterThread: Thread is done: Customer Index Page - 1000 Users 1-743
2026-08-29 09:31:48,030 INFO o.a.j.t.JMeterThread: Thread finished: Customer Index Page - 1000 Users 1-743
2026-08-29 09:31:48,114 INFO o.a.j.t.JMeterThread: Thread started: Customer Index Page - 1000 Users 1-744
2026-08-29 09:31:48,126 INFO o.a.j.t.JMeterThread: Thread is done: Customer Index Page - 1000 Users 1-744
2026-08-29 09:31:48,127 INFO o.a.j.t.JMeterThread: Thread finished: Customer Index Page - 1000 Users 1-744
2026-08-29 09:31:48,214 INFO o.a.j.t.JMeterThread: Thread started: Customer Index Page - 1000 Users 1-745
2026-08-29 09:31:48,227 INFO o.a.j.t.JMeterThread: Thread is done: Customer Index Page - 1000 Users 1-745
2026-08-29 09:31:48,228 INFO o.a.j.t.JMeterThread: Thread finished: Customer Index Page - 1000 Users 1-745
2026-08-29 09:31:48,315 INFO o.a.j.t.JMeterThread: Thread started: Customer Index Page - 1000 Users 1-746
2026-08-29 09:31:48,329 INFO o.a.j.t.JMeterThread: Thread is done: Customer Index Page - 1000 Users 1-746
2026-08-29 09:31:48,331 INFO o.a.j.t.JMeterThread: Thread finished: Customer Index Page - 1000 Users 1-746
2026-08-29 09:31:48,414 INFO o.a.j.t.JMeterThread: Thread started: Customer Index Page - 1000 Users 1-747
2026-08-29 09:31:48,425 INFO o.a.j.t.JMeterThread: Thread is done: Customer Index Page - 1000 Users 1-747
2026-08-29 09:31:48,426 INFO o.a.j.t.JMeterThread: Thread finished: Customer Index Page - 1000 Users 1-747
2026-08-29 09:31:48,514 INFO o.a.j.t.JMeterThread: Thread started: Customer Index Page - 1000 Users 1-748
2026-08-29 09:31:48,545 INFO o.a.j.t.JMeterThread: Thread is done: Customer Index Page - 1000 Users 1-748
2026-08-29 09:31:48,546 INFO o.a.j.t.JMeterThread: Thread finished: Customer Index Page - 1000 Users 1-748
2026-08-29 09:31:48,614 INFO o.a.j.t.JMeterThread: Thread started: Customer Index Page - 1000 Users 1-749
2026-08-29 09:31:48,626 INFO o.a.j.t.JMeterThread: Thread is done: Customer Index Page - 1000 Users 1-749
2026-08-29 09:31:48,627 INFO o.a.j.t.JMeterThread: Thread finished: Customer Index Page - 1000 Users 1-749
2026-08-29 09:31:48,714 INFO o.a.j.t.JMeterThread: Thread started: Customer Index Page - 1000 Users 1-750
2026-08-29 09:31:48,727 INFO o.a.j.t.JMeterThread: Thread is done: Customer Index Page - 1000 Users 1-750
2026-08-29 09:31:48,728 INFO o.a.j.t.JMeterThread: Thread finished: Customer Index Page - 1000 Users 1-750
2026-08-29 09:31:48,814 INFO o.a.j.t.JMeterThread: Thread started: Customer Index Page - 1000 Users 1-751
2026-08-29 09:31:48,827 INFO o.a.j.t.JMeterThread: Thread is done: Customer Index Page - 1000 Users 1-751
2026-08-29 09:31:48,829 INFO o.a.j.t.JMeterThread: Thread finished: Customer Index Page - 1000 Users 1-751
2026-08-29 09:31:48,914 INFO o.a.j.t.JMeterThread: Thread started: Customer Index Page - 1000 Users 1-752
2026-08-29 09:31:48,926 INFO o.a.j.t.JMeterThread: Thread is done: Customer Index Page - 1000 Users 1-752
2026-08-29 09:31:48,927 INFO o.a.j.t.JMeterThread: Thread finished: Customer Index Page - 1000 Users 1-752
2026-08-29 09:31:49,014 INFO o.a.j.t.JMeterThread: Thread started: Customer Index Page - 1000 Users 1-753
2026-08-29 09:31:49,026 INFO o.a.j.t.JMeterThread: Thread is done: Customer Index Page - 1000 Users 1-753
2026-08-29 09:31:49,027 INFO o.a.j.t.JMeterThread: Thread finished: Customer Index Page - 1000 Users 1-753
2026-08-29 09:31:49,115 INFO o.a.j.t.JMeterThread: Thread started: Customer Index Page - 1000 Users 1-754
2026-08-29 09:31:49,128 INFO o.a.j.t.JMeterThread: Thread is done: Customer Index Page - 1000 Users 1-754
2026-08-29 09:31:49,129 INFO o.a.j.t.JMeterThread: Thread finished: Customer Index Page - 1000 Users 1-754
2026-08-29 09:31:49,213 INFO o.a.j.t.JMeterThread: Thread started: Customer Index Page - 1000 Users 1-755
2026-08-29 09:31:49,225 INFO o.a.j.t.JMeterThread: Thread is done: Customer Index Page - 1000 Users 1-755
2026-08-29 09:31:49,226 INFO o.a.j.t.JMeterThread: Thread finished: Customer Index Page - 1000 Users 1-755
2026-08-29 09:31:49,314 INFO o.a.j.t.JMeterThread: Thread started: Customer Index Page - 1000 Users 1-756
2026-08-29 09:31:49,326 INFO o.a.j.t.JMeterThread: Thread is done: Customer Index Page - 1000 Users 1-756
2026-08-29 09:31:49,327 INFO o.a.j.t.JMeterThread: Thread finished: Customer Index Page - 1000 Users 1-756
2026-08-29 09:31:49,413 INFO o.a.j.t.JMeterThread: Thread started: Customer Index Page - 1000 Users 1-757
2026-08-29 09:31:49,425 INFO o.a.j.t.JMeterThread: Thread is done: Customer Index Page - 1000 Users 1-757
2026-08-29 09:31:49,426 INFO o.a.j.t.JMeterThread: Thread finished: Customer Index Page - 1000 Users 1-757
2026-08-29 09:31:49,514 INFO o.a.j.t.JMeterThread: Thread started: Customer Index Page - 1000 Users 1-758
2026-08-29 09:31:49,528 INFO o.a.j.t.JMeterThread: Thread is done: Customer Index Page - 1000 Users 1-758
2026-08-29 09:31:49,529 INFO o.a.j.t.JMeterThread: Thread finished: Customer Index Page - 1000 Users 1-758
2026-08-29 09:31:49,613 INFO o.a.j.t.JMeterThread: Thread started: Customer Index Page - 1000 Users 1-759
2026-08-29 09:31:49,625 INFO o.a.j.t.JMeterThread: Thread is done: Customer Index Page - 1000 Users 1-759
2026-08-29 09:31:49,626 INFO o.a.j.t.JMeterThread: Thread finished: Customer Index Page - 1000 Users 1-759
2026-08-29 09:31:49,714 INFO o.a.j.t.JMeterThread: Thread started: Customer Index Page - 1000 Users 1-760
2026-08-29 09:31:49,725 INFO o.a.j.t.JMeterThread: Thread is done: Customer Index Page - 1000 Users 1-760
2026-08-29 09:31:49,727 INFO o.a.j.t.JMeterThread: Thread finished: Customer Index Page - 1000 Users 1-760
2026-08-29 09:31:49,814 INFO o.a.j.t.JMeterThread: Thread started: Customer Index Page - 1000 Users 1-761
2026-08-29 09:31:49,824 INFO o.a.j.t.JMeterThread: Thread is done: Customer Index Page - 1000 Users 1-761
2026-08-29 09:31:49,826 INFO o.a.j.t.JMeterThread: Thread finished: Customer Index Page - 1000 Users 1-761
2026-08-29 09:31:49,914 INFO o.a.j.t.JMeterThread: Thread started: Customer Index Page - 1000 Users 1-762
2026-08-29 09:31:49,924 INFO o.a.j.t.JMeterThread: Thread is done: Customer Index Page - 1000 Users 1-762
2026-08-29 09:31:49,925 INFO o.a.j.t.JMeterThread: Thread finished: Customer Index Page - 1000 Users 1-762
2026-08-29 09:31:50,013 INFO o.a.j.t.JMeterThread: Thread started: Customer Index Page - 1000 Users 1-763
2026-08-29 09:31:50,025 INFO o.a.j.t.JMeterThread: Thread is done: Customer Index Page - 1000 Users 1-763
2026-08-29 09:31:50,026 INFO o.a.j.t.JMeterThread: Thread finished: Customer Index Page - 1000 Users 1-763
2026-08-29 09:31:50,115 INFO o.a.j.t.JMeterThread: Thread started: Customer Index Page - 1000 Users 1-764
2026-08-29 09:31:50,126 INFO o.a.j.t.JMeterThread: Thread is done: Customer Index Page - 1000 Users 1-764
2026-08-29 09:31:50,127 INFO o.a.j.t.JMeterThread: Thread finished: Customer Index Page - 1000 Users 1-764
2026-08-29 09:31:50,214 INFO o.a.j.t.JMeterThread: Thread started: Customer Index Page - 1000 Users 1-765
2026-08-29 09:31:50,225 INFO o.a.j.t.JMeterThread: Thread is done: Customer Index Page - 1000 Users 1-765
2026-08-29 09:31:50,226 INFO o.a.j.t.JMeterThread: Thread finished: Customer Index Page - 1000 Users 1-765
2026-08-29 09:31:50,313 INFO o.a.j.t.JMeterThread: Thread started: Customer Index Page - 1000 Users 1-766
2026-08-29 09:31:50,325 INFO o.a.j.t.JMeterThread: Thread is done: Customer Index Page - 1000 Users 1-766
2026-08-29 09:31:50,326 INFO o.a.j.t.JMeterThread: Thread finished: Customer Index Page - 1000 Users 1-766
2026-08-29 09:31:50,414 INFO o.a.j.t.JMeterThread: Thread started: Customer Index Page - 1000 Users 1-767
2026-08-29 09:31:50,427 INFO o.a.j.t.JMeterThread: Thread is done: Customer Index Page - 1000 Users 1-767
2026-08-29 09:31:50,428 INFO o.a.j.t.JMeterThread: Thread finished: Customer Index Page - 1000 Users 1-767
2026-08-29 09:31:50,515 INFO o.a.j.t.JMeterThread: Thread started: Customer Index Page - 1000 Users 1-768
2026-08-29 09:31:50,528 INFO o.a.j.t.JMeterThread: Thread is done: Customer Index Page - 1000 Users 1-768
2026-08-29 09:31:50,530 INFO o.a.j.t.JMeterThread: Thread finished: Customer Index Page - 1000 Users 1-768
2026-08-29 09:31:50,614 INFO o.a.j.t.JMeterThread: Thread started: Customer Index Page - 1000 Users 1-769
2026-08-29 09:31:50,629 INFO o.a.j.t.JMeterThread: Thread is done: Customer Index Page - 1000 Users 1-769
2026-08-29 09:31:50,630 INFO o.a.j.t.JMeterThread: Thread finished: Customer Index Page - 1000 Users 1-769
2026-08-29 09:31:50,713 INFO o.a.j.t.JMeterThread: Thread started: Customer Index Page - 1000 Users 1-770
2026-08-29 09:31:50,724 INFO o.a.j.t.JMeterThread: Thread is done: Customer Index Page - 1000 Users 1-770
2026-08-29 09:31:50,730 INFO o.a.j.t.JMeterThread: Thread finished: Customer Index Page - 1000 Users 1-770
2026-08-29 09:31:50,814 INFO o.a.j.t.JMeterThread: Thread started: Customer Index Page - 1000 Users 1-771
2026-08-29 09:31:50,825 INFO o.a.j.t.JMeterThread: Thread is done: Customer Index Page - 1000 Users 1-771
2026-08-29 09:31:50,826 INFO o.a.j.t.JMeterThread: Thread finished: Customer Index Page - 1000 Users 1-771
2026-08-29 09:31:50,914 INFO o.a.j.t.JMeterThread: Thread started: Customer Index Page - 1000 Users 1-772
2026-08-29 09:31:50,925 INFO o.a.j.t.JMeterThread: Thread is done: Customer Index Page - 1000 Users 1-772
2026-08-29 09:31:50,926 INFO o.a.j.t.JMeterThread: Thread finished: Customer Index Page - 1000 Users 1-772
2026-08-29 09:31:51,015 INFO o.a.j.t.JMeterThread: Thread started: Customer Index Page - 1000 Users 1-773
2026-08-29 09:31:51,025 INFO o.a.j.t.JMeterThread: Thread is done: Customer Index Page - 1000 Users 1-773
2026-08-29 09:31:51,026 INFO o.a.j.t.JMeterThread: Thread finished: Customer Index Page - 1000 Users 1-773
2026-08-29 09:31:51,114 INFO o.a.j.t.JMeterThread: Thread started: Customer Index Page - 1000 Users 1-774
2026-08-29 09:31:51,125 INFO o.a.j.t.JMeterThread: Thread is done: Customer Index Page - 1000 Users 1-774
2026-08-29 09:31:51,126 INFO o.a.j.t.JMeterThread: Thread finished: Customer Index Page - 1000 Users 1-774
2026-08-29 09:31:51,214 INFO o.a.j.t.JMeterThread: Thread started: Customer Index Page - 1000 Users 1-775
2026-08-29 09:31:51,226 INFO o.a.j.t.JMeterThread: Thread is done: Customer Index Page - 1000 Users 1-775
2026-08-29 09:31:51,227 INFO o.a.j.t.JMeterThread: Thread finished: Customer Index Page - 1000 Users 1-775
2026-08-29 09:31:51,314 INFO o.a.j.t.JMeterThread: Thread started: Customer Index Page - 1000 Users 1-776
2026-08-29 09:31:51,326 INFO o.a.j.t.JMeterThread: Thread is done: Customer Index Page - 1000 Users 1-776
2026-08-29 09:31:51,327 INFO o.a.j.t.JMeterThread: Thread finished: Customer Index Page - 1000 Users 1-776
2026-08-29 09:31:51,413 INFO o.a.j.t.JMeterThread: Thread started: Customer Index Page - 1000 Users 1-777
2026-08-29 09:31:51,424 INFO o.a.j.t.JMeterThread: Thread is done: Customer Index Page - 1000 Users 1-777
2026-08-29 09:31:51,426 INFO o.a.j.t.JMeterThread: Thread finished: Customer Index Page - 1000 Users 1-777
2026-08-29 09:31:51,514 INFO o.a.j.t.JMeterThread: Thread started: Customer Index Page - 1000 Users 1-778
2026-08-29 09:31:51,525 INFO o.a.j.t.JMeterThread: Thread is done: Customer Index Page - 1000 Users 1-778
2026-08-29 09:31:51,526 INFO o.a.j.t.JMeterThread: Thread finished: Customer Index Page - 1000 Users 1-778
2026-08-29 09:31:51,614 INFO o.a.j.t.JMeterThread: Thread started: Customer Index Page - 1000 Users 1-779
2026-08-29 09:31:51,624 INFO o.a.j.t.JMeterThread: Thread is done: Customer Index Page - 1000 Users 1-779
2026-08-29 09:31:51,625 INFO o.a.j.t.JMeterThread: Thread finished: Customer Index Page - 1000 Users 1-779
2026-08-29 09:31:51,713 INFO o.a.j.t.JMeterThread: Thread started: Customer Index Page - 1000 Users 1-780
2026-08-29 09:31:51,723 INFO o.a.j.t.JMeterThread: Thread is done: Customer Index Page - 1000 Users 1-780
2026-08-29 09:31:51,724 INFO o.a.j.t.JMeterThread: Thread finished: Customer Index Page - 1000 Users 1-780
2026-08-29 09:31:51,815 INFO o.a.j.t.JMeterThread: Thread started: Customer Index Page - 1000 Users 1-781
2026-08-29 09:31:51,825 INFO o.a.j.t.JMeterThread: Thread is done: Customer Index Page - 1000 Users 1-781
2026-08-29 09:31:51,826 INFO o.a.j.t.JMeterThread: Thread finished: Customer Index Page - 1000 Users 1-781
2026-08-29 09:31:51,915 INFO o.a.j.t.JMeterThread: Thread started: Customer Index Page - 1000 Users 1-782
2026-08-29 09:31:51,925 INFO o.a.j.t.JMeterThread: Thread is done: Customer Index Page - 1000 Users 1-782
2026-08-29 09:31:51,926 INFO o.a.j.t.JMeterThread: Thread finished: Customer Index Page - 1000 Users 1-782
2026-08-29 09:31:52,014 INFO o.a.j.t.JMeterThread: Thread started: Customer Index Page - 1000 Users 1-783
2026-08-29 09:31:52,025 INFO o.a.j.t.JMeterThread: Thread is done: Customer Index Page - 1000 Users 1-783
2026-08-29 09:31:52,026 INFO o.a.j.t.JMeterThread: Thread finished: Customer Index Page - 1000 Users 1-783
2026-08-29 09:31:52,115 INFO o.a.j.t.JMeterThread: Thread started: Customer Index Page - 1000 Users 1-784
2026-08-29 09:31:52,128 INFO o.a.j.t.JMeterThread: Thread is done: Customer Index Page - 1000 Users 1-784
2026-08-29 09:31:52,129 INFO o.a.j.t.JMeterThread: Thread finished: Customer Index Page - 1000 Users 1-784
2026-08-29 09:31:52,214 INFO o.a.j.t.JMeterThread: Thread started: Customer Index Page - 1000 Users 1-785
2026-08-29 09:31:52,225 INFO o.a.j.t.JMeterThread: Thread is done: Customer Index Page - 1000 Users 1-785
2026-08-29 09:31:52,227 INFO o.a.j.t.JMeterThread: Thread finished: Customer Index Page - 1000 Users 1-785
2026-08-29 09:31:52,315 INFO o.a.j.t.JMeterThread: Thread started: Customer Index Page - 1000 Users 1-786
2026-08-29 09:31:52,328 INFO o.a.j.t.JMeterThread: Thread is done: Customer Index Page - 1000 Users 1-786
2026-08-29 09:31:52,329 INFO o.a.j.t.JMeterThread: Thread finished: Customer Index Page - 1000 Users 1-786
2026-08-29 09:31:52,416 INFO o.a.j.t.JMeterThread: Thread started: Customer Index Page - 1000 Users 1-787
2026-08-29 09:31:52,431 INFO o.a.j.t.JMeterThread: Thread is done: Customer Index Page - 1000 Users 1-787
2026-08-29 09:31:52,432 INFO o.a.j.t.JMeterThread: Thread finished: Customer Index Page - 1000 Users 1-787
2026-08-29 09:31:52,514 INFO o.a.j.t.JMeterThread: Thread started: Customer Index Page - 1000 Users 1-788
2026-08-29 09:31:52,527 INFO o.a.j.t.JMeterThread: Thread is done: Customer Index Page - 1000 Users 1-788
2026-08-29 09:31:52,529 INFO o.a.j.t.JMeterThread: Thread finished: Customer Index Page - 1000 Users 1-788
2026-08-29 09:31:52,615 INFO o.a.j.t.JMeterThread: Thread started: Customer Index Page - 1000 Users 1-789
2026-08-29 09:31:52,627 INFO o.a.j.t.JMeterThread: Thread is done: Customer Index Page - 1000 Users 1-789
2026-08-29 09:31:52,628 INFO o.a.j.t.JMeterThread: Thread finished: Customer Index Page - 1000 Users 1-789
2026-08-29 09:31:52,715 INFO o.a.j.t.JMeterThread: Thread started: Customer Index Page - 1000 Users 1-790
2026-08-29 09:31:52,725 INFO o.a.j.t.JMeterThread: Thread is done: Customer Index Page - 1000 Users 1-790
2026-08-29 09:31:52,727 INFO o.a.j.t.JMeterThread: Thread finished: Customer Index Page - 1000 Users 1-790
2026-08-29 09:31:52,815 INFO o.a.j.t.JMeterThread: Thread started: Customer Index Page - 1000 Users 1-791
2026-08-29 09:31:52,825 INFO o.a.j.t.JMeterThread: Thread is done: Customer Index Page - 1000 Users 1-791
2026-08-29 09:31:52,827 INFO o.a.j.t.JMeterThread: Thread finished: Customer Index Page - 1000 Users 1-791
2026-08-29 09:31:52,914 INFO o.a.j.t.JMeterThread: Thread started: Customer Index Page - 1000 Users 1-792
2026-08-29 09:31:52,925 INFO o.a.j.t.JMeterThread: Thread is done: Customer Index Page - 1000 Users 1-792
2026-08-29 09:31:52,927 INFO o.a.j.t.JMeterThread: Thread finished: Customer Index Page - 1000 Users 1-792
2026-08-29 09:31:53,015 INFO o.a.j.t.JMeterThread: Thread started: Customer Index Page - 1000 Users 1-793
2026-08-29 09:31:53,026 INFO o.a.j.t.JMeterThread: Thread is done: Customer Index Page - 1000 Users 1-793
2026-08-29 09:31:53,028 INFO o.a.j.t.JMeterThread: Thread finished: Customer Index Page - 1000 Users 1-793
2026-08-29 09:31:53,114 INFO o.a.j.t.JMeterThread: Thread started: Customer Index Page - 1000 Users 1-794
2026-08-29 09:31:53,131 INFO o.a.j.t.JMeterThread: Thread is done: Customer Index Page - 1000 Users 1-794
2026-08-29 09:31:53,133 INFO o.a.j.t.JMeterThread: Thread finished: Customer Index Page - 1000 Users 1-794
2026-08-29 09:31:53,215 INFO o.a.j.t.JMeterThread: Thread started: Customer Index Page - 1000 Users 1-795
2026-08-29 09:31:53,226 INFO o.a.j.t.JMeterThread: Thread is done: Customer Index Page - 1000 Users 1-795
2026-08-29 09:31:53,227 INFO o.a.j.t.JMeterThread: Thread finished: Customer Index Page - 1000 Users 1-795
2026-08-29 09:31:53,313 INFO o.a.j.t.JMeterThread: Thread started: Customer Index Page - 1000 Users 1-796
2026-08-29 09:31:53,326 INFO o.a.j.t.JMeterThread: Thread is done: Customer Index Page - 1000 Users 1-796
2026-08-29 09:31:53,327 INFO o.a.j.t.JMeterThread: Thread finished: Customer Index Page - 1000 Users 1-796
2026-08-29 09:31:53,414 INFO o.a.j.t.JMeterThread: Thread started: Customer Index Page - 1000 Users 1-797
2026-08-29 09:31:53,425 INFO o.a.j.t.JMeterThread: Thread is done: Customer Index Page - 1000 Users 1-797
2026-08-29 09:31:53,426 INFO o.a.j.t.JMeterThread: Thread finished: Customer Index Page - 1000 Users 1-797
2026-08-29 09:31:53,515 INFO o.a.j.t.JMeterThread: Thread started: Customer Index Page - 1000 Users 1-798
2026-08-29 09:31:53,525 INFO o.a.j.t.JMeterThread: Thread is done: Customer Index Page - 1000 Users 1-798
2026-08-29 09:31:53,526 INFO o.a.j.t.JMeterThread: Thread finished: Customer Index Page - 1000 Users 1-798
2026-08-29 09:31:53,614 INFO o.a.j.t.JMeterThread: Thread started: Customer Index Page - 1000 Users 1-799
2026-08-29 09:31:53,625 INFO o.a.j.t.JMeterThread: Thread is done: Customer Index Page - 1000 Users 1-799
2026-08-29 09:31:53,627 INFO o.a.j.t.JMeterThread: Thread finished: Customer Index Page - 1000 Users 1-799
2026-08-29 09:31:53,715 INFO o.a.j.t.JMeterThread: Thread started: Customer Index Page - 1000 Users 1-800
2026-08-29 09:31:53,725 INFO o.a.j.t.JMeterThread: Thread is done: Customer Index Page - 1000 Users 1-800
2026-08-29 09:31:53,726 INFO o.a.j.t.JMeterThread: Thread finished: Customer Index Page - 1000 Users 1-800
2026-08-29 09:31:53,813 INFO o.a.j.t.JMeterThread: Thread started: Customer Index Page - 1000 Users 1-801
2026-08-29 09:31:53,824 INFO o.a.j.t.JMeterThread: Thread is done: Customer Index Page - 1000 Users 1-801
2026-08-29 09:31:53,826 INFO o.a.j.t.JMeterThread: Thread finished: Customer Index Page - 1000 Users 1-801
2026-08-29 09:31:53,914 INFO o.a.j.t.JMeterThread: Thread started: Customer Index Page - 1000 Users 1-802
2026-08-29 09:31:53,925 INFO o.a.j.t.JMeterThread: Thread is done: Customer Index Page - 1000 Users 1-802
2026-08-29 09:31:53,926 INFO o.a.j.t.JMeterThread: Thread finished: Customer Index Page - 1000 Users 1-802
2026-08-29 09:31:54,013 INFO o.a.j.t.JMeterThread: Thread started: Customer Index Page - 1000 Users 1-803
2026-08-29 09:31:54,025 INFO o.a.j.t.JMeterThread: Thread is done: Customer Index Page - 1000 Users 1-803
2026-08-29 09:31:54,026 INFO o.a.j.t.JMeterThread: Thread finished: Customer Index Page - 1000 Users 1-803
2026-08-29 09:31:54,114 INFO o.a.j.t.JMeterThread: Thread started: Customer Index Page - 1000 Users 1-804
2026-08-29 09:31:54,125 INFO o.a.j.t.JMeterThread: Thread is done: Customer Index Page - 1000 Users 1-804
2026-08-29 09:31:54,127 INFO o.a.j.t.JMeterThread: Thread finished: Customer Index Page - 1000 Users 1-804
2026-08-29 09:31:54,213 INFO o.a.j.t.JMeterThread: Thread started: Customer Index Page - 1000 Users 1-805
2026-08-29 09:31:54,226 INFO o.a.j.t.JMeterThread: Thread is done: Customer Index Page - 1000 Users 1-805
2026-08-29 09:31:54,228 INFO o.a.j.t.JMeterThread: Thread finished: Customer Index Page - 1000 Users 1-805
2026-08-29 09:31:54,314 INFO o.a.j.t.JMeterThread: Thread started: Customer Index Page - 1000 Users 1-806
2026-08-29 09:31:54,325 INFO o.a.j.t.JMeterThread: Thread is done: Customer Index Page - 1000 Users 1-806
2026-08-29 09:31:54,326 INFO o.a.j.t.JMeterThread: Thread finished: Customer Index Page - 1000 Users 1-806
2026-08-29 09:31:54,414 INFO o.a.j.t.JMeterThread: Thread started: Customer Index Page - 1000 Users 1-807
2026-08-29 09:31:54,425 INFO o.a.j.t.JMeterThread: Thread is done: Customer Index Page - 1000 Users 1-807
2026-08-29 09:31:54,427 INFO o.a.j.t.JMeterThread: Thread finished: Customer Index Page - 1000 Users 1-807
2026-08-29 09:31:54,514 INFO o.a.j.t.JMeterThread: Thread started: Customer Index Page - 1000 Users 1-808
2026-08-29 09:31:54,524 INFO o.a.j.t.JMeterThread: Thread is done: Customer Index Page - 1000 Users 1-808
2026-08-29 09:31:54,526 INFO o.a.j.t.JMeterThread: Thread finished: Customer Index Page - 1000 Users 1-808
2026-08-29 09:31:54,613 INFO o.a.j.t.JMeterThread: Thread started: Customer Index Page - 1000 Users 1-809
2026-08-29 09:31:54,626 INFO o.a.j.t.JMeterThread: Thread is done: Customer Index Page - 1000 Users 1-809
2026-08-29 09:31:54,628 INFO o.a.j.t.JMeterThread: Thread finished: Customer Index Page - 1000 Users 1-809
2026-08-29 09:31:54,715 INFO o.a.j.t.JMeterThread: Thread started: Customer Index Page - 1000 Users 1-810
2026-08-29 09:31:54,726 INFO o.a.j.t.JMeterThread: Thread is done: Customer Index Page - 1000 Users 1-810
2026-08-29 09:31:54,727 INFO o.a.j.t.JMeterThread: Thread finished: Customer Index Page - 1000 Users 1-810
2026-08-29 09:31:54,813 INFO o.a.j.t.JMeterThread: Thread started: Customer Index Page - 1000 Users 1-811
2026-08-29 09:31:54,824 INFO o.a.j.t.JMeterThread: Thread is done: Customer Index Page - 1000 Users 1-811
2026-08-29 09:31:54,826 INFO o.a.j.t.JMeterThread: Thread finished: Customer Index Page - 1000 Users 1-811
2026-08-29 09:31:54,914 INFO o.a.j.t.JMeterThread: Thread started: Customer Index Page - 1000 Users 1-812
2026-08-29 09:31:54,925 INFO o.a.j.t.JMeterThread: Thread is done: Customer Index Page - 1000 Users 1-812
2026-08-29 09:31:54,926 INFO o.a.j.t.JMeterThread: Thread finished: Customer Index Page - 1000 Users 1-812
2026-08-29 09:31:55,014 INFO o.a.j.t.JMeterThread: Thread started: Customer Index Page - 1000 Users 1-813
2026-08-29 09:31:55,025 INFO o.a.j.t.JMeterThread: Thread is done: Customer Index Page - 1000 Users 1-813
2026-08-29 09:31:55,027 INFO o.a.j.t.JMeterThread: Thread finished: Customer Index Page - 1000 Users 1-813
2026-08-29 09:31:55,114 INFO o.a.j.t.JMeterThread: Thread started: Customer Index Page - 1000 Users 1-814
2026-08-29 09:31:55,127 INFO o.a.j.t.JMeterThread: Thread is done: Customer Index Page - 1000 Users 1-814
2026-08-29 09:31:55,128 INFO o.a.j.t.JMeterThread: Thread finished: Customer Index Page - 1000 Users 1-814
2026-08-29 09:31:55,214 INFO o.a.j.t.JMeterThread: Thread started: Customer Index Page - 1000 Users 1-815
2026-08-29 09:31:55,225 INFO o.a.j.t.JMeterThread: Thread is done: Customer Index Page - 1000 Users 1-815
2026-08-29 09:31:55,227 INFO o.a.j.t.JMeterThread: Thread finished: Customer Index Page - 1000 Users 1-815
2026-08-29 09:31:55,315 INFO o.a.j.t.JMeterThread: Thread started: Customer Index Page - 1000 Users 1-816
2026-08-29 09:31:55,326 INFO o.a.j.t.JMeterThread: Thread is done: Customer Index Page - 1000 Users 1-816
2026-08-29 09:31:55,327 INFO o.a.j.t.JMeterThread: Thread finished: Customer Index Page - 1000 Users 1-816
2026-08-29 09:31:55,413 INFO o.a.j.t.JMeterThread: Thread started: Customer Index Page - 1000 Users 1-817
2026-08-29 09:31:55,424 INFO o.a.j.t.JMeterThread: Thread is done: Customer Index Page - 1000 Users 1-817
2026-08-29 09:31:55,425 INFO o.a.j.t.JMeterThread: Thread finished: Customer Index Page - 1000 Users 1-817
2026-08-29 09:31:55,514 INFO o.a.j.t.JMeterThread: Thread started: Customer Index Page - 1000 Users 1-818
2026-08-29 09:31:55,527 INFO o.a.j.t.JMeterThread: Thread is done: Customer Index Page - 1000 Users 1-818
2026-08-29 09:31:55,528 INFO o.a.j.t.JMeterThread: Thread finished: Customer Index Page - 1000 Users 1-818
2026-08-29 09:31:55,614 INFO o.a.j.t.JMeterThread: Thread started: Customer Index Page - 1000 Users 1-819
2026-08-29 09:31:55,629 INFO o.a.j.t.JMeterThread: Thread is done: Customer Index Page - 1000 Users 1-819
2026-08-29 09:31:55,630 INFO o.a.j.t.JMeterThread: Thread finished: Customer Index Page - 1000 Users 1-819
2026-08-29 09:31:55,714 INFO o.a.j.t.JMeterThread: Thread started: Customer Index Page - 1000 Users 1-820
2026-08-29 09:31:55,732 INFO o.a.j.t.JMeterThread: Thread is done: Customer Index Page - 1000 Users 1-820
2026-08-29 09:31:55,734 INFO o.a.j.t.JMeterThread: Thread finished: Customer Index Page - 1000 Users 1-820
2026-08-29 09:31:55,813 INFO o.a.j.t.JMeterThread: Thread started: Customer Index Page - 1000 Users 1-821
2026-08-29 09:31:55,832 INFO o.a.j.t.JMeterThread: Thread is done: Customer Index Page - 1000 Users 1-821
2026-08-29 09:31:55,834 INFO o.a.j.t.JMeterThread: Thread finished: Customer Index Page - 1000 Users 1-821
2026-08-29 09:31:55,914 INFO o.a.j.t.JMeterThread: Thread started: Customer Index Page - 1000 Users 1-822
2026-08-29 09:31:55,930 INFO o.a.j.t.JMeterThread: Thread is done: Customer Index Page - 1000 Users 1-822
2026-08-29 09:31:55,931 INFO o.a.j.t.JMeterThread: Thread finished: Customer Index Page - 1000 Users 1-822
2026-08-29 09:31:56,014 INFO o.a.j.t.JMeterThread: Thread started: Customer Index Page - 1000 Users 1-823
2026-08-29 09:31:56,029 INFO o.a.j.t.JMeterThread: Thread is done: Customer Index Page - 1000 Users 1-823
2026-08-29 09:31:56,031 INFO o.a.j.t.JMeterThread: Thread finished: Customer Index Page - 1000 Users 1-823
2026-08-29 09:31:56,114 INFO o.a.j.t.JMeterThread: Thread started: Customer Index Page - 1000 Users 1-824
2026-08-29 09:31:56,131 INFO o.a.j.t.JMeterThread: Thread is done: Customer Index Page - 1000 Users 1-824
2026-08-29 09:31:56,133 INFO o.a.j.t.JMeterThread: Thread finished: Customer Index Page - 1000 Users 1-824
2026-08-29 09:31:56,214 INFO o.a.j.t.JMeterThread: Thread started: Customer Index Page - 1000 Users 1-825
2026-08-29 09:31:56,231 INFO o.a.j.t.JMeterThread: Thread is done: Customer Index Page - 1000 Users 1-825
2026-08-29 09:31:56,232 INFO o.a.j.t.JMeterThread: Thread finished: Customer Index Page - 1000 Users 1-825
2026-08-29 09:31:56,315 INFO o.a.j.t.JMeterThread: Thread started: Customer Index Page - 1000 Users 1-826
2026-08-29 09:31:56,328 INFO o.a.j.t.JMeterThread: Thread is done: Customer Index Page - 1000 Users 1-826
2026-08-29 09:31:56,329 INFO o.a.j.t.JMeterThread: Thread finished: Customer Index Page - 1000 Users 1-826
2026-08-29 09:31:56,414 INFO o.a.j.t.JMeterThread: Thread started: Customer Index Page - 1000 Users 1-827
2026-08-29 09:31:56,426 INFO o.a.j.t.JMeterThread: Thread is done: Customer Index Page - 1000 Users 1-827
2026-08-29 09:31:56,427 INFO o.a.j.t.JMeterThread: Thread finished: Customer Index Page - 1000 Users 1-827
2026-08-29 09:31:56,514 INFO o.a.j.t.JMeterThread: Thread started: Customer Index Page - 1000 Users 1-828
2026-08-29 09:31:56,527 INFO o.a.j.t.JMeterThread: Thread is done: Customer Index Page - 1000 Users 1-828
2026-08-29 09:31:56,529 INFO o.a.j.t.JMeterThread: Thread finished: Customer Index Page - 1000 Users 1-828
2026-08-29 09:31:56,614 INFO o.a.j.t.JMeterThread: Thread started: Customer Index Page - 1000 Users 1-829
2026-08-29 09:31:56,630 INFO o.a.j.t.JMeterThread: Thread is done: Customer Index Page - 1000 Users 1-829
2026-08-29 09:31:56,631 INFO o.a.j.t.JMeterThread: Thread finished: Customer Index Page - 1000 Users 1-829
2026-08-29 09:31:56,714 INFO o.a.j.t.JMeterThread: Thread started: Customer Index Page - 1000 Users 1-830
2026-08-29 09:31:56,729 INFO o.a.j.t.JMeterThread: Thread is done: Customer Index Page - 1000 Users 1-830
2026-08-29 09:31:56,731 INFO o.a.j.t.JMeterThread: Thread finished: Customer Index Page - 1000 Users 1-830
2026-08-29 09:31:56,813 INFO o.a.j.t.JMeterThread: Thread started: Customer Index Page - 1000 Users 1-831
2026-08-29 09:31:56,825 INFO o.a.j.t.JMeterThread: Thread is done: Customer Index Page - 1000 Users 1-831
2026-08-29 09:31:56,827 INFO o.a.j.t.JMeterThread: Thread finished: Customer Index Page - 1000 Users 1-831
2026-08-29 09:31:56,914 INFO o.a.j.t.JMeterThread: Thread started: Customer Index Page - 1000 Users 1-832
2026-08-29 09:31:56,926 INFO o.a.j.t.JMeterThread: Thread is done: Customer Index Page - 1000 Users 1-832
2026-08-29 09:31:56,927 INFO o.a.j.t.JMeterThread: Thread finished: Customer Index Page - 1000 Users 1-832
2026-08-29 09:31:57,013 INFO o.a.j.t.JMeterThread: Thread started: Customer Index Page - 1000 Users 1-833
2026-08-29 09:31:57,026 INFO o.a.j.t.JMeterThread: Thread is done: Customer Index Page - 1000 Users 1-833
2026-08-29 09:31:57,027 INFO o.a.j.t.JMeterThread: Thread finished: Customer Index Page - 1000 Users 1-833
2026-08-29 09:31:57,114 INFO o.a.j.t.JMeterThread: Thread started: Customer Index Page - 1000 Users 1-834
2026-08-29 09:31:57,126 INFO o.a.j.t.JMeterThread: Thread is done: Customer Index Page - 1000 Users 1-834
2026-08-29 09:31:57,128 INFO o.a.j.t.JMeterThread: Thread finished: Customer Index Page - 1000 Users 1-834
2026-08-29 09:31:57,215 INFO o.a.j.t.JMeterThread: Thread started: Customer Index Page - 1000 Users 1-835
2026-08-29 09:31:57,227 INFO o.a.j.t.JMeterThread: Thread is done: Customer Index Page - 1000 Users 1-835
2026-08-29 09:31:57,228 INFO o.a.j.t.JMeterThread: Thread finished: Customer Index Page - 1000 Users 1-835
2026-08-29 09:31:57,314 INFO o.a.j.t.JMeterThread: Thread started: Customer Index Page - 1000 Users 1-836
2026-08-29 09:31:57,325 INFO o.a.j.t.JMeterThread: Thread is done: Customer Index Page - 1000 Users 1-836
2026-08-29 09:31:57,326 INFO o.a.j.t.JMeterThread: Thread finished: Customer Index Page - 1000 Users 1-836
2026-08-29 09:31:57,414 INFO o.a.j.t.JMeterThread: Thread started: Customer Index Page - 1000 Users 1-837
2026-08-29 09:31:57,425 INFO o.a.j.t.JMeterThread: Thread is done: Customer Index Page - 1000 Users 1-837
2026-08-29 09:31:57,426 INFO o.a.j.t.JMeterThread: Thread finished: Customer Index Page - 1000 Users 1-837
2026-08-29 09:31:57,514 INFO o.a.j.t.JMeterThread: Thread started: Customer Index Page - 1000 Users 1-838
2026-08-29 09:31:57,524 INFO o.a.j.t.JMeterThread: Thread is done: Customer Index Page - 1000 Users 1-838
2026-08-29 09:31:57,525 INFO o.a.j.t.JMeterThread: Thread finished: Customer Index Page - 1000 Users 1-838
2026-08-29 09:31:57,614 INFO o.a.j.t.JMeterThread: Thread started: Customer Index Page - 1000 Users 1-839
2026-08-29 09:31:57,625 INFO o.a.j.t.JMeterThread: Thread is done: Customer Index Page - 1000 Users 1-839
2026-08-29 09:31:57,627 INFO o.a.j.t.JMeterThread: Thread finished: Customer Index Page - 1000 Users 1-839
2026-08-29 09:31:57,714 INFO o.a.j.t.JMeterThread: Thread started: Customer Index Page - 1000 Users 1-840
2026-08-29 09:31:57,728 INFO o.a.j.t.JMeterThread: Thread is done: Customer Index Page - 1000 Users 1-840
2026-08-29 09:31:57,729 INFO o.a.j.t.JMeterThread: Thread finished: Customer Index Page - 1000 Users 1-840
2026-08-29 09:31:57,813 INFO o.a.j.t.JMeterThread: Thread started: Customer Index Page - 1000 Users 1-841
2026-08-29 09:31:57,825 INFO o.a.j.t.JMeterThread: Thread is done: Customer Index Page - 1000 Users 1-841
2026-08-29 09:31:57,826 INFO o.a.j.t.JMeterThread: Thread finished: Customer Index Page - 1000 Users 1-841
2026-08-29 09:31:57,914 INFO o.a.j.t.JMeterThread: Thread started: Customer Index Page - 1000 Users 1-842
2026-08-29 09:31:57,927 INFO o.a.j.t.JMeterThread: Thread is done: Customer Index Page - 1000 Users 1-842
2026-08-29 09:31:57,929 INFO o.a.j.t.JMeterThread: Thread finished: Customer Index Page - 1000 Users 1-842
2026-08-29 09:31:58,015 INFO o.a.j.t.JMeterThread: Thread started: Customer Index Page - 1000 Users 1-843
2026-08-29 09:31:58,028 INFO o.a.j.t.JMeterThread: Thread is done: Customer Index Page - 1000 Users 1-843
2026-08-29 09:31:58,029 INFO o.a.j.t.JMeterThread: Thread finished: Customer Index Page - 1000 Users 1-843
2026-08-29 09:31:58,113 INFO o.a.j.t.JMeterThread: Thread started: Customer Index Page - 1000 Users 1-844
2026-08-29 09:31:58,124 INFO o.a.j.t.JMeterThread: Thread is done: Customer Index Page - 1000 Users 1-844
2026-08-29 09:31:58,126 INFO o.a.j.t.JMeterThread: Thread finished: Customer Index Page - 1000 Users 1-844
2026-08-29 09:31:58,215 INFO o.a.j.t.JMeterThread: Thread started: Customer Index Page - 1000 Users 1-845
2026-08-29 09:31:58,225 INFO o.a.j.t.JMeterThread: Thread is done: Customer Index Page - 1000 Users 1-845
2026-08-29 09:31:58,226 INFO o.a.j.t.JMeterThread: Thread finished: Customer Index Page - 1000 Users 1-845
2026-08-29 09:31:58,313 INFO o.a.j.t.JMeterThread: Thread started: Customer Index Page - 1000 Users 1-846
2026-08-29 09:31:58,326 INFO o.a.j.t.JMeterThread: Thread is done: Customer Index Page - 1000 Users 1-846
2026-08-29 09:31:58,328 INFO o.a.j.t.JMeterThread: Thread finished: Customer Index Page - 1000 Users 1-846
2026-08-29 09:31:58,415 INFO o.a.j.t.JMeterThread: Thread started: Customer Index Page - 1000 Users 1-847
2026-08-29 09:31:58,426 INFO o.a.j.t.JMeterThread: Thread is done: Customer Index Page - 1000 Users 1-847
2026-08-29 09:31:58,427 INFO o.a.j.t.JMeterThread: Thread finished: Customer Index Page - 1000 Users 1-847
2026-08-29 09:31:58,515 INFO o.a.j.t.JMeterThread: Thread started: Customer Index Page - 1000 Users 1-848
2026-08-29 09:31:58,530 INFO o.a.j.t.JMeterThread: Thread is done: Customer Index Page - 1000 Users 1-848
2026-08-29 09:31:58,531 INFO o.a.j.t.JMeterThread: Thread finished: Customer Index Page - 1000 Users 1-848
2026-08-29 09:31:58,614 INFO o.a.j.t.JMeterThread: Thread started: Customer Index Page - 1000 Users 1-849
2026-08-29 09:31:58,627 INFO o.a.j.t.JMeterThread: Thread is done: Customer Index Page - 1000 Users 1-849
2026-08-29 09:31:58,628 INFO o.a.j.t.JMeterThread: Thread finished: Customer Index Page - 1000 Users 1-849
2026-08-29 09:31:58,714 INFO o.a.j.t.JMeterThread: Thread started: Customer Index Page - 1000 Users 1-850
2026-08-29 09:31:58,728 INFO o.a.j.t.JMeterThread: Thread is done: Customer Index Page - 1000 Users 1-850
2026-08-29 09:31:58,729 INFO o.a.j.t.JMeterThread: Thread finished: Customer Index Page - 1000 Users 1-850
2026-08-29 09:31:58,814 INFO o.a.j.t.JMeterThread: Thread started: Customer Index Page - 1000 Users 1-851
2026-08-29 09:31:58,824 INFO o.a.j.t.JMeterThread: Thread is done: Customer Index Page - 1000 Users 1-851
2026-08-29 09:31:58,826 INFO o.a.j.t.JMeterThread: Thread finished: Customer Index Page - 1000 Users 1-851
2026-08-29 09:31:58,914 INFO o.a.j.t.JMeterThread: Thread started: Customer Index Page - 1000 Users 1-852
2026-08-29 09:31:58,924 INFO o.a.j.t.JMeterThread: Thread is done: Customer Index Page - 1000 Users 1-852
2026-08-29 09:31:58,926 INFO o.a.j.t.JMeterThread: Thread finished: Customer Index Page - 1000 Users 1-852
2026-08-29 09:31:59,014 INFO o.a.j.t.JMeterThread: Thread started: Customer Index Page - 1000 Users 1-853
2026-08-29 09:31:59,026 INFO o.a.j.t.JMeterThread: Thread is done: Customer Index Page - 1000 Users 1-853
2026-08-29 09:31:59,030 INFO o.a.j.t.JMeterThread: Thread finished: Customer Index Page - 1000 Users 1-853
2026-08-29 09:31:59,114 INFO o.a.j.t.JMeterThread: Thread started: Customer Index Page - 1000 Users 1-854
2026-08-29 09:31:59,125 INFO o.a.j.t.JMeterThread: Thread is done: Customer Index Page - 1000 Users 1-854
2026-08-29 09:31:59,126 INFO o.a.j.t.JMeterThread: Thread finished: Customer Index Page - 1000 Users 1-854
2026-08-29 09:31:59,214 INFO o.a.j.t.JMeterThread: Thread started: Customer Index Page - 1000 Users 1-855
2026-08-29 09:31:59,227 INFO o.a.j.t.JMeterThread: Thread is done: Customer Index Page - 1000 Users 1-855
2026-08-29 09:31:59,228 INFO o.a.j.t.JMeterThread: Thread finished: Customer Index Page - 1000 Users 1-855
2026-08-29 09:31:59,315 INFO o.a.j.t.JMeterThread: Thread started: Customer Index Page - 1000 Users 1-856
2026-08-29 09:31:59,325 INFO o.a.j.t.JMeterThread: Thread is done: Customer Index Page - 1000 Users 1-856
2026-08-29 09:31:59,327 INFO o.a.j.t.JMeterThread: Thread finished: Customer Index Page - 1000 Users 1-856
2026-08-29 09:31:59,414 INFO o.a.j.t.JMeterThread: Thread started: Customer Index Page - 1000 Users 1-857
2026-08-29 09:31:59,429 INFO o.a.j.t.JMeterThread: Thread is done: Customer Index Page - 1000 Users 1-857
2026-08-29 09:31:59,430 INFO o.a.j.t.JMeterThread: Thread finished: Customer Index Page - 1000 Users 1-857
2026-08-29 09:31:59,514 INFO o.a.j.t.JMeterThread: Thread started: Customer Index Page - 1000 Users 1-858
2026-08-29 09:31:59,526 INFO o.a.j.t.JMeterThread: Thread is done: Customer Index Page - 1000 Users 1-858
2026-08-29 09:31:59,527 INFO o.a.j.t.JMeterThread: Thread finished: Customer Index Page - 1000 Users 1-858
2026-08-29 09:31:59,614 INFO o.a.j.t.JMeterThread: Thread started: Customer Index Page - 1000 Users 1-859
2026-08-29 09:31:59,626 INFO o.a.j.t.JMeterThread: Thread is done: Customer Index Page - 1000 Users 1-859
2026-08-29 09:31:59,628 INFO o.a.j.t.JMeterThread: Thread finished: Customer Index Page - 1000 Users 1-859
2026-08-29 09:31:59,713 INFO o.a.j.t.JMeterThread: Thread started: Customer Index Page - 1000 Users 1-860
2026-08-29 09:31:59,725 INFO o.a.j.t.JMeterThread: Thread is done: Customer Index Page - 1000 Users 1-860
2026-08-29 09:31:59,727 INFO o.a.j.t.JMeterThread: Thread finished: Customer Index Page - 1000 Users 1-860
2026-08-29 09:31:59,814 INFO o.a.j.t.JMeterThread: Thread started: Customer Index Page - 1000 Users 1-861
2026-08-29 09:31:59,825 INFO o.a.j.t.JMeterThread: Thread is done: Customer Index Page - 1000 Users 1-861
2026-08-29 09:31:59,827 INFO o.a.j.t.JMeterThread: Thread finished: Customer Index Page - 1000 Users 1-861
2026-08-29 09:31:59,913 INFO o.a.j.t.JMeterThread: Thread started: Customer Index Page - 1000 Users 1-862
2026-08-29 09:31:59,925 INFO o.a.j.t.JMeterThread: Thread is done: Customer Index Page - 1000 Users 1-862
2026-08-29 09:31:59,926 INFO o.a.j.t.JMeterThread: Thread finished: Customer Index Page - 1000 Users 1-862
2026-08-29 09:32:00,013 INFO o.a.j.t.JMeterThread: Thread started: Customer Index Page - 1000 Users 1-863
2026-08-29 09:32:00,018 INFO o.a.j.r.Summariser: summary +    600 in 00:00:30 =   20.0/s Avg:     4 Min:     1 Max:    24 Err:     0 (0.00%) Active: 1 Started: 863 Finished: 862
2026-08-29 09:32:00,020 INFO o.a.j.r.Summariser: summary =   1725 in 00:01:26 =   20.0/s Avg:     7 Min:     1 Max:   127 Err:     0 (0.00%)
2026-08-29 09:32:00,030 INFO o.a.j.t.JMeterThread: Thread is done: Customer Index Page - 1000 Users 1-863
2026-08-29 09:32:00,031 INFO o.a.j.t.JMeterThread: Thread finished: Customer Index Page - 1000 Users 1-863
2026-08-29 09:32:00,114 INFO o.a.j.t.JMeterThread: Thread started: Customer Index Page - 1000 Users 1-864
2026-08-29 09:32:00,125 INFO o.a.j.t.JMeterThread: Thread is done: Customer Index Page - 1000 Users 1-864
2026-08-29 09:32:00,127 INFO o.a.j.t.JMeterThread: Thread finished: Customer Index Page - 1000 Users 1-864
2026-08-29 09:32:00,214 INFO o.a.j.t.JMeterThread: Thread started: Customer Index Page - 1000 Users 1-865
2026-08-29 09:32:00,224 INFO o.a.j.t.JMeterThread: Thread is done: Customer Index Page - 1000 Users 1-865
2026-08-29 09:32:00,226 INFO o.a.j.t.JMeterThread: Thread finished: Customer Index Page - 1000 Users 1-865
2026-08-29 09:32:00,314 INFO o.a.j.t.JMeterThread: Thread started: Customer Index Page - 1000 Users 1-866
2026-08-29 09:32:00,326 INFO o.a.j.t.JMeterThread: Thread is done: Customer Index Page - 1000 Users 1-866
2026-08-29 09:32:00,327 INFO o.a.j.t.JMeterThread: Thread finished: Customer Index Page - 1000 Users 1-866
2026-08-29 09:32:00,413 INFO o.a.j.t.JMeterThread: Thread started: Customer Index Page - 1000 Users 1-867
2026-08-29 09:32:00,425 INFO o.a.j.t.JMeterThread: Thread is done: Customer Index Page - 1000 Users 1-867
2026-08-29 09:32:00,426 INFO o.a.j.t.JMeterThread: Thread finished: Customer Index Page - 1000 Users 1-867
2026-08-29 09:32:00,514 INFO o.a.j.t.JMeterThread: Thread started: Customer Index Page - 1000 Users 1-868
2026-08-29 09:32:00,524 INFO o.a.j.t.JMeterThread: Thread is done: Customer Index Page - 1000 Users 1-868
2026-08-29 09:32:00,526 INFO o.a.j.t.JMeterThread: Thread finished: Customer Index Page - 1000 Users 1-868
2026-08-29 09:32:00,613 INFO o.a.j.t.JMeterThread: Thread started: Customer Index Page - 1000 Users 1-869
2026-08-29 09:32:00,624 INFO o.a.j.t.JMeterThread: Thread is done: Customer Index Page - 1000 Users 1-869
2026-08-29 09:32:00,626 INFO o.a.j.t.JMeterThread: Thread finished: Customer Index Page - 1000 Users 1-869
2026-08-29 09:32:00,714 INFO o.a.j.t.JMeterThread: Thread started: Customer Index Page - 1000 Users 1-870
2026-08-29 09:32:00,727 INFO o.a.j.t.JMeterThread: Thread is done: Customer Index Page - 1000 Users 1-870
2026-08-29 09:32:00,728 INFO o.a.j.t.JMeterThread: Thread finished: Customer Index Page - 1000 Users 1-870
2026-08-29 09:32:00,813 INFO o.a.j.t.JMeterThread: Thread started: Customer Index Page - 1000 Users 1-871
2026-08-29 09:32:00,826 INFO o.a.j.t.JMeterThread: Thread is done: Customer Index Page - 1000 Users 1-871
2026-08-29 09:32:00,827 INFO o.a.j.t.JMeterThread: Thread finished: Customer Index Page - 1000 Users 1-871
2026-08-29 09:32:00,914 INFO o.a.j.t.JMeterThread: Thread started: Customer Index Page - 1000 Users 1-872
2026-08-29 09:32:00,924 INFO o.a.j.t.JMeterThread: Thread is done: Customer Index Page - 1000 Users 1-872
2026-08-29 09:32:00,926 INFO o.a.j.t.JMeterThread: Thread finished: Customer Index Page - 1000 Users 1-872
2026-08-29 09:32:01,014 INFO o.a.j.t.JMeterThread: Thread started: Customer Index Page - 1000 Users 1-873
2026-08-29 09:32:01,024 INFO o.a.j.t.JMeterThread: Thread is done: Customer Index Page - 1000 Users 1-873
2026-08-29 09:32:01,025 INFO o.a.j.t.JMeterThread: Thread finished: Customer Index Page - 1000 Users 1-873
2026-08-29 09:32:01,114 INFO o.a.j.t.JMeterThread: Thread started: Customer Index Page - 1000 Users 1-874
2026-08-29 09:32:01,125 INFO o.a.j.t.JMeterThread: Thread is done: Customer Index Page - 1000 Users 1-874
2026-08-29 09:32:01,126 INFO o.a.j.t.JMeterThread: Thread finished: Customer Index Page - 1000 Users 1-874
2026-08-29 09:32:01,214 INFO o.a.j.t.JMeterThread: Thread started: Customer Index Page - 1000 Users 1-875
2026-08-29 09:32:01,226 INFO o.a.j.t.JMeterThread: Thread is done: Customer Index Page - 1000 Users 1-875
2026-08-29 09:32:01,227 INFO o.a.j.t.JMeterThread: Thread finished: Customer Index Page - 1000 Users 1-875
2026-08-29 09:32:01,314 INFO o.a.j.t.JMeterThread: Thread started: Customer Index Page - 1000 Users 1-876
2026-08-29 09:32:01,325 INFO o.a.j.t.JMeterThread: Thread is done: Customer Index Page - 1000 Users 1-876
2026-08-29 09:32:01,327 INFO o.a.j.t.JMeterThread: Thread finished: Customer Index Page - 1000 Users 1-876
2026-08-29 09:32:01,414 INFO o.a.j.t.JMeterThread: Thread started: Customer Index Page - 1000 Users 1-877
2026-08-29 09:32:01,425 INFO o.a.j.t.JMeterThread: Thread is done: Customer Index Page - 1000 Users 1-877
2026-08-29 09:32:01,427 INFO o.a.j.t.JMeterThread: Thread finished: Customer Index Page - 1000 Users 1-877
2026-08-29 09:32:01,514 INFO o.a.j.t.JMeterThread: Thread started: Customer Index Page - 1000 Users 1-878
2026-08-29 09:32:01,526 INFO o.a.j.t.JMeterThread: Thread is done: Customer Index Page - 1000 Users 1-878
2026-08-29 09:32:01,528 INFO o.a.j.t.JMeterThread: Thread finished: Customer Index Page - 1000 Users 1-878
2026-08-29 09:32:01,613 INFO o.a.j.t.JMeterThread: Thread started: Customer Index Page - 1000 Users 1-879
2026-08-29 09:32:01,627 INFO o.a.j.t.JMeterThread: Thread is done: Customer Index Page - 1000 Users 1-879
2026-08-29 09:32:01,628 INFO o.a.j.t.JMeterThread: Thread finished: Customer Index Page - 1000 Users 1-879
2026-08-29 09:32:01,715 INFO o.a.j.t.JMeterThread: Thread started: Customer Index Page - 1000 Users 1-880
2026-08-29 09:32:01,726 INFO o.a.j.t.JMeterThread: Thread is done: Customer Index Page - 1000 Users 1-880
2026-08-29 09:32:01,728 INFO o.a.j.t.JMeterThread: Thread finished: Customer Index Page - 1000 Users 1-880
2026-08-29 09:32:01,813 INFO o.a.j.t.JMeterThread: Thread started: Customer Index Page - 1000 Users 1-881
2026-08-29 09:32:01,824 INFO o.a.j.t.JMeterThread: Thread is done: Customer Index Page - 1000 Users 1-881
2026-08-29 09:32:01,826 INFO o.a.j.t.JMeterThread: Thread finished: Customer Index Page - 1000 Users 1-881
2026-08-29 09:32:01,914 INFO o.a.j.t.JMeterThread: Thread started: Customer Index Page - 1000 Users 1-882
2026-08-29 09:32:01,924 INFO o.a.j.t.JMeterThread: Thread is done: Customer Index Page - 1000 Users 1-882
2026-08-29 09:32:01,926 INFO o.a.j.t.JMeterThread: Thread finished: Customer Index Page - 1000 Users 1-882
2026-08-29 09:32:02,014 INFO o.a.j.t.JMeterThread: Thread started: Customer Index Page - 1000 Users 1-883
2026-08-29 09:32:02,025 INFO o.a.j.t.JMeterThread: Thread is done: Customer Index Page - 1000 Users 1-883
2026-08-29 09:32:02,027 INFO o.a.j.t.JMeterThread: Thread finished: Customer Index Page - 1000 Users 1-883
2026-08-29 09:32:02,115 INFO o.a.j.t.JMeterThread: Thread started: Customer Index Page - 1000 Users 1-884
2026-08-29 09:32:02,126 INFO o.a.j.t.JMeterThread: Thread is done: Customer Index Page - 1000 Users 1-884
2026-08-29 09:32:02,128 INFO o.a.j.t.JMeterThread: Thread finished: Customer Index Page - 1000 Users 1-884
2026-08-29 09:32:02,213 INFO o.a.j.t.JMeterThread: Thread started: Customer Index Page - 1000 Users 1-885
2026-08-29 09:32:02,224 INFO o.a.j.t.JMeterThread: Thread is done: Customer Index Page - 1000 Users 1-885
2026-08-29 09:32:02,226 INFO o.a.j.t.JMeterThread: Thread finished: Customer Index Page - 1000 Users 1-885
2026-08-29 09:32:02,314 INFO o.a.j.t.JMeterThread: Thread started: Customer Index Page - 1000 Users 1-886
2026-08-29 09:32:02,324 INFO o.a.j.t.JMeterThread: Thread is done: Customer Index Page - 1000 Users 1-886
2026-08-29 09:32:02,325 INFO o.a.j.t.JMeterThread: Thread finished: Customer Index Page - 1000 Users 1-886
2026-08-29 09:32:02,414 INFO o.a.j.t.JMeterThread: Thread started: Customer Index Page - 1000 Users 1-887
2026-08-29 09:32:02,425 INFO o.a.j.t.JMeterThread: Thread is done: Customer Index Page - 1000 Users 1-887
2026-08-29 09:32:02,426 INFO o.a.j.t.JMeterThread: Thread finished: Customer Index Page - 1000 Users 1-887
2026-08-29 09:32:02,514 INFO o.a.j.t.JMeterThread: Thread started: Customer Index Page - 1000 Users 1-888
2026-08-29 09:32:02,527 INFO o.a.j.t.JMeterThread: Thread is done: Customer Index Page - 1000 Users 1-888
2026-08-29 09:32:02,528 INFO o.a.j.t.JMeterThread: Thread finished: Customer Index Page - 1000 Users 1-888
2026-08-29 09:32:02,613 INFO o.a.j.t.JMeterThread: Thread started: Customer Index Page - 1000 Users 1-889
2026-08-29 09:32:02,625 INFO o.a.j.t.JMeterThread: Thread is done: Customer Index Page - 1000 Users 1-889
2026-08-29 09:32:02,626 INFO o.a.j.t.JMeterThread: Thread finished: Customer Index Page - 1000 Users 1-889
2026-08-29 09:32:02,714 INFO o.a.j.t.JMeterThread: Thread started: Customer Index Page - 1000 Users 1-890
2026-08-29 09:32:02,727 INFO o.a.j.t.JMeterThread: Thread is done: Customer Index Page - 1000 Users 1-890
2026-08-29 09:32:02,728 INFO o.a.j.t.JMeterThread: Thread finished: Customer Index Page - 1000 Users 1-890
2026-08-29 09:32:02,814 INFO o.a.j.t.JMeterThread: Thread started: Customer Index Page - 1000 Users 1-891
2026-08-29 09:32:02,827 INFO o.a.j.t.JMeterThread: Thread is done: Customer Index Page - 1000 Users 1-891
2026-08-29 09:32:02,828 INFO o.a.j.t.JMeterThread: Thread finished: Customer Index Page - 1000 Users 1-891
2026-08-29 09:32:02,915 INFO o.a.j.t.JMeterThread: Thread started: Customer Index Page - 1000 Users 1-892
2026-08-29 09:32:02,929 INFO o.a.j.t.JMeterThread: Thread is done: Customer Index Page - 1000 Users 1-892
2026-08-29 09:32:02,930 INFO o.a.j.t.JMeterThread: Thread finished: Customer Index Page - 1000 Users 1-892
2026-08-29 09:32:03,014 INFO o.a.j.t.JMeterThread: Thread started: Customer Index Page - 1000 Users 1-893
2026-08-29 09:32:03,028 INFO o.a.j.t.JMeterThread: Thread is done: Customer Index Page - 1000 Users 1-893
2026-08-29 09:32:03,030 INFO o.a.j.t.JMeterThread: Thread finished: Customer Index Page - 1000 Users 1-893
2026-08-29 09:32:03,114 INFO o.a.j.t.JMeterThread: Thread started: Customer Index Page - 1000 Users 1-894
2026-08-29 09:32:03,127 INFO o.a.j.t.JMeterThread: Thread is done: Customer Index Page - 1000 Users 1-894
2026-08-29 09:32:03,129 INFO o.a.j.t.JMeterThread: Thread finished: Customer Index Page - 1000 Users 1-894
2026-08-29 09:32:03,214 INFO o.a.j.t.JMeterThread: Thread started: Customer Index Page - 1000 Users 1-895
2026-08-29 09:32:03,226 INFO o.a.j.t.JMeterThread: Thread is done: Customer Index Page - 1000 Users 1-895
2026-08-29 09:32:03,228 INFO o.a.j.t.JMeterThread: Thread finished: Customer Index Page - 1000 Users 1-895
2026-08-29 09:32:03,314 INFO o.a.j.t.JMeterThread: Thread started: Customer Index Page - 1000 Users 1-896
2026-08-29 09:32:03,326 INFO o.a.j.t.JMeterThread: Thread is done: Customer Index Page - 1000 Users 1-896
2026-08-29 09:32:03,328 INFO o.a.j.t.JMeterThread: Thread finished: Customer Index Page - 1000 Users 1-896
2026-08-29 09:32:03,414 INFO o.a.j.t.JMeterThread: Thread started: Customer Index Page - 1000 Users 1-897
2026-08-29 09:32:03,427 INFO o.a.j.t.JMeterThread: Thread is done: Customer Index Page - 1000 Users 1-897
2026-08-29 09:32:03,428 INFO o.a.j.t.JMeterThread: Thread finished: Customer Index Page - 1000 Users 1-897
2026-08-29 09:32:03,513 INFO o.a.j.t.JMeterThread: Thread started: Customer Index Page - 1000 Users 1-898
2026-08-29 09:32:03,529 INFO o.a.j.t.JMeterThread: Thread is done: Customer Index Page - 1000 Users 1-898
2026-08-29 09:32:03,530 INFO o.a.j.t.JMeterThread: Thread finished: Customer Index Page - 1000 Users 1-898
2026-08-29 09:32:03,614 INFO o.a.j.t.JMeterThread: Thread started: Customer Index Page - 1000 Users 1-899
2026-08-29 09:32:03,628 INFO o.a.j.t.JMeterThread: Thread is done: Customer Index Page - 1000 Users 1-899
2026-08-29 09:32:03,629 INFO o.a.j.t.JMeterThread: Thread finished: Customer Index Page - 1000 Users 1-899
2026-08-29 09:32:03,714 INFO o.a.j.t.JMeterThread: Thread started: Customer Index Page - 1000 Users 1-900
2026-08-29 09:32:03,728 INFO o.a.j.t.JMeterThread: Thread is done: Customer Index Page - 1000 Users 1-900
2026-08-29 09:32:03,729 INFO o.a.j.t.JMeterThread: Thread finished: Customer Index Page - 1000 Users 1-900
2026-08-29 09:32:03,815 INFO o.a.j.t.JMeterThread: Thread started: Customer Index Page - 1000 Users 1-901
2026-08-29 09:32:03,827 INFO o.a.j.t.JMeterThread: Thread is done: Customer Index Page - 1000 Users 1-901
2026-08-29 09:32:03,829 INFO o.a.j.t.JMeterThread: Thread finished: Customer Index Page - 1000 Users 1-901
2026-08-29 09:32:03,914 INFO o.a.j.t.JMeterThread: Thread started: Customer Index Page - 1000 Users 1-902
2026-08-29 09:32:03,931 INFO o.a.j.t.JMeterThread: Thread is done: Customer Index Page - 1000 Users 1-902
2026-08-29 09:32:03,932 INFO o.a.j.t.JMeterThread: Thread finished: Customer Index Page - 1000 Users 1-902
2026-08-29 09:32:04,014 INFO o.a.j.t.JMeterThread: Thread started: Customer Index Page - 1000 Users 1-903
2026-08-29 09:32:04,025 INFO o.a.j.t.JMeterThread: Thread is done: Customer Index Page - 1000 Users 1-903
2026-08-29 09:32:04,027 INFO o.a.j.t.JMeterThread: Thread finished: Customer Index Page - 1000 Users 1-903
2026-08-29 09:32:04,114 INFO o.a.j.t.JMeterThread: Thread started: Customer Index Page - 1000 Users 1-904
2026-08-29 09:32:04,126 INFO o.a.j.t.JMeterThread: Thread is done: Customer Index Page - 1000 Users 1-904
2026-08-29 09:32:04,127 INFO o.a.j.t.JMeterThread: Thread finished: Customer Index Page - 1000 Users 1-904
2026-08-29 09:32:04,213 INFO o.a.j.t.JMeterThread: Thread started: Customer Index Page - 1000 Users 1-905
2026-08-29 09:32:04,223 INFO o.a.j.t.JMeterThread: Thread is done: Customer Index Page - 1000 Users 1-905
2026-08-29 09:32:04,224 INFO o.a.j.t.JMeterThread: Thread finished: Customer Index Page - 1000 Users 1-905
2026-08-29 09:32:04,314 INFO o.a.j.t.JMeterThread: Thread started: Customer Index Page - 1000 Users 1-906
2026-08-29 09:32:04,326 INFO o.a.j.t.JMeterThread: Thread is done: Customer Index Page - 1000 Users 1-906
2026-08-29 09:32:04,327 INFO o.a.j.t.JMeterThread: Thread finished: Customer Index Page - 1000 Users 1-906
2026-08-29 09:32:04,414 INFO o.a.j.t.JMeterThread: Thread started: Customer Index Page - 1000 Users 1-907
2026-08-29 09:32:04,426 INFO o.a.j.t.JMeterThread: Thread is done: Customer Index Page - 1000 Users 1-907
2026-08-29 09:32:04,427 INFO o.a.j.t.JMeterThread: Thread finished: Customer Index Page - 1000 Users 1-907
2026-08-29 09:32:04,514 INFO o.a.j.t.JMeterThread: Thread started: Customer Index Page - 1000 Users 1-908
2026-08-29 09:32:04,525 INFO o.a.j.t.JMeterThread: Thread is done: Customer Index Page - 1000 Users 1-908
2026-08-29 09:32:04,526 INFO o.a.j.t.JMeterThread: Thread finished: Customer Index Page - 1000 Users 1-908
2026-08-29 09:32:04,614 INFO o.a.j.t.JMeterThread: Thread started: Customer Index Page - 1000 Users 1-909
2026-08-29 09:32:04,625 INFO o.a.j.t.JMeterThread: Thread is done: Customer Index Page - 1000 Users 1-909
2026-08-29 09:32:04,626 INFO o.a.j.t.JMeterThread: Thread finished: Customer Index Page - 1000 Users 1-909
2026-08-29 09:32:04,714 INFO o.a.j.t.JMeterThread: Thread started: Customer Index Page - 1000 Users 1-910
2026-08-29 09:32:04,727 INFO o.a.j.t.JMeterThread: Thread is done: Customer Index Page - 1000 Users 1-910
2026-08-29 09:32:04,728 INFO o.a.j.t.JMeterThread: Thread finished: Customer Index Page - 1000 Users 1-910
2026-08-29 09:32:04,814 INFO o.a.j.t.JMeterThread: Thread started: Customer Index Page - 1000 Users 1-911
2026-08-29 09:32:04,826 INFO o.a.j.t.JMeterThread: Thread is done: Customer Index Page - 1000 Users 1-911
2026-08-29 09:32:04,828 INFO o.a.j.t.JMeterThread: Thread finished: Customer Index Page - 1000 Users 1-911
2026-08-29 09:32:04,913 INFO o.a.j.t.JMeterThread: Thread started: Customer Index Page - 1000 Users 1-912
2026-08-29 09:32:04,925 INFO o.a.j.t.JMeterThread: Thread is done: Customer Index Page - 1000 Users 1-912
2026-08-29 09:32:04,926 INFO o.a.j.t.JMeterThread: Thread finished: Customer Index Page - 1000 Users 1-912
2026-08-29 09:32:05,014 INFO o.a.j.t.JMeterThread: Thread started: Customer Index Page - 1000 Users 1-913
2026-08-29 09:32:05,026 INFO o.a.j.t.JMeterThread: Thread is done: Customer Index Page - 1000 Users 1-913
2026-08-29 09:32:05,027 INFO o.a.j.t.JMeterThread: Thread finished: Customer Index Page - 1000 Users 1-913
2026-08-29 09:32:05,114 INFO o.a.j.t.JMeterThread: Thread started: Customer Index Page - 1000 Users 1-914
2026-08-29 09:32:05,125 INFO o.a.j.t.JMeterThread: Thread is done: Customer Index Page - 1000 Users 1-914
2026-08-29 09:32:05,127 INFO o.a.j.t.JMeterThread: Thread finished: Customer Index Page - 1000 Users 1-914
2026-08-29 09:32:05,214 INFO o.a.j.t.JMeterThread: Thread started: Customer Index Page - 1000 Users 1-915
2026-08-29 09:32:05,228 INFO o.a.j.t.JMeterThread: Thread is done: Customer Index Page - 1000 Users 1-915
2026-08-29 09:32:05,229 INFO o.a.j.t.JMeterThread: Thread finished: Customer Index Page - 1000 Users 1-915
2026-08-29 09:32:05,314 INFO o.a.j.t.JMeterThread: Thread started: Customer Index Page - 1000 Users 1-916
2026-08-29 09:32:05,327 INFO o.a.j.t.JMeterThread: Thread is done: Customer Index Page - 1000 Users 1-916
2026-08-29 09:32:05,330 INFO o.a.j.t.JMeterThread: Thread finished: Customer Index Page - 1000 Users 1-916
2026-08-29 09:32:05,413 INFO o.a.j.t.JMeterThread: Thread started: Customer Index Page - 1000 Users 1-917
2026-08-29 09:32:05,426 INFO o.a.j.t.JMeterThread: Thread is done: Customer Index Page - 1000 Users 1-917
2026-08-29 09:32:05,427 INFO o.a.j.t.JMeterThread: Thread finished: Customer Index Page - 1000 Users 1-917
2026-08-29 09:32:05,515 INFO o.a.j.t.JMeterThread: Thread started: Customer Index Page - 1000 Users 1-918
2026-08-29 09:32:05,527 INFO o.a.j.t.JMeterThread: Thread is done: Customer Index Page - 1000 Users 1-918
2026-08-29 09:32:05,529 INFO o.a.j.t.JMeterThread: Thread finished: Customer Index Page - 1000 Users 1-918
2026-08-29 09:32:05,614 INFO o.a.j.t.JMeterThread: Thread started: Customer Index Page - 1000 Users 1-919
2026-08-29 09:32:05,633 INFO o.a.j.t.JMeterThread: Thread is done: Customer Index Page - 1000 Users 1-919
2026-08-29 09:32:05,635 INFO o.a.j.t.JMeterThread: Thread finished: Customer Index Page - 1000 Users 1-919
2026-08-29 09:32:05,714 INFO o.a.j.t.JMeterThread: Thread started: Customer Index Page - 1000 Users 1-920
2026-08-29 09:32:05,730 INFO o.a.j.t.JMeterThread: Thread is done: Customer Index Page - 1000 Users 1-920
2026-08-29 09:32:05,731 INFO o.a.j.t.JMeterThread: Thread finished: Customer Index Page - 1000 Users 1-920
2026-08-29 09:32:05,815 INFO o.a.j.t.JMeterThread: Thread started: Customer Index Page - 1000 Users 1-921
2026-08-29 09:32:05,828 INFO o.a.j.t.JMeterThread: Thread is done: Customer Index Page - 1000 Users 1-921
2026-08-29 09:32:05,829 INFO o.a.j.t.JMeterThread: Thread finished: Customer Index Page - 1000 Users 1-921
2026-08-29 09:32:05,914 INFO o.a.j.t.JMeterThread: Thread started: Customer Index Page - 1000 Users 1-922
2026-08-29 09:32:05,927 INFO o.a.j.t.JMeterThread: Thread is done: Customer Index Page - 1000 Users 1-922
2026-08-29 09:32:05,928 INFO o.a.j.t.JMeterThread: Thread finished: Customer Index Page - 1000 Users 1-922
2026-08-29 09:32:06,015 INFO o.a.j.t.JMeterThread: Thread started: Customer Index Page - 1000 Users 1-923
2026-08-29 09:32:06,030 INFO o.a.j.t.JMeterThread: Thread is done: Customer Index Page - 1000 Users 1-923
2026-08-29 09:32:06,032 INFO o.a.j.t.JMeterThread: Thread finished: Customer Index Page - 1000 Users 1-923
2026-08-29 09:32:06,114 INFO o.a.j.t.JMeterThread: Thread started: Customer Index Page - 1000 Users 1-924
2026-08-29 09:32:06,129 INFO o.a.j.t.JMeterThread: Thread is done: Customer Index Page - 1000 Users 1-924
2026-08-29 09:32:06,130 INFO o.a.j.t.JMeterThread: Thread finished: Customer Index Page - 1000 Users 1-924
2026-08-29 09:32:06,215 INFO o.a.j.t.JMeterThread: Thread started: Customer Index Page - 1000 Users 1-925
2026-08-29 09:32:06,233 INFO o.a.j.t.JMeterThread: Thread is done: Customer Index Page - 1000 Users 1-925
2026-08-29 09:32:06,235 INFO o.a.j.t.JMeterThread: Thread finished: Customer Index Page - 1000 Users 1-925
2026-08-29 09:32:06,315 INFO o.a.j.t.JMeterThread: Thread started: Customer Index Page - 1000 Users 1-926
2026-08-29 09:32:06,333 INFO o.a.j.t.JMeterThread: Thread is done: Customer Index Page - 1000 Users 1-926
2026-08-29 09:32:06,335 INFO o.a.j.t.JMeterThread: Thread finished: Customer Index Page - 1000 Users 1-926
2026-08-29 09:32:06,414 INFO o.a.j.t.JMeterThread: Thread started: Customer Index Page - 1000 Users 1-927
2026-08-29 09:32:06,429 INFO o.a.j.t.JMeterThread: Thread is done: Customer Index Page - 1000 Users 1-927
2026-08-29 09:32:06,431 INFO o.a.j.t.JMeterThread: Thread finished: Customer Index Page - 1000 Users 1-927
2026-08-29 09:32:06,514 INFO o.a.j.t.JMeterThread: Thread started: Customer Index Page - 1000 Users 1-928
2026-08-29 09:32:06,529 INFO o.a.j.t.JMeterThread: Thread is done: Customer Index Page - 1000 Users 1-928
2026-08-29 09:32:06,531 INFO o.a.j.t.JMeterThread: Thread finished: Customer Index Page - 1000 Users 1-928
2026-08-29 09:32:06,614 INFO o.a.j.t.JMeterThread: Thread started: Customer Index Page - 1000 Users 1-929
2026-08-29 09:32:06,627 INFO o.a.j.t.JMeterThread: Thread is done: Customer Index Page - 1000 Users 1-929
2026-08-29 09:32:06,629 INFO o.a.j.t.JMeterThread: Thread finished: Customer Index Page - 1000 Users 1-929
2026-08-29 09:32:06,714 INFO o.a.j.t.JMeterThread: Thread started: Customer Index Page - 1000 Users 1-930
2026-08-29 09:32:06,731 INFO o.a.j.t.JMeterThread: Thread is done: Customer Index Page - 1000 Users 1-930
2026-08-29 09:32:06,732 INFO o.a.j.t.JMeterThread: Thread finished: Customer Index Page - 1000 Users 1-930
2026-08-29 09:32:06,816 INFO o.a.j.t.JMeterThread: Thread started: Customer Index Page - 1000 Users 1-931
2026-08-29 09:32:06,831 INFO o.a.j.t.JMeterThread: Thread is done: Customer Index Page - 1000 Users 1-931
2026-08-29 09:32:06,832 INFO o.a.j.t.JMeterThread: Thread finished: Customer Index Page - 1000 Users 1-931
2026-08-29 09:32:06,914 INFO o.a.j.t.JMeterThread: Thread started: Customer Index Page - 1000 Users 1-932
2026-08-29 09:32:06,928 INFO o.a.j.t.JMeterThread: Thread is done: Customer Index Page - 1000 Users 1-932
2026-08-29 09:32:06,930 INFO o.a.j.t.JMeterThread: Thread finished: Customer Index Page - 1000 Users 1-932
2026-08-29 09:32:07,015 INFO o.a.j.t.JMeterThread: Thread started: Customer Index Page - 1000 Users 1-933
2026-08-29 09:32:07,028 INFO o.a.j.t.JMeterThread: Thread is done: Customer Index Page - 1000 Users 1-933
2026-08-29 09:32:07,030 INFO o.a.j.t.JMeterThread: Thread finished: Customer Index Page - 1000 Users 1-933
2026-08-29 09:32:07,114 INFO o.a.j.t.JMeterThread: Thread started: Customer Index Page - 1000 Users 1-934
2026-08-29 09:32:07,127 INFO o.a.j.t.JMeterThread: Thread is done: Customer Index Page - 1000 Users 1-934
2026-08-29 09:32:07,129 INFO o.a.j.t.JMeterThread: Thread finished: Customer Index Page - 1000 Users 1-934
2026-08-29 09:32:07,214 INFO o.a.j.t.JMeterThread: Thread started: Customer Index Page - 1000 Users 1-935
2026-08-29 09:32:07,232 INFO o.a.j.t.JMeterThread: Thread is done: Customer Index Page - 1000 Users 1-935
2026-08-29 09:32:07,233 INFO o.a.j.t.JMeterThread: Thread finished: Customer Index Page - 1000 Users 1-935
2026-08-29 09:32:07,314 INFO o.a.j.t.JMeterThread: Thread started: Customer Index Page - 1000 Users 1-936
2026-08-29 09:32:07,326 INFO o.a.j.t.JMeterThread: Thread is done: Customer Index Page - 1000 Users 1-936
2026-08-29 09:32:07,330 INFO o.a.j.t.JMeterThread: Thread finished: Customer Index Page - 1000 Users 1-936
2026-08-29 09:32:07,414 INFO o.a.j.t.JMeterThread: Thread started: Customer Index Page - 1000 Users 1-937
2026-08-29 09:32:07,425 INFO o.a.j.t.JMeterThread: Thread is done: Customer Index Page - 1000 Users 1-937
2026-08-29 09:32:07,426 INFO o.a.j.t.JMeterThread: Thread finished: Customer Index Page - 1000 Users 1-937
2026-08-29 09:32:07,515 INFO o.a.j.t.JMeterThread: Thread started: Customer Index Page - 1000 Users 1-938
2026-08-29 09:32:07,525 INFO o.a.j.t.JMeterThread: Thread is done: Customer Index Page - 1000 Users 1-938
2026-08-29 09:32:07,526 INFO o.a.j.t.JMeterThread: Thread finished: Customer Index Page - 1000 Users 1-938
2026-08-29 09:32:07,614 INFO o.a.j.t.JMeterThread: Thread started: Customer Index Page - 1000 Users 1-939
2026-08-29 09:32:07,625 INFO o.a.j.t.JMeterThread: Thread is done: Customer Index Page - 1000 Users 1-939
2026-08-29 09:32:07,626 INFO o.a.j.t.JMeterThread: Thread finished: Customer Index Page - 1000 Users 1-939
2026-08-29 09:32:07,715 INFO o.a.j.t.JMeterThread: Thread started: Customer Index Page - 1000 Users 1-940
2026-08-29 09:32:07,727 INFO o.a.j.t.JMeterThread: Thread is done: Customer Index Page - 1000 Users 1-940
2026-08-29 09:32:07,728 INFO o.a.j.t.JMeterThread: Thread finished: Customer Index Page - 1000 Users 1-940
2026-08-29 09:32:07,815 INFO o.a.j.t.JMeterThread: Thread started: Customer Index Page - 1000 Users 1-941
2026-08-29 09:32:07,826 INFO o.a.j.t.JMeterThread: Thread is done: Customer Index Page - 1000 Users 1-941
2026-08-29 09:32:07,827 INFO o.a.j.t.JMeterThread: Thread finished: Customer Index Page - 1000 Users 1-941
2026-08-29 09:32:07,916 INFO o.a.j.t.JMeterThread: Thread started: Customer Index Page - 1000 Users 1-942
2026-08-29 09:32:07,931 INFO o.a.j.t.JMeterThread: Thread is done: Customer Index Page - 1000 Users 1-942
2026-08-29 09:32:07,932 INFO o.a.j.t.JMeterThread: Thread finished: Customer Index Page - 1000 Users 1-942
2026-08-29 09:32:08,014 INFO o.a.j.t.JMeterThread: Thread started: Customer Index Page - 1000 Users 1-943
2026-08-29 09:32:08,032 INFO o.a.j.t.JMeterThread: Thread is done: Customer Index Page - 1000 Users 1-943
2026-08-29 09:32:08,033 INFO o.a.j.t.JMeterThread: Thread finished: Customer Index Page - 1000 Users 1-943
2026-08-29 09:32:08,113 INFO o.a.j.t.JMeterThread: Thread started: Customer Index Page - 1000 Users 1-944
2026-08-29 09:32:08,128 INFO o.a.j.t.JMeterThread: Thread is done: Customer Index Page - 1000 Users 1-944
2026-08-29 09:32:08,130 INFO o.a.j.t.JMeterThread: Thread finished: Customer Index Page - 1000 Users 1-944
2026-08-29 09:32:08,214 INFO o.a.j.t.JMeterThread: Thread started: Customer Index Page - 1000 Users 1-945
2026-08-29 09:32:08,228 INFO o.a.j.t.JMeterThread: Thread is done: Customer Index Page - 1000 Users 1-945
2026-08-29 09:32:08,229 INFO o.a.j.t.JMeterThread: Thread finished: Customer Index Page - 1000 Users 1-945
2026-08-29 09:32:08,314 INFO o.a.j.t.JMeterThread: Thread started: Customer Index Page - 1000 Users 1-946
2026-08-29 09:32:08,328 INFO o.a.j.t.JMeterThread: Thread is done: Customer Index Page - 1000 Users 1-946
2026-08-29 09:32:08,331 INFO o.a.j.t.JMeterThread: Thread finished: Customer Index Page - 1000 Users 1-946
2026-08-29 09:32:08,415 INFO o.a.j.t.JMeterThread: Thread started: Customer Index Page - 1000 Users 1-947
2026-08-29 09:32:08,427 INFO o.a.j.t.JMeterThread: Thread is done: Customer Index Page - 1000 Users 1-947
2026-08-29 09:32:08,429 INFO o.a.j.t.JMeterThread: Thread finished: Customer Index Page - 1000 Users 1-947
2026-08-29 09:32:08,515 INFO o.a.j.t.JMeterThread: Thread started: Customer Index Page - 1000 Users 1-948
2026-08-29 09:32:08,526 INFO o.a.j.t.JMeterThread: Thread is done: Customer Index Page - 1000 Users 1-948
2026-08-29 09:32:08,527 INFO o.a.j.t.JMeterThread: Thread finished: Customer Index Page - 1000 Users 1-948
2026-08-29 09:32:08,614 INFO o.a.j.t.JMeterThread: Thread started: Customer Index Page - 1000 Users 1-949
2026-08-29 09:32:08,625 INFO o.a.j.t.JMeterThread: Thread is done: Customer Index Page - 1000 Users 1-949
2026-08-29 09:32:08,627 INFO o.a.j.t.JMeterThread: Thread finished: Customer Index Page - 1000 Users 1-949
2026-08-29 09:32:08,714 INFO o.a.j.t.JMeterThread: Thread started: Customer Index Page - 1000 Users 1-950
2026-08-29 09:32:08,727 INFO o.a.j.t.JMeterThread: Thread is done: Customer Index Page - 1000 Users 1-950
2026-08-29 09:32:08,728 INFO o.a.j.t.JMeterThread: Thread finished: Customer Index Page - 1000 Users 1-950
2026-08-29 09:32:08,815 INFO o.a.j.t.JMeterThread: Thread started: Customer Index Page - 1000 Users 1-951
2026-08-29 09:32:08,827 INFO o.a.j.t.JMeterThread: Thread is done: Customer Index Page - 1000 Users 1-951
2026-08-29 09:32:08,828 INFO o.a.j.t.JMeterThread: Thread finished: Customer Index Page - 1000 Users 1-951
2026-08-29 09:32:08,914 INFO o.a.j.t.JMeterThread: Thread started: Customer Index Page - 1000 Users 1-952
2026-08-29 09:32:08,925 INFO o.a.j.t.JMeterThread: Thread is done: Customer Index Page - 1000 Users 1-952
2026-08-29 09:32:08,927 INFO o.a.j.t.JMeterThread: Thread finished: Customer Index Page - 1000 Users 1-952
2026-08-29 09:32:09,014 INFO o.a.j.t.JMeterThread: Thread started: Customer Index Page - 1000 Users 1-953
2026-08-29 09:32:09,025 INFO o.a.j.t.JMeterThread: Thread is done: Customer Index Page - 1000 Users 1-953
2026-08-29 09:32:09,026 INFO o.a.j.t.JMeterThread: Thread finished: Customer Index Page - 1000 Users 1-953
2026-08-29 09:32:09,114 INFO o.a.j.t.JMeterThread: Thread started: Customer Index Page - 1000 Users 1-954
2026-08-29 09:32:09,126 INFO o.a.j.t.JMeterThread: Thread is done: Customer Index Page - 1000 Users 1-954
2026-08-29 09:32:09,127 INFO o.a.j.t.JMeterThread: Thread finished: Customer Index Page - 1000 Users 1-954
2026-08-29 09:32:09,214 INFO o.a.j.t.JMeterThread: Thread started: Customer Index Page - 1000 Users 1-955
2026-08-29 09:32:09,227 INFO o.a.j.t.JMeterThread: Thread is done: Customer Index Page - 1000 Users 1-955
2026-08-29 09:32:09,228 INFO o.a.j.t.JMeterThread: Thread finished: Customer Index Page - 1000 Users 1-955
2026-08-29 09:32:09,316 INFO o.a.j.t.JMeterThread: Thread started: Customer Index Page - 1000 Users 1-956
2026-08-29 09:32:09,327 INFO o.a.j.t.JMeterThread: Thread is done: Customer Index Page - 1000 Users 1-956
2026-08-29 09:32:09,328 INFO o.a.j.t.JMeterThread: Thread finished: Customer Index Page - 1000 Users 1-956
2026-08-29 09:32:09,415 INFO o.a.j.t.JMeterThread: Thread started: Customer Index Page - 1000 Users 1-957
2026-08-29 09:32:09,430 INFO o.a.j.t.JMeterThread: Thread is done: Customer Index Page - 1000 Users 1-957
2026-08-29 09:32:09,431 INFO o.a.j.t.JMeterThread: Thread finished: Customer Index Page - 1000 Users 1-957
2026-08-29 09:32:09,514 INFO o.a.j.t.JMeterThread: Thread started: Customer Index Page - 1000 Users 1-958
2026-08-29 09:32:09,524 INFO o.a.j.t.JMeterThread: Thread is done: Customer Index Page - 1000 Users 1-958
2026-08-29 09:32:09,526 INFO o.a.j.t.JMeterThread: Thread finished: Customer Index Page - 1000 Users 1-958
2026-08-29 09:32:09,614 INFO o.a.j.t.JMeterThread: Thread started: Customer Index Page - 1000 Users 1-959
2026-08-29 09:32:09,630 INFO o.a.j.t.JMeterThread: Thread is done: Customer Index Page - 1000 Users 1-959
2026-08-29 09:32:09,631 INFO o.a.j.t.JMeterThread: Thread finished: Customer Index Page - 1000 Users 1-959
2026-08-29 09:32:09,714 INFO o.a.j.t.JMeterThread: Thread started: Customer Index Page - 1000 Users 1-960
2026-08-29 09:32:09,727 INFO o.a.j.t.JMeterThread: Thread is done: Customer Index Page - 1000 Users 1-960
2026-08-29 09:32:09,729 INFO o.a.j.t.JMeterThread: Thread finished: Customer Index Page - 1000 Users 1-960
2026-08-29 09:32:09,814 INFO o.a.j.t.JMeterThread: Thread started: Customer Index Page - 1000 Users 1-961
2026-08-29 09:32:09,825 INFO o.a.j.t.JMeterThread: Thread is done: Customer Index Page - 1000 Users 1-961
2026-08-29 09:32:09,827 INFO o.a.j.t.JMeterThread: Thread finished: Customer Index Page - 1000 Users 1-961
2026-08-29 09:32:09,914 INFO o.a.j.t.JMeterThread: Thread started: Customer Index Page - 1000 Users 1-962
2026-08-29 09:32:09,928 INFO o.a.j.t.JMeterThread: Thread is done: Customer Index Page - 1000 Users 1-962
2026-08-29 09:32:09,930 INFO o.a.j.t.JMeterThread: Thread finished: Customer Index Page - 1000 Users 1-962
2026-08-29 09:32:10,014 INFO o.a.j.t.JMeterThread: Thread started: Customer Index Page - 1000 Users 1-963
2026-08-29 09:32:10,026 INFO o.a.j.t.JMeterThread: Thread is done: Customer Index Page - 1000 Users 1-963
2026-08-29 09:32:10,028 INFO o.a.j.t.JMeterThread: Thread finished: Customer Index Page - 1000 Users 1-963
2026-08-29 09:32:10,115 INFO o.a.j.t.JMeterThread: Thread started: Customer Index Page - 1000 Users 1-964
2026-08-29 09:32:10,128 INFO o.a.j.t.JMeterThread: Thread is done: Customer Index Page - 1000 Users 1-964
2026-08-29 09:32:10,129 INFO o.a.j.t.JMeterThread: Thread finished: Customer Index Page - 1000 Users 1-964
2026-08-29 09:32:10,214 INFO o.a.j.t.JMeterThread: Thread started: Customer Index Page - 1000 Users 1-965
2026-08-29 09:32:10,225 INFO o.a.j.t.JMeterThread: Thread is done: Customer Index Page - 1000 Users 1-965
2026-08-29 09:32:10,226 INFO o.a.j.t.JMeterThread: Thread finished: Customer Index Page - 1000 Users 1-965
2026-08-29 09:32:10,314 INFO o.a.j.t.JMeterThread: Thread started: Customer Index Page - 1000 Users 1-966
2026-08-29 09:32:10,324 INFO o.a.j.t.JMeterThread: Thread is done: Customer Index Page - 1000 Users 1-966
2026-08-29 09:32:10,326 INFO o.a.j.t.JMeterThread: Thread finished: Customer Index Page - 1000 Users 1-966
2026-08-29 09:32:10,415 INFO o.a.j.t.JMeterThread: Thread started: Customer Index Page - 1000 Users 1-967
2026-08-29 09:32:10,426 INFO o.a.j.t.JMeterThread: Thread is done: Customer Index Page - 1000 Users 1-967
2026-08-29 09:32:10,427 INFO o.a.j.t.JMeterThread: Thread finished: Customer Index Page - 1000 Users 1-967
2026-08-29 09:32:10,515 INFO o.a.j.t.JMeterThread: Thread started: Customer Index Page - 1000 Users 1-968
2026-08-29 09:32:10,526 INFO o.a.j.t.JMeterThread: Thread is done: Customer Index Page - 1000 Users 1-968
2026-08-29 09:32:10,528 INFO o.a.j.t.JMeterThread: Thread finished: Customer Index Page - 1000 Users 1-968
2026-08-29 09:32:10,616 INFO o.a.j.t.JMeterThread: Thread started: Customer Index Page - 1000 Users 1-969
2026-08-29 09:32:10,627 INFO o.a.j.t.JMeterThread: Thread is done: Customer Index Page - 1000 Users 1-969
2026-08-29 09:32:10,628 INFO o.a.j.t.JMeterThread: Thread finished: Customer Index Page - 1000 Users 1-969
2026-08-29 09:32:10,714 INFO o.a.j.t.JMeterThread: Thread started: Customer Index Page - 1000 Users 1-970
2026-08-29 09:32:10,724 INFO o.a.j.t.JMeterThread: Thread is done: Customer Index Page - 1000 Users 1-970
2026-08-29 09:32:10,726 INFO o.a.j.t.JMeterThread: Thread finished: Customer Index Page - 1000 Users 1-970
2026-08-29 09:32:10,813 INFO o.a.j.t.JMeterThread: Thread started: Customer Index Page - 1000 Users 1-971
2026-08-29 09:32:10,823 INFO o.a.j.t.JMeterThread: Thread is done: Customer Index Page - 1000 Users 1-971
2026-08-29 09:32:10,825 INFO o.a.j.t.JMeterThread: Thread finished: Customer Index Page - 1000 Users 1-971
2026-08-29 09:32:10,915 INFO o.a.j.t.JMeterThread: Thread started: Customer Index Page - 1000 Users 1-972
2026-08-29 09:32:10,927 INFO o.a.j.t.JMeterThread: Thread is done: Customer Index Page - 1000 Users 1-972
2026-08-29 09:32:10,928 INFO o.a.j.t.JMeterThread: Thread finished: Customer Index Page - 1000 Users 1-972
2026-08-29 09:32:11,013 INFO o.a.j.t.JMeterThread: Thread started: Customer Index Page - 1000 Users 1-973
2026-08-29 09:32:11,025 INFO o.a.j.t.JMeterThread: Thread is done: Customer Index Page - 1000 Users 1-973
2026-08-29 09:32:11,027 INFO o.a.j.t.JMeterThread: Thread finished: Customer Index Page - 1000 Users 1-973
2026-08-29 09:32:11,115 INFO o.a.j.t.JMeterThread: Thread started: Customer Index Page - 1000 Users 1-974
2026-08-29 09:32:11,127 INFO o.a.j.t.JMeterThread: Thread is done: Customer Index Page - 1000 Users 1-974
2026-08-29 09:32:11,129 INFO o.a.j.t.JMeterThread: Thread finished: Customer Index Page - 1000 Users 1-974
2026-08-29 09:32:11,214 INFO o.a.j.t.JMeterThread: Thread started: Customer Index Page - 1000 Users 1-975
2026-08-29 09:32:11,226 INFO o.a.j.t.JMeterThread: Thread is done: Customer Index Page - 1000 Users 1-975
2026-08-29 09:32:11,227 INFO o.a.j.t.JMeterThread: Thread finished: Customer Index Page - 1000 Users 1-975
2026-08-29 09:32:11,314 INFO o.a.j.t.JMeterThread: Thread started: Customer Index Page - 1000 Users 1-976
2026-08-29 09:32:11,324 INFO o.a.j.t.JMeterThread: Thread is done: Customer Index Page - 1000 Users 1-976
2026-08-29 09:32:11,326 INFO o.a.j.t.JMeterThread: Thread finished: Customer Index Page - 1000 Users 1-976
2026-08-29 09:32:11,414 INFO o.a.j.t.JMeterThread: Thread started: Customer Index Page - 1000 Users 1-977
2026-08-29 09:32:11,427 INFO o.a.j.t.JMeterThread: Thread is done: Customer Index Page - 1000 Users 1-977
2026-08-29 09:32:11,428 INFO o.a.j.t.JMeterThread: Thread finished: Customer Index Page - 1000 Users 1-977
2026-08-29 09:32:11,514 INFO o.a.j.t.JMeterThread: Thread started: Customer Index Page - 1000 Users 1-978
2026-08-29 09:32:11,526 INFO o.a.j.t.JMeterThread: Thread is done: Customer Index Page - 1000 Users 1-978
2026-08-29 09:32:11,527 INFO o.a.j.t.JMeterThread: Thread finished: Customer Index Page - 1000 Users 1-978
2026-08-29 09:32:11,614 INFO o.a.j.t.JMeterThread: Thread started: Customer Index Page - 1000 Users 1-979
2026-08-29 09:32:11,625 INFO o.a.j.t.JMeterThread: Thread is done: Customer Index Page - 1000 Users 1-979
2026-08-29 09:32:11,626 INFO o.a.j.t.JMeterThread: Thread finished: Customer Index Page - 1000 Users 1-979
2026-08-29 09:32:11,715 INFO o.a.j.t.JMeterThread: Thread started: Customer Index Page - 1000 Users 1-980
2026-08-29 09:32:11,726 INFO o.a.j.t.JMeterThread: Thread is done: Customer Index Page - 1000 Users 1-980
2026-08-29 09:32:11,727 INFO o.a.j.t.JMeterThread: Thread finished: Customer Index Page - 1000 Users 1-980
2026-08-29 09:32:11,814 INFO o.a.j.t.JMeterThread: Thread started: Customer Index Page - 1000 Users 1-981
2026-08-29 09:32:11,825 INFO o.a.j.t.JMeterThread: Thread is done: Customer Index Page - 1000 Users 1-981
2026-08-29 09:32:11,826 INFO o.a.j.t.JMeterThread: Thread finished: Customer Index Page - 1000 Users 1-981
2026-08-29 09:32:11,914 INFO o.a.j.t.JMeterThread: Thread started: Customer Index Page - 1000 Users 1-982
2026-08-29 09:32:11,925 INFO o.a.j.t.JMeterThread: Thread is done: Customer Index Page - 1000 Users 1-982
2026-08-29 09:32:11,927 INFO o.a.j.t.JMeterThread: Thread finished: Customer Index Page - 1000 Users 1-982
2026-08-29 09:32:12,014 INFO o.a.j.t.JMeterThread: Thread started: Customer Index Page - 1000 Users 1-983
2026-08-29 09:32:12,027 INFO o.a.j.t.JMeterThread: Thread is done: Customer Index Page - 1000 Users 1-983
2026-08-29 09:32:12,028 INFO o.a.j.t.JMeterThread: Thread finished: Customer Index Page - 1000 Users 1-983
2026-08-29 09:32:12,116 INFO o.a.j.t.JMeterThread: Thread started: Customer Index Page - 1000 Users 1-984
2026-08-29 09:32:12,129 INFO o.a.j.t.JMeterThread: Thread is done: Customer Index Page - 1000 Users 1-984
2026-08-29 09:32:12,130 INFO o.a.j.t.JMeterThread: Thread finished: Customer Index Page - 1000 Users 1-984
2026-08-29 09:32:12,214 INFO o.a.j.t.JMeterThread: Thread started: Customer Index Page - 1000 Users 1-985
2026-08-29 09:32:12,226 INFO o.a.j.t.JMeterThread: Thread is done: Customer Index Page - 1000 Users 1-985
2026-08-29 09:32:12,227 INFO o.a.j.t.JMeterThread: Thread finished: Customer Index Page - 1000 Users 1-985
2026-08-29 09:32:12,314 INFO o.a.j.t.JMeterThread: Thread started: Customer Index Page - 1000 Users 1-986
2026-08-29 09:32:12,324 INFO o.a.j.t.JMeterThread: Thread is done: Customer Index Page - 1000 Users 1-986
2026-08-29 09:32:12,326 INFO o.a.j.t.JMeterThread: Thread finished: Customer Index Page - 1000 Users 1-986
2026-08-29 09:32:12,415 INFO o.a.j.t.JMeterThread: Thread started: Customer Index Page - 1000 Users 1-987
2026-08-29 09:32:12,428 INFO o.a.j.t.JMeterThread: Thread is done: Customer Index Page - 1000 Users 1-987
2026-08-29 09:32:12,429 INFO o.a.j.t.JMeterThread: Thread finished: Customer Index Page - 1000 Users 1-987
2026-08-29 09:32:12,514 INFO o.a.j.t.JMeterThread: Thread started: Customer Index Page - 1000 Users 1-988
2026-08-29 09:32:12,525 INFO o.a.j.t.JMeterThread: Thread is done: Customer Index Page - 1000 Users 1-988
2026-08-29 09:32:12,526 INFO o.a.j.t.JMeterThread: Thread finished: Customer Index Page - 1000 Users 1-988
2026-08-29 09:32:12,614 INFO o.a.j.t.JMeterThread: Thread started: Customer Index Page - 1000 Users 1-989
2026-08-29 09:32:12,626 INFO o.a.j.t.JMeterThread: Thread is done: Customer Index Page - 1000 Users 1-989
2026-08-29 09:32:12,628 INFO o.a.j.t.JMeterThread: Thread finished: Customer Index Page - 1000 Users 1-989
2026-08-29 09:32:12,715 INFO o.a.j.t.JMeterThread: Thread started: Customer Index Page - 1000 Users 1-990
2026-08-29 09:32:12,727 INFO o.a.j.t.JMeterThread: Thread is done: Customer Index Page - 1000 Users 1-990
2026-08-29 09:32:12,728 INFO o.a.j.t.JMeterThread: Thread finished: Customer Index Page - 1000 Users 1-990
2026-08-29 09:32:12,814 INFO o.a.j.t.JMeterThread: Thread started: Customer Index Page - 1000 Users 1-991
2026-08-29 09:32:12,826 INFO o.a.j.t.JMeterThread: Thread is done: Customer Index Page - 1000 Users 1-991
2026-08-29 09:32:12,828 INFO o.a.j.t.JMeterThread: Thread finished: Customer Index Page - 1000 Users 1-991
2026-08-29 09:32:12,914 INFO o.a.j.t.JMeterThread: Thread started: Customer Index Page - 1000 Users 1-992
2026-08-29 09:32:12,926 INFO o.a.j.t.JMeterThread: Thread is done: Customer Index Page - 1000 Users 1-992
2026-08-29 09:32:12,928 INFO o.a.j.t.JMeterThread: Thread finished: Customer Index Page - 1000 Users 1-992
2026-08-29 09:32:13,014 INFO o.a.j.t.JMeterThread: Thread started: Customer Index Page - 1000 Users 1-993
2026-08-29 09:32:13,026 INFO o.a.j.t.JMeterThread: Thread is done: Customer Index Page - 1000 Users 1-993
2026-08-29 09:32:13,027 INFO o.a.j.t.JMeterThread: Thread finished: Customer Index Page - 1000 Users 1-993
2026-08-29 09:32:13,114 INFO o.a.j.t.JMeterThread: Thread started: Customer Index Page - 1000 Users 1-994
2026-08-29 09:32:13,129 INFO o.a.j.t.JMeterThread: Thread is done: Customer Index Page - 1000 Users 1-994
2026-08-29 09:32:13,131 INFO o.a.j.t.JMeterThread: Thread finished: Customer Index Page - 1000 Users 1-994
2026-08-29 09:32:13,214 INFO o.a.j.t.JMeterThread: Thread started: Customer Index Page - 1000 Users 1-995
2026-08-29 09:32:13,226 INFO o.a.j.t.JMeterThread: Thread is done: Customer Index Page - 1000 Users 1-995
2026-08-29 09:32:13,228 INFO o.a.j.t.JMeterThread: Thread finished: Customer Index Page - 1000 Users 1-995
2026-08-29 09:32:13,314 INFO o.a.j.t.JMeterThread: Thread started: Customer Index Page - 1000 Users 1-996
2026-08-29 09:32:13,329 INFO o.a.j.t.JMeterThread: Thread is done: Customer Index Page - 1000 Users 1-996
2026-08-29 09:32:13,330 INFO o.a.j.t.JMeterThread: Thread finished: Customer Index Page - 1000 Users 1-996
2026-08-29 09:32:13,413 INFO o.a.j.t.JMeterThread: Thread started: Customer Index Page - 1000 Users 1-997
2026-08-29 09:32:13,424 INFO o.a.j.t.JMeterThread: Thread is done: Customer Index Page - 1000 Users 1-997
2026-08-29 09:32:13,425 INFO o.a.j.t.JMeterThread: Thread finished: Customer Index Page - 1000 Users 1-997
2026-08-29 09:32:13,514 INFO o.a.j.t.JMeterThread: Thread started: Customer Index Page - 1000 Users 1-998
2026-08-29 09:32:13,525 INFO o.a.j.t.JMeterThread: Thread is done: Customer Index Page - 1000 Users 1-998
2026-08-29 09:32:13,526 INFO o.a.j.t.JMeterThread: Thread finished: Customer Index Page - 1000 Users 1-998
2026-08-29 09:32:13,614 INFO o.a.j.t.JMeterThread: Thread started: Customer Index Page - 1000 Users 1-999
2026-08-29 09:32:13,625 INFO o.a.j.t.JMeterThread: Thread is done: Customer Index Page - 1000 Users 1-999
2026-08-29 09:32:13,627 INFO o.a.j.t.JMeterThread: Thread finished: Customer Index Page - 1000 Users 1-999
2026-08-29 09:32:13,715 INFO o.a.j.t.JMeterThread: Thread started: Customer Index Page - 1000 Users 1-1000
2026-08-29 09:32:13,727 INFO o.a.j.t.JMeterThread: Thread is done: Customer Index Page - 1000 Users 1-1000
2026-08-29 09:32:13,728 INFO o.a.j.t.JMeterThread: Thread finished: Customer Index Page - 1000 Users 1-1000
2026-08-29 09:32:13,730 INFO o.a.j.e.StandardJMeterEngine: Notifying test listeners of end of test
2026-08-29 09:32:13,733 INFO o.a.j.r.Summariser: summary +    275 in 00:00:14 =   20.1/s Avg:     4 Min:     1 Max:    12 Err:     0 (0.00%) Active: 0 Started: 1000 Finished: 1000
2026-08-29 09:32:13,734 INFO o.a.j.r.Summariser: summary =   2000 in 00:01:40 =   20.0/s Avg:     6 Min:     1 Max:   127 Err:     0 (0.00%)
2026-08-29 09:32:13,736 INFO o.a.j.JMeter: Generating Dashboard
2026-08-29 09:32:13,737 INFO o.a.j.r.d.ReportGenerator: Flushing result collector before report Generation
2026-08-29 09:32:13,813 INFO o.a.j.r.p.NormalizerSampleConsumer: Using format, 'ms', to parse timeStamp field
2026-08-29 09:32:14,021 INFO o.a.j.r.p.AbstractSampleConsumer: class org.apache.jmeter.report.processor.AggregateConsumer#stopProducing(): beginDate produced 0 samples
2026-08-29 09:32:14,023 INFO o.a.j.r.p.AbstractSampleConsumer: class org.apache.jmeter.report.processor.AggregateConsumer#stopProducing(): endDate produced 0 samples
2026-08-29 09:32:14,027 INFO o.a.j.r.p.AbstractSampleConsumer: class org.apache.jmeter.report.processor.ApdexSummaryConsumer#stopProducing(): apdexSummary produced 0 samples
2026-08-29 09:32:14,029 INFO o.a.j.r.p.AbstractSampleConsumer: class org.apache.jmeter.report.processor.RequestsSummaryConsumer#stopProducing(): requestsSummary produced 0 samples
2026-08-29 09:32:14,040 INFO o.a.j.r.p.AbstractSampleConsumer: class org.apache.jmeter.report.processor.StatisticsSummaryConsumer#stopProducing(): statisticsSummary produced 0 samples
2026-08-29 09:32:14,049 INFO o.a.j.r.p.AbstractSampleConsumer: class org.apache.jmeter.report.processor.Top5ErrorsBySamplerConsumer#stopProducing(): top5ErrorsBySampler produced 0 samples
2026-08-29 09:32:14,050 INFO o.a.j.r.p.AbstractSampleConsumer: class org.apache.jmeter.report.processor.ErrorsSummaryConsumer#stopProducing(): errorsSummary produced 0 samples
2026-08-29 09:32:14,051 INFO o.a.j.r.p.AbstractSampleConsumer: class org.apache.jmeter.report.processor.graph.impl.HitsPerSecondGraphConsumer#stopProducing(): hitsPerSecond produced 0 samples
2026-08-29 09:32:14,099 INFO o.a.j.r.p.AbstractSampleConsumer: class org.apache.jmeter.report.processor.graph.impl.LatencyVSRequestGraphConsumer#stopProducing(): latencyVsRequest produced 0 samples
2026-08-29 09:32:14,101 INFO o.a.j.r.p.AbstractSampleConsumer: class org.apache.jmeter.report.processor.graph.impl.SyntheticResponseTimeDistributionGraphConsumer#stopProducing(): syntheticResponseTimeDistribution produced 0 samples
2026-08-29 09:32:14,102 INFO o.a.j.r.p.AbstractSampleConsumer: class org.apache.jmeter.report.processor.graph.impl.BytesThroughputGraphConsumer#stopProducing(): bytesThroughputOverTime produced 0 samples
2026-08-29 09:32:14,104 INFO o.a.j.r.p.AbstractSampleConsumer: class org.apache.jmeter.report.processor.graph.impl.CodesPerSecondGraphConsumer#stopProducing(): codesPerSecond produced 0 samples
2026-08-29 09:32:14,139 INFO o.a.j.r.p.AbstractSampleConsumer: class org.apache.jmeter.report.processor.graph.impl.ResponseTimeVSRequestGraphConsumer#stopProducing(): responseTimeVsRequest produced 0 samples
2026-08-29 09:32:14,141 INFO o.a.j.r.p.AbstractSampleConsumer: class org.apache.jmeter.report.processor.FilterConsumer#stopProducing(): startIntervalControlerFilter produced 14000 samples
2026-08-29 09:32:14,143 INFO o.a.j.r.p.AbstractSampleConsumer: class org.apache.jmeter.report.processor.graph.impl.TotalTPSGraphConsumer#stopProducing(): totalTPS produced 0 samples
2026-08-29 09:32:14,144 INFO o.a.j.r.p.AbstractSampleConsumer: class org.apache.jmeter.report.processor.graph.impl.ActiveThreadsGraphConsumer#stopProducing(): activeThreadsOverTime produced 0 samples
2026-08-29 09:32:14,146 INFO o.a.j.r.p.AbstractSampleConsumer: class org.apache.jmeter.report.processor.graph.impl.TimeVSThreadGraphConsumer#stopProducing(): timeVsThreads produced 0 samples
2026-08-29 09:32:14,147 INFO o.a.j.r.p.AbstractSampleConsumer: class org.apache.jmeter.report.processor.graph.impl.ResponseTimeDistributionGraphConsumer#stopProducing(): responseTimeDistribution produced 0 samples
2026-08-29 09:32:14,148 INFO o.a.j.r.p.AbstractSampleConsumer: class org.apache.jmeter.report.processor.graph.impl.TransactionsPerSecondGraphConsumer#stopProducing(): transactionsPerSecond produced 0 samples
2026-08-29 09:32:14,149 INFO o.a.j.r.p.AbstractSampleConsumer: class org.apache.jmeter.report.processor.graph.impl.ResponseTimePercentilesGraphConsumer#stopProducing(): responseTimePercentiles produced 0 samples
2026-08-29 09:32:14,154 INFO o.a.j.r.p.AbstractSampleConsumer: class org.apache.jmeter.report.processor.graph.impl.ResponseTimePercentilesOverTimeGraphConsumer#stopProducing(): responseTimePercentilesOverTime produced 0 samples
2026-08-29 09:32:14,158 INFO o.a.j.r.p.AbstractSampleConsumer: class org.apache.jmeter.report.processor.graph.impl.ResponseTimeOverTimeGraphConsumer#stopProducing(): responseTimesOverTime produced 0 samples
2026-08-29 09:32:14,159 INFO o.a.j.r.p.AbstractSampleConsumer: class org.apache.jmeter.report.processor.graph.impl.ConnectTimeOverTimeGraphConsumer#stopProducing(): connectTimeOverTime produced 0 samples
2026-08-29 09:32:14,160 INFO o.a.j.r.p.AbstractSampleConsumer: class org.apache.jmeter.report.processor.graph.impl.LatencyOverTimeGraphConsumer#stopProducing(): latenciesOverTime produced 0 samples
2026-08-29 09:32:14,162 INFO o.a.j.r.p.AbstractSampleConsumer: class org.apache.jmeter.report.processor.FilterConsumer#stopProducing(): nameFilter produced 30000 samples
2026-08-29 09:32:14,163 INFO o.a.j.r.p.AbstractSampleConsumer: class org.apache.jmeter.report.processor.FilterConsumer#stopProducing(): dateRangeFilter produced 6000 samples
2026-08-29 09:32:14,164 INFO o.a.j.r.p.AbstractSampleConsumer: class org.apache.jmeter.report.processor.NormalizerSampleConsumer#stopProducing(): normalizer produced 2000 samples
2026-08-29 09:32:14,167 INFO o.a.j.r.p.CsvFileSampleSource: produce(): 2000 samples produced in 313ms on channel 0
2026-08-29 09:32:14,168 INFO o.a.j.r.d.ReportGenerator: Exporting data using exporter:'json' of className:'org.apache.jmeter.report.dashboard.JsonExporter'
2026-08-29 09:32:14,396 INFO o.a.j.r.d.JsonExporter: Found data for consumer statisticsSummary in context
2026-08-29 09:32:14,398 INFO o.a.j.r.d.JsonExporter: Creating statistics for overall
2026-08-29 09:32:14,400 INFO o.a.j.r.d.JsonExporter: Creating statistics for other transactions
2026-08-29 09:32:14,401 INFO o.a.j.r.d.JsonExporter: Checking output folder
2026-08-29 09:32:14,407 INFO o.a.j.r.d.JsonExporter: Writing statistics JSON to /perf/html-report/statistics.json
2026-08-29 09:32:14,501 INFO o.a.j.r.d.ReportGenerator: Exporting data using exporter:'html' of className:'org.apache.jmeter.report.dashboard.HtmlTemplateExporter'
2026-08-29 09:32:14,518 INFO o.a.j.r.d.HtmlTemplateExporter: Will generate dashboard in folder: /perf/html-report
2026-08-29 09:32:14,677 INFO o.a.j.r.d.HtmlTemplateExporter: Report will be generated in: /perf/html-report, creating folder structure
2026-08-29 09:32:14,691 INFO o.a.j.r.d.TemplateVisitor: Copying folder from '/opt/apache-jmeter-5.5/bin/report-template' to '/perf/html-report', got message: /perf/html-report, found non empty folder with following content [/perf/html-report/statistics.json], will be ignored
2026-08-29 09:32:17,899 INFO o.a.j.JMeter: Dashboard generated
